Instance_number,DATE,TIME,Road_type,ENVIRONMENT,LIGHT,SURFACE_CONDITION,TRAFFIC_CONTROL,COLLISION_CLASSIFICATION,IMPACT_TYPE,Location,NO_OF_PEDESTRIANS,Cluster
377,Weekends,Night,Road,'01 - Clear','07 - Dark','06 - Ice','10 - No control','P.D. only','02 - Angle',downtown,0,cluster1
378,Weekday,Night,Road,'01 - Clear','07 - Dark','01 - Dry','10 - No control','P.D. only','99 - Other',Ottawa_west,0,cluster1
379,Weekday,Night,highway,'01 - Clear','05 - Dusk','01 - Dry','01 - Traffic signal','P.D. only','03 - Rear end',Ottawa_west,0,cluster1
380,Weekday,Mid_Night,Road,'01 - Clear','07 - Dark','01 - Dry','10 - No control','P.D. only','07 - SMV other',downtown,0,cluster4
381,Weekday,Morning,Road,'01 - Clear','07 - Dark','06 - Ice','01 - Traffic signal','P.D. only','05 - Turning movement',mid_town,0,cluster4
382,Weekday,Noon,Road,'01 - Clear','07 - Dark','01 - Dry','01 - Traffic signal','P.D. only','03 - Rear end',Ottawa_west,0,cluster4
383,Weekday,Noon,Road,'01 - Clear','03 - Dawn','01 - Dry','10 - No control','P.D. only','03 - Rear end',mid_town,0,cluster2
384,Weekday,Noon,Road,'01 - Clear','07 - Dark','01 - Dry','10 - No control','P.D. only','03 - Rear end',downtown,0,cluster1
385,Weekday,Noon,Road,'01 - Clear','03 - Dawn','06 - Ice','10 - No control','P.D. only','03 - Rear end',Ottawa_south,0,cluster1
386,Weekday,Noon,Road,'01 - Clear','03 - Dawn','01 - Dry','01 - Traffic signal','P.D. only','02 - Angle',downtown,0,cluster4
387,Weekday,Noon,Road,'01 - Clear','03 - Dawn','01 - Dry','10 - No control','P.D. only','01 - Approaching',Ottawa_west,0,cluster1
388,Weekday,Noon,Road,'01 - Clear','03 - Dawn','99 - Other','10 - No control','P.D. only','03 - Rear end',mid_town,0,cluster2
389,Weekday,Noon,Road,'01 - Clear','03 - Dawn','01 - Dry','01 - Traffic signal','P.D. only','04 - Sideswipe',Ottawa_west,0,cluster4
390,Weekday,Noon,Road,'01 - Clear','01 - Daylight','01 - Dry','10 - No control','P.D. only','07 - SMV other',downtown,0,cluster1
391,Weekday,Noon,Road,'01 - Clear','01 - Daylight','06 - Ice','10 - No control','P.D. only','03 - Rear end',mid_town,0,cluster2
392,Weekday,Noon,Road,'01 - Clear','01 - Daylight','01 - Dry','10 - No control','P.D. only','03 - Rear end',mid_town,0,cluster2
393,Weekday,Noon,Road,'01 - Clear','01 - Daylight','01 - Dry','10 - No control','P.D. only','03 - Rear end',downtown,0,cluster1
394,Weekday,Noon,Road,'01 - Clear','01 - Daylight','01 - Dry','10 - No control','P.D. only','04 - Sideswipe',mid_town,0,cluster2
395,Weekday,Noon,Road,'01 - Clear','01 - Daylight','01 - Dry','10 - No control','P.D. only','03 - Rear end',Ottawa_west,0,cluster1
396,Weekday,Noon,Road,'01 - Clear','03 - Dawn','01 - Dry','01 - Traffic signal','P.D. only','03 - Rear end',Ottawa_east,0,cluster1
397,Weekday,Noon,Road,'01 - Clear','03 - Dawn','01 - Dry','02 - Stop sign','P.D. only','02 - Angle',Ottawa_east,0,cluster1
398,Weekday,Noon,Road,'01 - Clear','01 - Daylight','01 - Dry','01 - Traffic signal','P.D. only','03 - Rear end',downtown,0,cluster1
399,Weekday,Mid_Night,Road,'01 - Clear','07 - Dark','01 - Dry','10 - No control','P.D. only','03 - Rear end',downtown,0,cluster1
400,Weekday,Noon,Road,'01 - Clear','01 - Daylight','01 - Dry','01 - Traffic signal','P.D. only','03 - Rear end',Ottawa_west,0,cluster1
401,Weekday,Noon,Road,'01 - Clear','01 - Daylight','06 - Ice','01 - Traffic signal','P.D. only','03 - Rear end',mid_town,0,cluster2
402,Weekday,Noon,Road,'01 - Clear','01 - Daylight','06 - Ice','01 - Traffic signal','P.D. only','03 - Rear end',downtown,0,cluster1
403,Weekday,Noon,Road,'01 - Clear','01 - Daylight','06 - Ice','01 - Traffic signal','P.D. only','03 - Rear end',Ottawa_east,0,cluster1
404,Weekday,Noon,Road,'01 - Clear','01 - Daylight','06 - Ice','01 - Traffic signal','P.D. only','07 - SMV other',Ottawa_west,0,cluster5
405,Weekday,Afternoon,Road,'01 - Clear','01 - Daylight','06 - Ice','10 - No control','P.D. only','03 - Rear end',Ottawa_east,0,cluster1
406,Weekday,Noon,Road,'01 - Clear','01 - Daylight','06 - Ice','01 - Traffic signal','P.D. only','03 - Rear end',mid_town,0,cluster2
407,Weekday,Noon,Road,'01 - Clear','01 - Daylight','01 - Dry','01 - Traffic signal','P.D. only','03 - Rear end',mid_town,0,cluster2
408,Weekday,Noon,Road,'01 - Clear','01 - Daylight','06 - Ice','01 - Traffic signal','P.D. only','07 - SMV other',mid_town,0,cluster5
409,Weekday,Noon,Road,'06 - Strong wind','01 - Daylight','06 - Ice','01 - Traffic signal',Injury,'03 - Rear end',mid_town,0,cluster2
410,Weekday,Noon,Road,'01 - Clear','01 - Daylight','01 - Dry','01 - Traffic signal','P.D. only','05 - Turning movement',mid_town,0,cluster2
411,Weekday,Noon,Road,'01 - Clear','01 - Daylight','05 - Packed snow','10 - No control','P.D. only','06 - SMV unattended vehicle',downtown,0,cluster1
412,Weekday,Afternoon,Road,'01 - Clear','01 - Daylight','01 - Dry','01 - Traffic signal','P.D. only','02 - Angle',Ottawa_south,0,cluster1
413,Weekday,Afternoon,Road,'01 - Clear','01 - Daylight','06 - Ice','01 - Traffic signal','P.D. only','03 - Rear end',mid_town,0,cluster2
414,Weekday,Afternoon,Road,'01 - Clear','01 - Daylight','06 - Ice','01 - Traffic signal','P.D. only','03 - Rear end',mid_town,0,cluster2
415,Weekday,Afternoon,Road,'01 - Clear','01 - Daylight','06 - Ice','02 - Stop sign','P.D. only','07 - SMV other',Ottawa_west,0,cluster5
416,Weekday,Afternoon,Road,'01 - Clear','01 - Daylight','01 - Dry','01 - Traffic signal','P.D. only','03 - Rear end',mid_town,0,cluster2
417,Weekday,Noon,Road,'01 - Clear','03 - Dawn','01 - Dry','10 - No control','P.D. only','06 - SMV unattended vehicle',Ottawa_east,0,cluster1
418,Weekday,Afternoon,highway,'01 - Clear','01 - Daylight','01 - Dry','01 - Traffic signal','P.D. only','02 - Angle',downtown,0,cluster1
419,Weekday,Afternoon,Road,'01 - Clear','01 - Daylight','01 - Dry','01 - Traffic signal',Injury,'02 - Angle',mid_town,0,cluster2
420,Weekday,Noon,Road,'01 - Clear','01 - Daylight','01 - Dry','01 - Traffic signal','P.D. only','03 - Rear end',downtown,0,cluster1
421,Weekday,Afternoon,Road,'01 - Clear','01 - Daylight','06 - Ice','01 - Traffic signal','P.D. only','03 - Rear end',downtown,0,cluster1
422,Weekday,Afternoon,Road,'01 - Clear','01 - Daylight','01 - Dry','01 - Traffic signal','P.D. only','03 - Rear end',downtown,0,cluster1
423,Weekday,Afternoon,Road,'01 - Clear','01 - Daylight','06 - Ice','01 - Traffic signal','P.D. only','03 - Rear end',downtown,1,cluster1
424,Weekday,Evening,Road,'01 - Clear','01 - Daylight','01 - Dry','10 - No control','P.D. only','99 - Other',downtown,0,cluster1
425,Weekday,Afternoon,Road,'01 - Clear','01 - Daylight','01 - Dry','01 - Traffic signal','P.D. only','02 - Angle',downtown,0,cluster1
426,Weekday,Morning,Road,'01 - Clear','07 - Dark','01 - Dry','10 - No control','P.D. only','07 - SMV other',downtown,0,cluster1
427,Weekday,Evening,Road,'01 - Clear','01 - Daylight','01 - Dry','01 - Traffic signal','P.D. only','03 - Rear end',downtown,0,cluster1
428,Weekday,Evening,Road,'01 - Clear','01 - Daylight','01 - Dry','01 - Traffic signal',Injury,'03 - Rear end',downtown,0,cluster1
429,Weekday,Evening,Road,'01 - Clear','01 - Daylight','01 - Dry','01 - Traffic signal','P.D. only','03 - Rear end',downtown,0,cluster1
430,Weekday,Evening,Road,'01 - Clear','01 - Daylight','05 - Packed snow','10 - No control','P.D. only','02 - Angle',Ottawa_south,0,cluster2
431,Weekday,Evening,Road,'01 - Clear','01 - Daylight','01 - Dry','01 - Traffic signal',Injury,'02 - Angle',downtown,0,cluster1
432,Weekday,Evening,Road,'01 - Clear','01 - Daylight','01 - Dry','01 - Traffic signal','P.D. only','05 - Turning movement',mid_town,0,cluster2
433,Weekday,Evening,Road,'01 - Clear','01 - Daylight','01 - Dry','10 - No control','P.D. only','99 - Other',Ottawa_west,0,cluster2
434,Weekday,Evening,Road,'01 - Clear','01 - Daylight','01 - Dry','01 - Traffic signal',Injury,'03 - Rear end',mid_town,0,cluster2
435,Weekday,Evening,Road,'01 - Clear','01 - Daylight','05 - Packed snow','03 - Yield sign','P.D. only','07 - SMV other',mid_town,0,cluster0
436,Weekday,Night,Road,'01 - Clear','01 - Daylight','01 - Dry','10 - No control','P.D. only','05 - Turning movement',Ottawa_east,0,cluster1
437,Weekday,Night,Road,'01 - Clear','01 - Daylight','01 - Dry','10 - No control','P.D. only','03 - Rear end',Ottawa_east,0,cluster1
438,Weekday,Night,Road,'00 - Unknown','01 - Daylight','99 - Other','10 - No control','P.D. only','03 - Rear end',mid_town,0,cluster1
439,Weekday,Night,Road,'01 - Clear','01 - Daylight','01 - Dry','01 - Traffic signal','P.D. only','05 - Turning movement',downtown,0,cluster1
440,Weekday,Evening,highway,'01 - Clear','01 - Daylight','01 - Dry','01 - Traffic signal','P.D. only','04 - Sideswipe',downtown,0,cluster1
441,Weekday,Night,Road,'01 - Clear','01 - Daylight','01 - Dry','10 - No control','P.D. only','02 - Angle',Ottawa_east,0,cluster1
442,Weekday,Night,Road,'01 - Clear','01 - Daylight','01 - Dry','10 - No control','P.D. only','05 - Turning movement',Ottawa_west,0,cluster1
443,Weekday,Night,Road,'01 - Clear','01 - Daylight','06 - Ice','10 - No control','P.D. only','05 - Turning movement',mid_town,0,cluster1
444,Weekday,Night,Road,'01 - Clear','01 - Daylight','06 - Ice','10 - No control','P.D. only','07 - SMV other',mid_town,0,cluster0
445,Weekday,Night,Road,'01 - Clear','01 - Daylight','01 - Dry','01 - Traffic signal','P.D. only','99 - Other',downtown,0,cluster1
446,Weekday,Evening,Road,'01 - Clear','01 - Daylight','05 - Packed snow','10 - No control','P.D. only','99 - Other',Ottawa_east,0,cluster2
447,Weekday,Night,highway,'01 - Clear','01 - Daylight','01 - Dry','01 - Traffic signal','P.D. only','03 - Rear end',downtown,0,cluster1
448,Weekday,Night,Road,'01 - Clear','01 - Daylight','02 - Wet','10 - No control','P.D. only','06 - SMV unattended vehicle',downtown,0,cluster1
449,Weekday,Night,Road,'01 - Clear','01 - Daylight','01 - Dry','10 - No control','P.D. only','03 - Rear end',downtown,0,cluster1
450,Weekday,Noon,Road,'01 - Clear','03 - Dawn','01 - Dry','10 - No control','P.D. only','02 - Angle',downtown,0,cluster1
451,Weekday,Evening,Road,'01 - Clear','01 - Daylight','06 - Ice','01 - Traffic signal','P.D. only','03 - Rear end',downtown,0,cluster1
452,Weekday,Night,Road,'01 - Clear','01 - Daylight','06 - Ice','01 - Traffic signal','P.D. only','03 - Rear end',mid_town,0,cluster1
453,Weekday,Night,Road,'01 - Clear','05 - Dusk','04 - Slush','01 - Traffic signal','P.D. only','01 - Approaching',downtown,0,cluster5
454,Weekday,Mid_Night,Road,'01 - Clear','07 - Dark','01 - Dry','10 - No control','P.D. only','07 - SMV other',mid_town,0,cluster2
455,Weekday,Night,Road,'01 - Clear','05 - Dusk','01 - Dry','01 - Traffic signal',Injury,'05 - Turning movement',downtown,0,cluster4
456,Weekday,Night,Road,'01 - Clear','05 - Dusk','06 - Ice','10 - No control','P.D. only','03 - Rear end',mid_town,0,cluster1
457,Weekday,Night,highway,'00 - Unknown','05 - Dusk','05 - Packed snow','10 - No control','P.D. only','03 - Rear end',mid_town,0,cluster1
458,Weekday,Night,Road,'01 - Clear','05 - Dusk','01 - Dry','10 - No control','P.D. only','07 - SMV other',downtown,0,cluster1
459,Weekday,Night,Road,'01 - Clear','05 - Dusk','01 - Dry','10 - No control','P.D. only','03 - Rear end',mid_town,0,cluster1
460,Weekday,Night,Road,'01 - Clear','05 - Dusk','01 - Dry','10 - No control','P.D. only','99 - Other',Ottawa_west,0,cluster1
461,Weekday,Night,Road,'01 - Clear','05 - Dusk','06 - Ice','10 - No control','P.D. only','03 - Rear end',mid_town,0,cluster1
462,Weekday,Night,Road,'01 - Clear','07 - Dark','01 - Dry','01 - Traffic signal','P.D. only','05 - Turning movement',downtown,0,cluster4
463,Weekday,Mid_Night,Road,'01 - Clear','00 - Unknown','05 - Packed snow','10 - No control','P.D. only','06 - SMV unattended vehicle',Ottawa_south,0,cluster1
464,Weekday,Night,Road,'01 - Clear','07 - Dark','01 - Dry','01 - Traffic signal',Injury,'07 - SMV other',Ottawa_south,1,cluster4
465,Weekday,Night,Road,'01 - Clear','05 - Dusk','01 - Dry','10 - No control','P.D. only','04 - Sideswipe',downtown,0,cluster1
466,Weekday,Night,Road,'01 - Clear','07 - Dark','06 - Ice','01 - Traffic signal','P.D. only','03 - Rear end',mid_town,0,cluster1
467,Weekends,Night,Road,'01 - Clear','01 - Daylight','01 - Dry','01 - Traffic signal','P.D. only','03 - Rear end',mid_town,0,cluster1
468,Weekday,Mid_Night,Road,'01 - Clear','07 - Dark','01 - Dry','10 - No control','P.D. only','06 - SMV unattended vehicle',downtown,0,cluster4
469,Weekday,Night,Road,'01 - Clear','05 - Dusk','02 - Wet','01 - Traffic signal','P.D. only','03 - Rear end',mid_town,0,cluster5
470,Weekday,Mid_Night,Road,'01 - Clear','07 - Dark','06 - Ice','01 - Traffic signal','P.D. only','03 - Rear end',mid_town,0,cluster4
471,Weekday,Mid_Night,Road,'01 - Clear','07 - Dark','06 - Ice','10 - No control','P.D. only','03 - Rear end',Ottawa_east,0,cluster1
472,Weekday,Night,Road,'01 - Clear','01 - Daylight','01 - Dry','10 - No control','P.D. only','02 - Angle',downtown,0,cluster1
473,Weekday,Night,highway,'01 - Clear','07 - Dark','01 - Dry','01 - Traffic signal','P.D. only','03 - Rear end',Ottawa_west,0,cluster1
474,Weekday,Mid_Night,Road,'01 - Clear','07 - Dark','05 - Packed snow','10 - No control','P.D. only','06 - SMV unattended vehicle',downtown,0,cluster4
475,Weekday,Evening,Road,'01 - Clear','01 - Daylight','01 - Dry','10 - No control',Injury,'07 - SMV other',mid_town,1,cluster2
476,Weekday,Afternoon,Road,'01 - Clear','01 - Daylight','01 - Dry','01 - Traffic signal','P.D. only','03 - Rear end',mid_town,0,cluster2
477,Weekends,Mid_Night,Road,'03 - Snow','07 - Dark','03 - Loose snow','01 - Traffic signal','P.D. only','07 - SMV other',mid_town,0,cluster0
478,Weekday,Mid_Night,Road,'03 - Snow','07 - Dark','03 - Loose snow','10 - No control','P.D. only','01 - Approaching',mid_town,0,cluster0
479,Weekends,Night,Road,'01 - Clear','07 - Dark','04 - Slush','10 - No control','P.D. only','03 - Rear end',downtown,0,cluster1
480,Weekday,Evening,Road,'01 - Clear','01 - Daylight','02 - Wet','10 - No control','P.D. only','02 - Angle',downtown,0,cluster3
481,Weekday,Evening,Road,'01 - Clear','01 - Daylight','02 - Wet','01 - Traffic signal','P.D. only','05 - Turning movement',downtown,0,cluster5
482,Weekday,Mid_Night,Road,'01 - Clear','07 - Dark','01 - Dry','01 - Traffic signal','P.D. only','05 - Turning movement',Ottawa_east,0,cluster4
483,Weekends,Early_Morning,Road,'03 - Snow','07 - Dark','03 - Loose snow','10 - No control','P.D. only','07 - SMV other',Ottawa_west,0,cluster0
484,Weekends,Mid_Night,Road,'01 - Clear','07 - Dark','06 - Ice','10 - No control','P.D. only','07 - SMV other',mid_town,0,cluster0
485,Weekday,Night,Road,'01 - Clear','01 - Daylight','02 - Wet','01 - Traffic signal','P.D. only','02 - Angle',downtown,0,cluster5
486,Weekday,Evening,Road,'01 - Clear','01 - Daylight','02 - Wet','02 - Stop sign',Injury,'07 - SMV other',downtown,1,cluster5
487,Weekday,Mid_Night,Road,'03 - Snow','07 - Dark','03 - Loose snow','01 - Traffic signal','P.D. only','02 - Angle',downtown,0,cluster4
488,Weekends,Early_Morning,Road,'03 - Snow','07 - Dark','03 - Loose snow','01 - Traffic signal','P.D. only','03 - Rear end',downtown,0,cluster3
489,Weekday,Mid_Night,Road,'01 - Clear','07 - Dark','01 - Dry','02 - Stop sign','P.D. only','02 - Angle',downtown,0,cluster4
490,Weekends,Night,Road,'01 - Clear','07 - Dark','06 - Ice','10 - No control',Injury,'07 - SMV other',downtown,1,cluster1
491,Weekday,Night,Road,'01 - Clear','05 - Dusk','02 - Wet','10 - No control','P.D. only','03 - Rear end',Ottawa_east,0,cluster1
492,Weekday,Mid_Night,Road,'03 - Snow','07 - Dark','03 - Loose snow','10 - No control','P.D. only','07 - SMV other',downtown,0,cluster0
493,Weekends,Early_Morning,Road,'03 - Snow','07 - Dark','04 - Slush','01 - Traffic signal','P.D. only','03 - Rear end',downtown,0,cluster3
494,Weekday,Night,Road,'01 - Clear','01 - Daylight','01 - Dry','01 - Traffic signal','P.D. only','05 - Turning movement',Ottawa_east,0,cluster1
495,Weekends,Mid_Night,Road,'01 - Clear','07 - Dark','06 - Ice','10 - No control','P.D. only','02 - Angle',Ottawa_south,0,cluster3
496,Weekday,Night,Road,'01 - Clear','05 - Dusk','01 - Dry','10 - No control','P.D. only','03 - Rear end',mid_town,0,cluster1
497,Weekday,Early_Morning,Road,'05 - Drifting Snow','07 - Dark','02 - Wet','01 - Traffic signal',Injury,'07 - SMV other',mid_town,0,cluster5
498,Weekends,Early_Morning,Road,'03 - Snow','07 - Dark','03 - Loose snow','01 - Traffic signal','P.D. only','02 - Angle',downtown,0,cluster4
499,Weekday,Mid_Night,Road,'01 - Clear','07 - Dark','04 - Slush','10 - No control','P.D. only','06 - SMV unattended vehicle',downtown,0,cluster4
500,Weekday,Noon,Road,'01 - Clear','03 - Dawn','01 - Dry','10 - No control','P.D. only','03 - Rear end',downtown,0,cluster1
501,Weekday,Mid_Night,Road,'02 - Rain','07 - Dark','05 - Packed snow','01 - Traffic signal','P.D. only','02 - Angle',Ottawa_east,0,cluster4
502,Weekday,Night,Road,'01 - Clear','01 - Daylight','02 - Wet','10 - No control','P.D. only','03 - Rear end',mid_town,0,cluster1
503,Weekday,Night,Road,'01 - Clear','05 - Dusk','02 - Wet','02 - Stop sign','P.D. only','02 - Angle',mid_town,0,cluster5
504,Weekday,Noon,Road,'01 - Clear','07 - Dark','02 - Wet','10 - No control',Injury,'07 - SMV other',mid_town,1,cluster0
505,Weekends,Morning,Road,'03 - Snow','07 - Dark','03 - Loose snow','01 - Traffic signal','P.D. only','05 - Turning movement',downtown,0,cluster4
506,Weekday,Noon,Road,'01 - Clear','03 - Dawn','02 - Wet','01 - Traffic signal',Injury,'05 - Turning movement',Ottawa_west,0,cluster4
507,Weekday,Mid_Night,Road,'01 - Clear','07 - Dark','05 - Packed snow','10 - No control','P.D. only','07 - SMV other',downtown,0,cluster4
508,Weekday,Night,Road,'01 - Clear','05 - Dusk','02 - Wet','01 - Traffic signal',Injury,'07 - SMV other',Ottawa_east,1,cluster5
509,Weekday,Mid_Night,Road,'01 - Clear','00 - Unknown','01 - Dry','01 - Traffic signal','P.D. only','03 - Rear end',downtown,0,cluster4
510,Weekday,Night,Road,'01 - Clear','05 - Dusk','02 - Wet','01 - Traffic signal','P.D. only','03 - Rear end',downtown,0,cluster5
511,Weekday,Night,Road,'01 - Clear','07 - Dark','02 - Wet','10 - No control','P.D. only','07 - SMV other',Ottawa_west,0,cluster5
512,Weekday,Night,Road,'03 - Snow','05 - Dusk','04 - Slush','01 - Traffic signal','P.D. only','03 - Rear end',mid_town,0,cluster0
513,Weekday,Night,Road,'01 - Clear','05 - Dusk','04 - Slush','10 - No control','P.D. only','06 - SMV unattended vehicle',Ottawa_south,0,cluster1
514,Weekday,Evening,Road,'01 - Clear','01 - Daylight','02 - Wet','01 - Traffic signal','P.D. only','03 - Rear end',downtown,0,cluster3
515,Weekday,Night,Road,'01 - Clear','07 - Dark','03 - Loose snow','10 - No control',Injury,'07 - SMV other',downtown,1,cluster1
516,Weekday,Mid_Night,Road,'01 - Clear','07 - Dark','02 - Wet','10 - No control','P.D. only','06 - SMV unattended vehicle',downtown,0,cluster4
517,Weekday,Night,Road,'01 - Clear','07 - Dark','04 - Slush','01 - Traffic signal','P.D. only','04 - Sideswipe',downtown,0,cluster4
518,Weekday,Night,Road,'01 - Clear','07 - Dark','02 - Wet','02 - Stop sign',Injury,'02 - Angle',Ottawa_south,0,cluster5
519,Weekday,Night,Road,'01 - Clear','01 - Daylight','01 - Dry','01 - Traffic signal','P.D. only','05 - Turning movement',downtown,0,cluster1
520,Weekday,Mid_Night,Road,'01 - Clear','07 - Dark','02 - Wet','02 - Stop sign','P.D. only','02 - Angle',mid_town,0,cluster4
521,Weekday,Mid_Night,Road,'01 - Clear','07 - Dark','02 - Wet','02 - Stop sign','P.D. only','02 - Angle',Ottawa_west,0,cluster4
522,Weekday,Mid_Night,Road,'01 - Clear','07 - Dark','01 - Dry','01 - Traffic signal','P.D. only','02 - Angle',Ottawa_east,0,cluster4
523,Weekday,Noon,Road,'01 - Clear','03 - Dawn','02 - Wet','02 - Stop sign','P.D. only','03 - Rear end',mid_town,0,cluster2
524,Weekday,Noon,Road,'01 - Clear','03 - Dawn','02 - Wet','10 - No control','P.D. only','04 - Sideswipe',downtown,0,cluster1
525,Weekday,Noon,Road,'01 - Clear','01 - Daylight','06 - Ice','10 - No control','P.D. only','07 - SMV other',Ottawa_south,0,cluster0
526,Weekday,Noon,Road,'01 - Clear','01 - Daylight','02 - Wet','01 - Traffic signal','P.D. only','06 - SMV unattended vehicle',downtown,0,cluster5
527,Weekday,Noon,Road,'01 - Clear','01 - Daylight','02 - Wet','10 - No control','P.D. only','03 - Rear end',downtown,0,cluster1
528,Weekday,Evening,Road,'01 - Clear','01 - Daylight','02 - Wet','01 - Traffic signal','P.D. only','02 - Angle',downtown,0,cluster5
529,Weekday,Afternoon,Road,'01 - Clear','01 - Daylight','02 - Wet','01 - Traffic signal','P.D. only','03 - Rear end',Ottawa_west,0,cluster5
530,Weekday,Afternoon,highway,'01 - Clear','01 - Daylight','01 - Dry','10 - No control','P.D. only','04 - Sideswipe',mid_town,0,cluster2
531,Weekday,Mid_Night,Road,'01 - Clear','07 - Dark','02 - Wet','10 - No control','P.D. only','07 - SMV other',Ottawa_south,0,cluster4
532,Weekday,Noon,Road,'07 - Fog/mist/smoke/dust','07 - Dark','01 - Dry','10 - No control','P.D. only','07 - SMV other',Ottawa_west,0,cluster0
533,Weekday,Noon,Road,'01 - Clear','01 - Daylight','02 - Wet','10 - No control',Injury,'04 - Sideswipe',mid_town,0,cluster2
534,Weekday,Afternoon,Road,'01 - Clear','01 - Daylight','02 - Wet','10 - No control','P.D. only','02 - Angle',mid_town,0,cluster2
535,Weekday,Afternoon,Road,'01 - Clear','01 - Daylight','02 - Wet','01 - Traffic signal',Injury,'07 - SMV other',downtown,1,cluster5
536,Weekday,Noon,Road,'01 - Clear','03 - Dawn','02 - Wet','10 - No control','P.D. only','06 - SMV unattended vehicle',downtown,0,cluster1
537,Weekday,Noon,Road,'01 - Clear','01 - Daylight','06 - Ice','10 - No control',Injury,'03 - Rear end',mid_town,0,cluster2
538,Weekday,Evening,Road,'01 - Clear','01 - Daylight','01 - Dry','01 - Traffic signal','P.D. only','03 - Rear end',downtown,0,cluster1
539,Weekday,Evening,Road,'01 - Clear','01 - Daylight','01 - Dry','10 - No control','P.D. only','02 - Angle',Ottawa_south,0,cluster2
540,Weekday,Noon,Road,'01 - Clear','01 - Daylight','02 - Wet','10 - No control','P.D. only','06 - SMV unattended vehicle',mid_town,0,cluster2
541,Weekday,Evening,Road,'01 - Clear','01 - Daylight','02 - Wet','10 - No control','P.D. only','03 - Rear end',downtown,0,cluster3
542,Weekday,Afternoon,Road,'01 - Clear','01 - Daylight','05 - Packed snow','10 - No control','P.D. only','02 - Angle',mid_town,0,cluster2
543,Weekday,Evening,Road,'01 - Clear','01 - Daylight','02 - Wet','01 - Traffic signal','P.D. only','03 - Rear end',downtown,0,cluster3
544,Weekday,Night,Road,'01 - Clear','05 - Dusk','02 - Wet','02 - Stop sign','P.D. only','02 - Angle',downtown,0,cluster5
545,Weekday,Evening,Road,'01 - Clear','01 - Daylight','01 - Dry','02 - Stop sign','P.D. only','07 - SMV other',Ottawa_west,0,cluster2
546,Weekday,Night,Road,'01 - Clear','05 - Dusk','02 - Wet','01 - Traffic signal','P.D. only','03 - Rear end',mid_town,0,cluster5
547,Weekday,Night,Road,'01 - Clear','07 - Dark','01 - Dry','01 - Traffic signal','P.D. only','05 - Turning movement',downtown,0,cluster4
548,Weekday,Mid_Night,Road,'04 - Freezing Rain','07 - Dark','02 - Wet','10 - No control','P.D. only','02 - Angle',mid_town,0,cluster0
549,Weekday,Night,Road,'01 - Clear','05 - Dusk','01 - Dry','01 - Traffic signal','P.D. only','99 - Other',Ottawa_west,0,cluster1
550,Weekday,Mid_Night,Road,'03 - Snow','07 - Dark','03 - Loose snow','10 - No control','P.D. only','04 - Sideswipe',Ottawa_south,0,cluster0
551,Weekday,Mid_Night,Road,'02 - Rain','07 - Dark','02 - Wet','01 - Traffic signal',Injury,'07 - SMV other',downtown,1,cluster4
552,Weekday,Mid_Night,Road,'01 - Clear','07 - Dark','02 - Wet','02 - Stop sign',Injury,'07 - SMV other',mid_town,0,cluster4
553,Weekday,Mid_Night,Road,'04 - Freezing Rain','07 - Dark','06 - Ice','10 - No control','P.D. only','07 - SMV other',Ottawa_south,0,cluster0
554,Weekday,Morning,Road,'01 - Clear','07 - Dark','06 - Ice','10 - No control','P.D. only','07 - SMV other',Ottawa_south,0,cluster0
555,Weekday,Morning,highway,'01 - Clear','07 - Dark','06 - Ice','01 - Traffic signal',Injury,'02 - Angle',mid_town,0,cluster4
556,Weekday,Morning,Road,'01 - Clear','07 - Dark','02 - Wet','10 - No control','P.D. only','07 - SMV other',Ottawa_south,0,cluster5
557,Weekday,Mid_Night,Road,'01 - Clear','00 - Unknown','06 - Ice','10 - No control','P.D. only','06 - SMV unattended vehicle',Ottawa_west,0,cluster1
558,Weekday,Night,Road,'01 - Clear','05 - Dusk','02 - Wet','10 - No control','P.D. only','07 - SMV other',Ottawa_west,0,cluster5
559,Weekday,Noon,Road,'01 - Clear','03 - Dawn','06 - Ice','07 - School bus','P.D. only','03 - Rear end',Ottawa_west,0,cluster1
560,Weekday,Noon,Road,'04 - Freezing Rain','01 - Daylight','06 - Ice','01 - Traffic signal','P.D. only','03 - Rear end',downtown,0,cluster1
561,Weekday,Noon,Road,'01 - Clear','01 - Daylight','05 - Packed snow','10 - No control','P.D. only','99 - Other',mid_town,0,cluster2
562,Weekday,Noon,Road,'01 - Clear','01 - Daylight','01 - Dry','02 - Stop sign',Injury,'07 - SMV other',Ottawa_west,4,cluster1
563,Weekday,Night,Road,'01 - Clear','05 - Dusk','02 - Wet','02 - Stop sign','P.D. only','03 - Rear end',Ottawa_west,0,cluster1
564,Weekday,Noon,Road,'01 - Clear','01 - Daylight','01 - Dry','01 - Traffic signal','P.D. only','03 - Rear end',mid_town,0,cluster2
565,Weekday,Afternoon,Road,'01 - Clear','01 - Daylight','02 - Wet','01 - Traffic signal','P.D. only','02 - Angle',Ottawa_west,0,cluster5
566,Weekday,Noon,Road,'01 - Clear','01 - Daylight','06 - Ice','10 - No control','P.D. only','06 - SMV unattended vehicle',Ottawa_west,0,cluster1