Instance_number,DATE,TIME,Road_type,ENVIRONMENT,LIGHT,SURFACE_CONDITION,TRAFFIC_CONTROL,COLLISION_CLASSIFICATION,IMPACT_TYPE,Location,NO_OF_PEDESTRIANS,Cluster
939,Weekday,Evening,Road,'01 - Clear','01 - Daylight','01 - Dry','02 - Stop sign','P.D. only','05 - Turning movement',mid_town,0,cluster2
940,Weekday,Evening,Road,'01 - Clear','01 - Daylight','01 - Dry','02 - Stop sign','P.D. only','03 - Rear end',Ottawa_south,0,cluster2
941,Weekday,Evening,Road,'01 - Clear','01 - Daylight','01 - Dry','01 - Traffic signal','P.D. only','02 - Angle',downtown,0,cluster1
942,Weekday,Evening,Road,'01 - Clear','01 - Daylight','01 - Dry','01 - Traffic signal','P.D. only','03 - Rear end',downtown,0,cluster1
943,Weekday,Evening,Road,'01 - Clear','01 - Daylight','06 - Ice','10 - No control','P.D. only','06 - SMV unattended vehicle',Ottawa_east,0,cluster2
944,Weekday,Night,Road,'01 - Clear','01 - Daylight','01 - Dry','10 - No control','P.D. only','02 - Angle',downtown,0,cluster1
945,Weekday,Night,Road,'01 - Clear','01 - Daylight','01 - Dry','10 - No control','P.D. only','03 - Rear end',mid_town,0,cluster1
946,Weekday,Night,Road,'01 - Clear','01 - Daylight','01 - Dry','01 - Traffic signal','P.D. only','04 - Sideswipe',mid_town,0,cluster1
947,Weekday,Night,Road,'01 - Clear','01 - Daylight','01 - Dry','01 - Traffic signal',Injury,'07 - SMV other',mid_town,1,cluster5
948,Weekday,Night,Road,'01 - Clear','01 - Daylight','01 - Dry','01 - Traffic signal','P.D. only','02 - Angle',mid_town,0,cluster1
949,Weekday,Night,Road,'01 - Clear','01 - Daylight','01 - Dry','10 - No control','P.D. only','03 - Rear end',mid_town,0,cluster1
950,Weekday,Night,Road,'01 - Clear','01 - Daylight','01 - Dry','01 - Traffic signal','P.D. only','03 - Rear end',downtown,0,cluster1
951,Weekday,Night,Road,'01 - Clear','01 - Daylight','01 - Dry','01 - Traffic signal','P.D. only','02 - Angle',Ottawa_west,0,cluster1
952,Weekday,Night,Road,'01 - Clear','01 - Daylight','01 - Dry','01 - Traffic signal','P.D. only','05 - Turning movement',mid_town,0,cluster1
953,Weekday,Night,Road,'01 - Clear','01 - Daylight','01 - Dry','01 - Traffic signal','P.D. only','02 - Angle',downtown,0,cluster1
954,Weekday,Night,Road,'01 - Clear','05 - Dusk','01 - Dry','10 - No control',Injury,'05 - Turning movement',downtown,0,cluster1
955,Weekday,Night,Road,'01 - Clear','01 - Daylight','01 - Dry','01 - Traffic signal','P.D. only','06 - SMV unattended vehicle',mid_town,0,cluster1
956,Weekday,Night,Road,'01 - Clear','05 - Dusk','01 - Dry','10 - No control','P.D. only','03 - Rear end',mid_town,0,cluster1
957,Weekday,Night,Road,'01 - Clear','01 - Daylight','01 - Dry','10 - No control','P.D. only','02 - Angle',mid_town,0,cluster1
958,Weekday,Night,Road,'01 - Clear','05 - Dusk','01 - Dry','01 - Traffic signal','P.D. only','03 - Rear end',downtown,0,cluster1
959,Weekday,Night,Road,'01 - Clear','05 - Dusk','01 - Dry','10 - No control','P.D. only','05 - Turning movement',Ottawa_west,0,cluster1
960,Weekday,Afternoon,highway,'01 - Clear','01 - Daylight','01 - Dry','01 - Traffic signal','P.D. only','04 - Sideswipe',downtown,0,cluster1
961,Weekday,Night,Road,'01 - Clear','05 - Dusk','02 - Wet','01 - Traffic signal','P.D. only','03 - Rear end',Ottawa_south,0,cluster5
962,Weekday,Mid_Night,Road,'01 - Clear','07 - Dark','01 - Dry','10 - No control','P.D. only','03 - Rear end',Ottawa_east,0,cluster1
963,Weekday,Mid_Night,Road,'01 - Clear','07 - Dark','01 - Dry','01 - Traffic signal','P.D. only','02 - Angle',mid_town,0,cluster4
964,Weekday,Mid_Night,Road,'01 - Clear','07 - Dark','01 - Dry','10 - No control','P.D. only','07 - SMV other',Ottawa_west,0,cluster4
965,Weekday,Mid_Night,Road,'01 - Clear','07 - Dark','01 - Dry','10 - No control','P.D. only','06 - SMV unattended vehicle',downtown,0,cluster4
966,Weekday,Mid_Night,Road,'01 - Clear','07 - Dark','01 - Dry','10 - No control','P.D. only','04 - Sideswipe',downtown,0,cluster4
967,Weekday,Mid_Night,Road,'01 - Clear','07 - Dark','01 - Dry','10 - No control','P.D. only','04 - Sideswipe',mid_town,0,cluster2
968,Weekday,Early_Morning,Road,'01 - Clear','07 - Dark','01 - Dry','01 - Traffic signal','P.D. only','99 - Other',downtown,0,cluster4
969,Weekday,Noon,Road,'01 - Clear','07 - Dark','01 - Dry','01 - Traffic signal','P.D. only','05 - Turning movement',mid_town,0,cluster4
970,Weekday,Noon,Road,'01 - Clear','03 - Dawn','01 - Dry','10 - No control','P.D. only','02 - Angle',downtown,0,cluster1
971,Weekday,Noon,Road,'01 - Clear','03 - Dawn','01 - Dry','10 - No control','P.D. only','07 - SMV other',Ottawa_south,0,cluster1
972,Weekday,Noon,Road,'01 - Clear','03 - Dawn','01 - Dry','10 - No control',Injury,'03 - Rear end',mid_town,0,cluster2
973,Weekday,Noon,Road,'01 - Clear','03 - Dawn','01 - Dry','10 - No control','P.D. only','03 - Rear end',Ottawa_west,0,cluster1
974,Weekday,Afternoon,Road,'01 - Clear','01 - Daylight','01 - Dry','10 - No control','P.D. only','06 - SMV unattended vehicle',mid_town,0,cluster2
975,Weekday,Afternoon,Road,'01 - Clear','01 - Daylight','01 - Dry','01 - Traffic signal',Injury,'03 - Rear end',downtown,0,cluster1
976,Weekday,Noon,Road,'01 - Clear','01 - Daylight','06 - Ice','01 - Traffic signal','P.D. only','03 - Rear end',Ottawa_west,0,cluster1
977,Weekday,Afternoon,Road,'01 - Clear','01 - Daylight','01 - Dry','10 - No control','P.D. only','02 - Angle',downtown,0,cluster1
978,Weekday,Evening,Road,'01 - Clear','01 - Daylight','01 - Dry','01 - Traffic signal',Injury,'03 - Rear end',mid_town,0,cluster2
979,Weekday,Evening,Road,'01 - Clear','01 - Daylight','01 - Dry','01 - Traffic signal',Injury,'02 - Angle',downtown,0,cluster1
980,Weekday,Evening,Road,'01 - Clear','01 - Daylight','01 - Dry','01 - Traffic signal',Injury,'07 - SMV other',downtown,1,cluster5
981,Weekday,Mid_Night,Road,'01 - Clear','07 - Dark','01 - Dry','10 - No control',Injury,'07 - SMV other',Ottawa_west,0,cluster4
982,Weekday,Evening,Road,'01 - Clear','01 - Daylight','01 - Dry','01 - Traffic signal','P.D. only','03 - Rear end',mid_town,0,cluster2
983,Weekday,Night,Road,'01 - Clear','05 - Dusk','01 - Dry','02 - Stop sign','P.D. only','04 - Sideswipe',mid_town,0,cluster1
984,Weekday,Afternoon,Road,'01 - Clear','01 - Daylight','01 - Dry','01 - Traffic signal','P.D. only','03 - Rear end',mid_town,0,cluster2
985,Weekday,Afternoon,Road,'01 - Clear','01 - Daylight','03 - Loose snow','01 - Traffic signal','P.D. only','03 - Rear end',Ottawa_east,0,cluster1
986,Weekday,Noon,Road,'01 - Clear','01 - Daylight','01 - Dry','01 - Traffic signal','P.D. only','03 - Rear end',mid_town,0,cluster2
987,Weekday,Evening,Road,'01 - Clear','01 - Daylight','06 - Ice','01 - Traffic signal','P.D. only','04 - Sideswipe',mid_town,0,cluster2
988,Weekday,Evening,Road,'01 - Clear','01 - Daylight','01 - Dry','10 - No control',Injury,'03 - Rear end',downtown,0,cluster1
989,Weekday,Evening,Road,'01 - Clear','01 - Daylight','01 - Dry','10 - No control','P.D. only','05 - Turning movement',Ottawa_south,0,cluster2
990,Weekday,Night,Road,'01 - Clear','01 - Daylight','01 - Dry','01 - Traffic signal','P.D. only','03 - Rear end',mid_town,0,cluster1
991,Weekday,Night,Road,'01 - Clear','01 - Daylight','01 - Dry','10 - No control','P.D. only','03 - Rear end',downtown,0,cluster1
992,Weekday,Night,Road,'01 - Clear','01 - Daylight','01 - Dry','01 - Traffic signal','P.D. only','05 - Turning movement',downtown,0,cluster1
993,Weekday,Evening,Road,'01 - Clear','01 - Daylight','01 - Dry','10 - No control','P.D. only','06 - SMV unattended vehicle',Ottawa_west,0,cluster2
994,Weekday,Night,Road,'01 - Clear','01 - Daylight','01 - Dry','10 - No control','P.D. only','04 - Sideswipe',downtown,0,cluster1
995,Weekday,Noon,Road,'01 - Clear','03 - Dawn','01 - Dry','01 - Traffic signal','P.D. only','03 - Rear end',downtown,0,cluster1
996,Weekday,Night,Road,'01 - Clear','05 - Dusk','01 - Dry','01 - Traffic signal','P.D. only','04 - Sideswipe',downtown,0,cluster1
997,Weekday,Night,highway,'01 - Clear','07 - Dark','01 - Dry','02 - Stop sign','P.D. only','05 - Turning movement',downtown,0,cluster4
998,Weekday,Night,Road,'03 - Snow','07 - Dark','03 - Loose snow','03 - Yield sign','P.D. only','03 - Rear end',downtown,0,cluster1
999,Weekday,Night,highway,'01 - Clear','07 - Dark','01 - Dry','10 - No control','P.D. only','03 - Rear end',mid_town,0,cluster1
1000,Weekday,Mid_Night,Road,'01 - Clear','07 - Dark','05 - Packed snow','10 - No control','P.D. only','07 - SMV other',Ottawa_west,0,cluster4
1001,Weekday,Mid_Night,Road,'01 - Clear','07 - Dark','01 - Dry','01 - Traffic signal','P.D. only','07 - SMV other',mid_town,0,cluster4
1002,Weekday,Noon,Road,'01 - Clear','07 - Dark','06 - Ice','10 - No control','P.D. only','06 - SMV unattended vehicle',downtown,0,cluster1
1003,Weekday,Noon,Road,'01 - Clear','07 - Dark','06 - Ice','10 - No control','P.D. only','03 - Rear end',Ottawa_west,0,cluster1
1004,Weekday,Noon,Road,'01 - Clear','01 - Daylight','01 - Dry','01 - Traffic signal','P.D. only','03 - Rear end',mid_town,0,cluster2
1005,Weekday,Evening,Road,'03 - Snow','01 - Daylight','03 - Loose snow','01 - Traffic signal','P.D. only','04 - Sideswipe',mid_town,0,cluster0
1006,Weekday,Noon,Road,'01 - Clear','07 - Dark','06 - Ice','01 - Traffic signal','P.D. only','03 - Rear end',Ottawa_east,0,cluster4
1007,Weekday,Noon,Road,'01 - Clear','03 - Dawn','01 - Dry','01 - Traffic signal','P.D. only','01 - Approaching',downtown,0,cluster4
1008,Weekday,Noon,Road,'01 - Clear','07 - Dark','01 - Dry','01 - Traffic signal','P.D. only','03 - Rear end',downtown,0,cluster4
1009,Weekday,Noon,Road,'01 - Clear','03 - Dawn','01 - Dry','01 - Traffic signal','P.D. only','03 - Rear end',Ottawa_west,0,cluster1
1010,Weekday,Noon,Road,'01 - Clear','07 - Dark','06 - Ice','01 - Traffic signal','P.D. only','03 - Rear end',Ottawa_east,0,cluster4
1011,Weekday,Noon,Road,'01 - Clear','03 - Dawn','06 - Ice','10 - No control','P.D. only','03 - Rear end',mid_town,0,cluster2
1012,Weekday,Noon,Road,'01 - Clear','03 - Dawn','01 - Dry','10 - No control',Injury,'03 - Rear end',Ottawa_west,0,cluster1
1013,Weekday,Noon,Road,'01 - Clear','03 - Dawn','01 - Dry','10 - No control',Injury,'03 - Rear end',downtown,0,cluster1
1014,Weekday,Noon,Road,'01 - Clear','03 - Dawn','06 - Ice','02 - Stop sign','P.D. only','99 - Other',Ottawa_south,0,cluster1
1015,Weekday,Noon,Road,'01 - Clear','01 - Daylight','06 - Ice','01 - Traffic signal','P.D. only','03 - Rear end',Ottawa_east,0,cluster1
1016,Weekday,Noon,Road,'01 - Clear','01 - Daylight','06 - Ice','01 - Traffic signal','P.D. only','03 - Rear end',mid_town,0,cluster2
1017,Weekday,Noon,Road,'01 - Clear','01 - Daylight','01 - Dry','10 - No control','P.D. only','03 - Rear end',downtown,0,cluster1
1018,Weekday,Noon,Road,'01 - Clear','01 - Daylight','01 - Dry','02 - Stop sign','P.D. only','03 - Rear end',mid_town,0,cluster2
1019,Weekday,Noon,Road,'01 - Clear','01 - Daylight','06 - Ice','10 - No control','P.D. only','03 - Rear end',downtown,0,cluster1
1020,Weekday,Noon,Road,'01 - Clear','01 - Daylight','01 - Dry','01 - Traffic signal',Injury,'05 - Turning movement',mid_town,0,cluster2
1021,Weekday,Noon,highway,'01 - Clear','01 - Daylight','06 - Ice','10 - No control','P.D. only','03 - Rear end',Ottawa_west,0,cluster1
1022,Weekday,Noon,Road,'01 - Clear','03 - Dawn','01 - Dry','01 - Traffic signal','P.D. only','03 - Rear end',downtown,0,cluster1
1023,Weekday,Noon,Road,'01 - Clear','01 - Daylight','06 - Ice','01 - Traffic signal','P.D. only','03 - Rear end',mid_town,0,cluster2
1024,Weekday,Noon,Road,'01 - Clear','01 - Daylight','06 - Ice','01 - Traffic signal','P.D. only','04 - Sideswipe',mid_town,0,cluster2
1025,Weekday,Noon,Road,'05 - Drifting Snow','01 - Daylight','06 - Ice','01 - Traffic signal',Injury,'03 - Rear end',downtown,0,cluster1
1026,Weekday,Noon,Road,'01 - Clear','01 - Daylight','01 - Dry','10 - No control','P.D. only','03 - Rear end',downtown,0,cluster1
1027,Weekday,Night,Road,'01 - Clear','01 - Daylight','01 - Dry','10 - No control','P.D. only','06 - SMV unattended vehicle',downtown,0,cluster1
1028,Weekday,Noon,Road,'01 - Clear','01 - Daylight','06 - Ice','01 - Traffic signal','P.D. only','04 - Sideswipe',mid_town,0,cluster2
1029,Weekday,Noon,Road,'01 - Clear','01 - Daylight','01 - Dry','10 - No control','P.D. only','03 - Rear end',Ottawa_east,0,cluster1
1030,Weekday,Noon,Road,'01 - Clear','01 - Daylight','01 - Dry','01 - Traffic signal','P.D. only','05 - Turning movement',downtown,0,cluster4
1031,Weekday,Noon,Road,'01 - Clear','01 - Daylight','02 - Wet','01 - Traffic signal',Injury,'03 - Rear end',downtown,0,cluster5
1032,Weekday,Noon,Road,'01 - Clear','01 - Daylight','06 - Ice','01 - Traffic signal','P.D. only','03 - Rear end',Ottawa_east,0,cluster1
1033,Weekday,Noon,Road,'01 - Clear','01 - Daylight','01 - Dry','10 - No control',Injury,'07 - SMV other',Ottawa_west,1,cluster1
1034,Weekday,Noon,Road,'01 - Clear','01 - Daylight','06 - Ice','10 - No control','P.D. only','03 - Rear end',Ottawa_west,0,cluster1
1035,Weekday,Noon,Road,'01 - Clear','01 - Daylight','06 - Ice','01 - Traffic signal','P.D. only','03 - Rear end',downtown,0,cluster1
1036,Weekday,Afternoon,Road,'01 - Clear','01 - Daylight','06 - Ice','10 - No control','P.D. only','01 - Approaching',mid_town,0,cluster2
1037,Weekday,Afternoon,Road,'01 - Clear','01 - Daylight','06 - Ice','10 - No control','P.D. only','03 - Rear end',mid_town,0,cluster2
1038,Weekday,Noon,Road,'01 - Clear','03 - Dawn','06 - Ice','02 - Stop sign','P.D. only','99 - Other',Ottawa_south,0,cluster1
1039,Weekday,Afternoon,Road,'01 - Clear','01 - Daylight','01 - Dry','10 - No control','P.D. only','03 - Rear end',downtown,0,cluster1
1040,Weekday,Afternoon,Road,'01 - Clear','01 - Daylight','01 - Dry','01 - Traffic signal','P.D. only','02 - Angle',downtown,0,cluster1
1041,Weekday,Noon,Road,'01 - Clear','01 - Daylight','05 - Packed snow','01 - Traffic signal','P.D. only','03 - Rear end',downtown,0,cluster1
1042,Weekday,Afternoon,Road,'01 - Clear','01 - Daylight','01 - Dry','10 - No control','P.D. only','03 - Rear end',downtown,0,cluster1
1043,Weekday,Noon,Road,'01 - Clear','01 - Daylight','06 - Ice','10 - No control','P.D. only','03 - Rear end',Ottawa_south,0,cluster1
1044,Weekday,Afternoon,Road,'01 - Clear','01 - Daylight','06 - Ice','01 - Traffic signal','P.D. only','02 - Angle',mid_town,0,cluster2
1045,Weekday,Noon,Road,'01 - Clear','03 - Dawn','01 - Dry','01 - Traffic signal','P.D. only','03 - Rear end',Ottawa_south,0,cluster1
1046,Weekday,Noon,Road,'01 - Clear','01 - Daylight','06 - Ice','01 - Traffic signal','P.D. only','03 - Rear end',mid_town,0,cluster2
1047,Weekday,Afternoon,Road,'01 - Clear','01 - Daylight','06 - Ice','01 - Traffic signal','P.D. only','03 - Rear end',downtown,0,cluster1
1048,Weekday,Noon,Road,'01 - Clear','01 - Daylight','02 - Wet','01 - Traffic signal','P.D. only','03 - Rear end',downtown,0,cluster5
1049,Weekends,Mid_Night,Road,'01 - Clear','07 - Dark','01 - Dry','02 - Stop sign','P.D. only','99 - Other',downtown,0,cluster4
1050,Weekday,Night,Road,'01 - Clear','07 - Dark','06 - Ice','10 - No control','P.D. only','06 - SMV unattended vehicle',mid_town,0,cluster1
1051,Weekday,Afternoon,Road,'01 - Clear','01 - Daylight','03 - Loose snow','01 - Traffic signal','P.D. only','03 - Rear end',downtown,0,cluster1
1052,Weekday,Afternoon,Road,'01 - Clear','01 - Daylight','06 - Ice','01 - Traffic signal','P.D. only','03 - Rear end',downtown,0,cluster1
1053,Weekday,Noon,Road,'01 - Clear','01 - Daylight','02 - Wet','02 - Stop sign','P.D. only','02 - Angle',downtown,0,cluster5
1054,Weekday,Night,Road,'01 - Clear','07 - Dark','05 - Packed snow','10 - No control','P.D. only','06 - SMV unattended vehicle',mid_town,0,cluster1
1055,Weekday,Afternoon,Road,'01 - Clear','01 - Daylight','01 - Dry','10 - No control','P.D. only','03 - Rear end',downtown,0,cluster1
1056,Weekday,Evening,Road,'01 - Clear','01 - Daylight','06 - Ice','01 - Traffic signal',Injury,'02 - Angle',downtown,0,cluster5
1057,Weekday,Evening,Road,'01 - Clear','01 - Daylight','01 - Dry','01 - Traffic signal','P.D. only','99 - Other',downtown,0,cluster1
1058,Weekday,Evening,highway,'01 - Clear','01 - Daylight','01 - Dry','01 - Traffic signal','P.D. only','03 - Rear end',downtown,0,cluster1
1059,Weekday,Evening,Road,'01 - Clear','01 - Daylight','01 - Dry','10 - No control','P.D. only','03 - Rear end',downtown,0,cluster1
1060,Weekday,Evening,Road,'01 - Clear','01 - Daylight','03 - Loose snow','01 - Traffic signal','P.D. only','04 - Sideswipe',Ottawa_south,0,cluster0
1061,Weekday,Night,Road,'01 - Clear','07 - Dark','06 - Ice','01 - Traffic signal','P.D. only','03 - Rear end',downtown,0,cluster1
1062,Weekday,Evening,Road,'01 - Clear','01 - Daylight','01 - Dry','02 - Stop sign','P.D. only','03 - Rear end',downtown,0,cluster1
1063,Weekday,Evening,Road,'01 - Clear','01 - Daylight','06 - Ice','10 - No control','P.D. only','03 - Rear end',downtown,0,cluster1
1064,Weekday,Evening,Road,'01 - Clear','01 - Daylight','01 - Dry','02 - Stop sign',Injury,'02 - Angle',downtown,0,cluster1
1065,Weekday,Afternoon,Road,'01 - Clear','01 - Daylight','01 - Dry','10 - No control','P.D. only','06 - SMV unattended vehicle',Ottawa_west,0,cluster1
1066,Weekday,Night,Road,'01 - Clear','01 - Daylight','01 - Dry','01 - Traffic signal','P.D. only','04 - Sideswipe',downtown,0,cluster1
1067,Weekday,Night,Road,'01 - Clear','01 - Daylight','01 - Dry','01 - Traffic signal','P.D. only','03 - Rear end',Ottawa_west,0,cluster1
1068,Weekday,Noon,Road,'01 - Clear','03 - Dawn','06 - Ice','10 - No control','P.D. only','06 - SMV unattended vehicle',mid_town,0,cluster2
1069,Weekday,Afternoon,Road,'01 - Clear','01 - Daylight','05 - Packed snow','10 - No control','P.D. only','07 - SMV other',mid_town,0,cluster0
1070,Weekday,Night,Road,'01 - Clear','01 - Daylight','01 - Dry','01 - Traffic signal','P.D. only','05 - Turning movement',downtown,0,cluster1
1071,Weekday,Noon,Road,'01 - Clear','01 - Daylight','01 - Dry','10 - No control','P.D. only','04 - Sideswipe',downtown,0,cluster1
1072,Weekday,Night,Road,'01 - Clear','01 - Daylight','01 - Dry','01 - Traffic signal',Injury,'07 - SMV other',downtown,1,cluster5
1073,Weekday,Night,Road,'01 - Clear','01 - Daylight','02 - Wet','01 - Traffic signal','P.D. only','05 - Turning movement',mid_town,0,cluster5
1074,Weekday,Night,Road,'01 - Clear','01 - Daylight','01 - Dry','10 - No control','P.D. only','04 - Sideswipe',downtown,0,cluster1
1075,Weekday,Night,Road,'01 - Clear','01 - Daylight','01 - Dry','10 - No control',Injury,'07 - SMV other',downtown,1,cluster1
1076,Weekday,Night,Road,'01 - Clear','05 - Dusk','01 - Dry','01 - Traffic signal','P.D. only','03 - Rear end',mid_town,0,cluster1
1077,Weekday,Night,Road,'01 - Clear','05 - Dusk','01 - Dry','01 - Traffic signal','P.D. only','03 - Rear end',Ottawa_west,0,cluster1
1078,Weekday,Night,Road,'01 - Clear','05 - Dusk','06 - Ice','10 - No control','P.D. only','03 - Rear end',Ottawa_east,0,cluster1
1079,Weekday,Night,Road,'01 - Clear','05 - Dusk','01 - Dry','01 - Traffic signal','P.D. only','05 - Turning movement',downtown,0,cluster4
1080,Weekday,Night,Road,'01 - Clear','07 - Dark','01 - Dry','01 - Traffic signal',Injury,'07 - SMV other',downtown,1,cluster4
1081,Weekday,Night,highway,'01 - Clear','07 - Dark','01 - Dry','10 - No control','P.D. only','04 - Sideswipe',downtown,0,cluster1
1082,Weekday,Night,Road,'01 - Clear','07 - Dark','01 - Dry','01 - Traffic signal','P.D. only','05 - Turning movement',Ottawa_west,0,cluster4
1083,Weekday,Night,Road,'01 - Clear','05 - Dusk','06 - Ice','10 - No control','P.D. only','05 - Turning movement',downtown,0,cluster1
1084,Weekday,Night,Road,'01 - Clear','07 - Dark','01 - Dry','01 - Traffic signal','P.D. only','02 - Angle',downtown,1,cluster4
1085,Weekday,Night,Road,'01 - Clear','07 - Dark','01 - Dry','10 - No control','P.D. only','03 - Rear end',mid_town,0,cluster1
1086,Weekday,Mid_Night,Road,'01 - Clear','07 - Dark','01 - Dry','01 - Traffic signal','P.D. only','02 - Angle',mid_town,0,cluster4
1087,Weekday,Night,Road,'01 - Clear','07 - Dark','01 - Dry','01 - Traffic signal',Injury,'03 - Rear end',mid_town,0,cluster1
1088,Weekday,Mid_Night,Road,'01 - Clear','07 - Dark','06 - Ice','10 - No control','P.D. only','02 - Angle',mid_town,0,cluster2
1089,Weekday,Mid_Night,Road,'01 - Clear','07 - Dark','01 - Dry','01 - Traffic signal','P.D. only','07 - SMV other',mid_town,0,cluster4
1090,Weekday,Morning,Road,'01 - Clear','07 - Dark','01 - Dry','01 - Traffic signal','P.D. only','02 - Angle',mid_town,0,cluster4
1091,Weekday,Morning,Road,'01 - Clear','07 - Dark','06 - Ice','10 - No control','P.D. only','07 - SMV other',Ottawa_west,0,cluster0
1092,Weekday,Night,Road,'01 - Clear','01 - Daylight','06 - Ice','01 - Traffic signal','P.D. only','03 - Rear end',downtown,0,cluster1
1093,Weekday,Noon,Road,'01 - Clear','03 - Dawn','06 - Ice','10 - No control','P.D. only','03 - Rear end',mid_town,0,cluster2
1094,Weekday,Noon,Road,'01 - Clear','03 - Dawn','06 - Ice','10 - No control','P.D. only','03 - Rear end',mid_town,0,cluster2
1095,Weekday,Noon,Road,'01 - Clear','03 - Dawn','01 - Dry','10 - No control',Injury,'03 - Rear end',Ottawa_east,0,cluster1
1096,Weekday,Noon,Road,'01 - Clear','03 - Dawn','01 - Dry','01 - Traffic signal','P.D. only','03 - Rear end',Ottawa_east,0,cluster1
1097,Weekday,Noon,Road,'01 - Clear','03 - Dawn','01 - Dry','01 - Traffic signal',Injury,'03 - Rear end',downtown,0,cluster1
1098,Weekday,Noon,Road,'01 - Clear','03 - Dawn','01 - Dry','01 - Traffic signal','P.D. only','03 - Rear end',Ottawa_west,0,cluster1
1099,Weekday,Mid_Night,Road,'01 - Clear','07 - Dark','01 - Dry','10 - No control','P.D. only','07 - SMV other',Ottawa_west,0,cluster4
1100,Weekday,Noon,Road,'01 - Clear','03 - Dawn','06 - Ice','10 - No control','P.D. only','03 - Rear end',downtown,0,cluster1
1101,Weekday,Noon,Road,'01 - Clear','03 - Dawn','06 - Ice','10 - No control','P.D. only','03 - Rear end',mid_town,0,cluster2
1102,Weekday,Noon,Road,'01 - Clear','01 - Daylight','06 - Ice','10 - No control','P.D. only','03 - Rear end',mid_town,0,cluster2
1103,Weekday,Noon,Road,'01 - Clear','01 - Daylight','06 - Ice','01 - Traffic signal','P.D. only','03 - Rear end',Ottawa_east,0,cluster1
1104,Weekday,Noon,Road,'03 - Snow','01 - Daylight','05 - Packed snow','01 - Traffic signal','P.D. only','03 - Rear end',downtown,0,cluster1
1105,Weekday,Night,Road,'01 - Clear','01 - Daylight','01 - Dry','03 - Yield sign','P.D. only','04 - Sideswipe',Ottawa_east,0,cluster1
1106,Weekends,Evening,highway,'01 - Clear','01 - Daylight','02 - Wet','01 - Traffic signal','P.D. only','04 - Sideswipe',Ottawa_west,0,cluster3
1107,Weekday,Evening,Road,'03 - Snow','01 - Daylight','06 - Ice','02 - Stop sign','P.D. only','02 - Angle',downtown,0,cluster0
1108,Weekday,Night,Road,'01 - Clear','01 - Daylight','01 - Dry','02 - Stop sign',Injury,'07 - SMV other',downtown,1,cluster1
1109,Weekday,Afternoon,Road,'03 - Snow','01 - Daylight','03 - Loose snow','01 - Traffic signal','P.D. only','03 - Rear end',downtown,0,cluster0
1110,Weekday,Night,highway,'01 - Clear','07 - Dark','01 - Dry','01 - Traffic signal','P.D. only','03 - Rear end',mid_town,0,cluster1
1111,Weekends,Night,Road,'01 - Clear','01 - Daylight','03 - Loose snow','10 - No control','P.D. only','06 - SMV unattended vehicle',downtown,0,cluster1
1112,Weekday,Evening,Road,'03 - Snow','01 - Daylight','03 - Loose snow','10 - No control','P.D. only','05 - Turning movement',mid_town,0,cluster0
1113,Weekday,Night,Road,'01 - Clear','07 - Dark','01 - Dry','01 - Traffic signal','P.D. only','03 - Rear end',downtown,0,cluster1
1114,Weekends,Mid_Night,Road,'01 - Clear','07 - Dark','05 - Packed snow','10 - No control','P.D. only','04 - Sideswipe',downtown,0,cluster3
1115,Weekday,Noon,Road,'01 - Clear','01 - Daylight','01 - Dry','03 - Yield sign','P.D. only','02 - Angle',Ottawa_east,0,cluster1
1116,Weekday,Night,Road,'03 - Snow','01 - Daylight','04 - Slush','01 - Traffic signal','P.D. only','03 - Rear end',downtown,0,cluster1
1117,Weekday,Night,Road,'04 - Freezing Rain','01 - Daylight','02 - Wet','10 - No control',Injury,'07 - SMV other',downtown,1,cluster5
1118,Weekday,Mid_Night,Road,'01 - Clear','07 - Dark','02 - Wet','02 - Stop sign',Injury,'05 - Turning movement',Ottawa_east,0,cluster4
1119,Weekday,Night,Road,'03 - Snow','01 - Daylight','03 - Loose snow','01 - Traffic signal','P.D. only','03 - Rear end',downtown,0,cluster1
1120,Weekday,Noon,Road,'01 - Clear','01 - Daylight','02 - Wet','10 - No control','P.D. only','03 - Rear end',downtown,0,cluster1
1121,Weekday,Evening,Road,'03 - Snow','01 - Daylight','04 - Slush','10 - No control','P.D. only','07 - SMV other',downtown,0,cluster0
1122,Weekends,Evening,Road,'01 - Clear','01 - Daylight','03 - Loose snow','10 - No control','P.D. only','04 - Sideswipe',mid_town,0,cluster0
1123,Weekday,Noon,Road,'01 - Clear','01 - Daylight','01 - Dry','10 - No control','P.D. only','05 - Turning movement',mid_town,0,cluster2
1124,Weekday,Mid_Night,Road,'01 - Clear','07 - Dark','05 - Packed snow','10 - No control','P.D. only','06 - SMV unattended vehicle',Ottawa_west,0,cluster4
1125,Weekday,Night,Road,'01 - Clear','01 - Daylight','02 - Wet','10 - No control','P.D. only','05 - Turning movement',Ottawa_south,0,cluster1
1126,Weekday,Evening,Road,'03 - Snow','01 - Daylight','04 - Slush','10 - No control','P.D. only','02 - Angle',Ottawa_west,0,cluster0
1127,Weekday,Noon,Road,'01 - Clear','01 - Daylight','03 - Loose snow','01 - Traffic signal','P.D. only','03 - Rear end',Ottawa_south,0,cluster1
1128,Weekends,Mid_Night,Road,'01 - Clear','07 - Dark','01 - Dry','01 - Traffic signal','P.D. only','05 - Turning movement',mid_town,0,cluster4