Instance_number,DATE,TIME,Road_type,ENVIRONMENT,LIGHT,SURFACE_CONDITION,TRAFFIC_CONTROL,COLLISION_CLASSIFICATION,IMPACT_TYPE,Location,NO_OF_PEDESTRIANS,Cluster
1499,Weekday,Night,Road,'03 - Snow','07 - Dark','03 - Loose snow','10 - No control','P.D. only','06 - SMV unattended vehicle',downtown,0,cluster0
1500,Weekday,Afternoon,Road,'01 - Clear','01 - Daylight','01 - Dry','01 - Traffic signal','P.D. only','03 - Rear end',mid_town,0,cluster2
1501,Weekends,Night,Road,'01 - Clear','07 - Dark','01 - Dry','10 - No control','P.D. only','06 - SMV unattended vehicle',mid_town,0,cluster1
1502,Weekends,Mid_Night,Road,'01 - Clear','07 - Dark','02 - Wet','10 - No control',Injury,'02 - Angle',Ottawa_south,0,cluster3
1503,Weekday,Noon,Road,'01 - Clear','03 - Dawn','01 - Dry','01 - Traffic signal',Injury,'03 - Rear end',mid_town,0,cluster2
1504,Weekday,Night,Road,'01 - Clear','01 - Daylight','02 - Wet','10 - No control','P.D. only','03 - Rear end',downtown,0,cluster1
1505,Weekday,Noon,Road,'01 - Clear','01 - Daylight','01 - Dry','10 - No control','P.D. only','04 - Sideswipe',downtown,0,cluster1
1506,Weekends,Mid_Night,Road,'01 - Clear','07 - Dark','01 - Dry','01 - Traffic signal',Injury,'02 - Angle',Ottawa_south,0,cluster4
1507,Weekday,Noon,Road,'01 - Clear','01 - Daylight','01 - Dry','01 - Traffic signal','P.D. only','02 - Angle',Ottawa_east,0,cluster1
1508,Weekday,Afternoon,Road,'01 - Clear','01 - Daylight','05 - Packed snow','10 - No control','P.D. only','06 - SMV unattended vehicle',downtown,0,cluster1
1509,Weekends,Night,highway,'01 - Clear','07 - Dark','01 - Dry','10 - No control','P.D. only','01 - Approaching',Ottawa_west,0,cluster1
1510,Weekday,Night,Road,'03 - Snow','01 - Daylight','03 - Loose snow','10 - No control','P.D. only','03 - Rear end',Ottawa_south,0,cluster0
1511,Weekday,Noon,Road,'01 - Clear','01 - Daylight','01 - Dry','01 - Traffic signal','P.D. only','03 - Rear end',Ottawa_east,0,cluster1
1512,Weekends,Night,Road,'03 - Snow','07 - Dark','06 - Ice','02 - Stop sign','P.D. only','03 - Rear end',Ottawa_east,0,cluster1
1513,Weekday,Noon,Road,'01 - Clear','01 - Daylight','01 - Dry','10 - No control','P.D. only','03 - Rear end',downtown,0,cluster1
1514,Weekday,Afternoon,Road,'01 - Clear','01 - Daylight','01 - Dry','01 - Traffic signal','P.D. only','03 - Rear end',downtown,0,cluster1
1515,Weekday,Night,Road,'03 - Snow','07 - Dark','03 - Loose snow','02 - Stop sign','P.D. only','02 - Angle',mid_town,0,cluster0
1516,Weekends,Mid_Night,Road,'01 - Clear','07 - Dark','06 - Ice','03 - Yield sign',Injury,'03 - Rear end',downtown,0,cluster3
1517,Weekday,Early_Morning,Road,'01 - Clear','07 - Dark','05 - Packed snow','10 - No control','P.D. only','07 - SMV other',Ottawa_east,0,cluster0
1518,Weekends,Mid_Night,Road,'01 - Clear','07 - Dark','02 - Wet','01 - Traffic signal','P.D. only','03 - Rear end',mid_town,0,cluster3
1519,Weekday,Noon,Road,'01 - Clear','01 - Daylight','01 - Dry','10 - No control','P.D. only','03 - Rear end',mid_town,0,cluster2
1520,Weekday,Afternoon,Road,'01 - Clear','01 - Daylight','01 - Dry','10 - No control','P.D. only','03 - Rear end',mid_town,0,cluster2
1521,Weekday,Afternoon,Road,'01 - Clear','01 - Daylight','01 - Dry','01 - Traffic signal',Injury,'03 - Rear end',Ottawa_east,0,cluster1
1522,Weekday,Afternoon,Road,'01 - Clear','01 - Daylight','01 - Dry','01 - Traffic signal',Injury,'02 - Angle',Ottawa_west,0,cluster1
1523,Weekday,Evening,Road,'01 - Clear','01 - Daylight','01 - Dry','10 - No control','P.D. only','04 - Sideswipe',downtown,0,cluster1
1524,Weekday,Evening,Road,'01 - Clear','01 - Daylight','01 - Dry','01 - Traffic signal','P.D. only','05 - Turning movement',Ottawa_east,0,cluster2
1525,Weekday,Evening,highway,'01 - Clear','01 - Daylight','01 - Dry','10 - No control','P.D. only','04 - Sideswipe',downtown,0,cluster1
1526,Weekday,Evening,Road,'01 - Clear','01 - Daylight','02 - Wet','02 - Stop sign','P.D. only','02 - Angle',downtown,0,cluster3
1527,Weekday,Evening,Road,'01 - Clear','01 - Daylight','01 - Dry','01 - Traffic signal','P.D. only','03 - Rear end',mid_town,0,cluster2
1528,Weekday,Night,Road,'01 - Clear','01 - Daylight','01 - Dry','10 - No control','P.D. only','06 - SMV unattended vehicle',Ottawa_east,0,cluster1
1529,Weekday,Evening,Road,'01 - Clear','01 - Daylight','01 - Dry','10 - No control','P.D. only','04 - Sideswipe',mid_town,0,cluster2
1530,Weekday,Evening,Road,'03 - Snow','01 - Daylight','05 - Packed snow','10 - No control','P.D. only','07 - SMV other',mid_town,0,cluster0
1531,Weekday,Night,Road,'01 - Clear','01 - Daylight','01 - Dry','02 - Stop sign','P.D. only','02 - Angle',Ottawa_west,0,cluster1
1532,Weekday,Afternoon,Road,'01 - Clear','01 - Daylight','01 - Dry','08 - Traffic gate','P.D. only','07 - SMV other',Ottawa_south,0,cluster1
1533,Weekday,Night,Road,'01 - Clear','01 - Daylight','02 - Wet','10 - No control',Injury,'03 - Rear end',Ottawa_east,0,cluster1
1534,Weekday,Night,Road,'01 - Clear','01 - Daylight','01 - Dry','10 - No control',Injury,'06 - SMV unattended vehicle',downtown,0,cluster1
1535,Weekends,Evening,Road,'01 - Clear','01 - Daylight','05 - Packed snow','10 - No control','P.D. only','06 - SMV unattended vehicle',downtown,0,cluster3
1536,Weekday,Night,Road,'01 - Clear','01 - Daylight','06 - Ice','11 - Roundabout','P.D. only','07 - SMV other',Ottawa_east,0,cluster5
1537,Weekday,Night,Road,'01 - Clear','01 - Daylight','01 - Dry','10 - No control',Injury,'03 - Rear end',downtown,0,cluster1
1538,Weekday,Night,Road,'01 - Clear','01 - Daylight','01 - Dry','01 - Traffic signal','P.D. only','05 - Turning movement',downtown,0,cluster1
1539,Weekday,Night,Road,'01 - Clear','01 - Daylight','01 - Dry','10 - No control','P.D. only','05 - Turning movement',downtown,0,cluster1
1540,Weekday,Night,Road,'01 - Clear','01 - Daylight','06 - Ice','01 - Traffic signal','P.D. only','07 - SMV other',Ottawa_west,0,cluster5
1541,Weekday,Night,Road,'01 - Clear','07 - Dark','01 - Dry','01 - Traffic signal','P.D. only','02 - Angle',Ottawa_east,0,cluster4
1542,Weekday,Night,Road,'01 - Clear','07 - Dark','01 - Dry','02 - Stop sign',Injury,'05 - Turning movement',Ottawa_east,0,cluster4
1543,Weekday,Night,Road,'01 - Clear','07 - Dark','02 - Wet','10 - No control','P.D. only','03 - Rear end',downtown,0,cluster1
1544,Weekday,Evening,Road,'01 - Clear','01 - Daylight','01 - Dry','02 - Stop sign','P.D. only','03 - Rear end',downtown,0,cluster1
1545,Weekday,Night,Road,'01 - Clear','07 - Dark','01 - Dry','03 - Yield sign','P.D. only','02 - Angle',Ottawa_east,0,cluster1
1546,Weekends,Night,Road,'01 - Clear','01 - Daylight','02 - Wet','02 - Stop sign',Injury,'07 - SMV other',downtown,1,cluster5
1547,Weekday,Mid_Night,Road,'01 - Clear','07 - Dark','01 - Dry','01 - Traffic signal',Injury,'05 - Turning movement',downtown,0,cluster4
1548,Weekday,Mid_Night,Road,'03 - Snow','07 - Dark','03 - Loose snow','01 - Traffic signal',Injury,'05 - Turning movement',downtown,0,cluster4
1549,Weekday,Mid_Night,Road,'03 - Snow','07 - Dark','02 - Wet','01 - Traffic signal','P.D. only','05 - Turning movement',downtown,0,cluster4
1550,Weekday,Noon,Road,'01 - Clear','01 - Daylight','01 - Dry','01 - Traffic signal','P.D. only','03 - Rear end',Ottawa_east,0,cluster1
1551,Weekday,Mid_Night,Road,'03 - Snow','07 - Dark','03 - Loose snow','10 - No control','P.D. only','06 - SMV unattended vehicle',mid_town,0,cluster0
1552,Weekday,Early_Morning,Road,'01 - Clear','07 - Dark','02 - Wet','10 - No control','P.D. only','07 - SMV other',downtown,0,cluster5
1553,Weekday,Noon,Road,'01 - Clear','03 - Dawn','01 - Dry','01 - Traffic signal','P.D. only','05 - Turning movement',mid_town,0,cluster4
1554,Weekday,Noon,Road,'01 - Clear','03 - Dawn','02 - Wet','01 - Traffic signal','P.D. only','03 - Rear end',downtown,0,cluster5
1555,Weekday,Noon,Road,'01 - Clear','01 - Daylight','02 - Wet','10 - No control','P.D. only','03 - Rear end',mid_town,0,cluster2
1556,Weekday,Noon,Road,'01 - Clear','01 - Daylight','01 - Dry','01 - Traffic signal',Injury,'07 - SMV other',mid_town,1,cluster2
1557,Weekday,Noon,Road,'05 - Drifting Snow','01 - Daylight','03 - Loose snow','10 - No control','P.D. only','07 - SMV other',Ottawa_west,0,cluster0
1558,Weekday,Noon,Road,'05 - Drifting Snow','01 - Daylight','03 - Loose snow','01 - Traffic signal',Injury,'03 - Rear end',mid_town,0,cluster0
1559,Weekday,Noon,Road,'01 - Clear','01 - Daylight','02 - Wet','10 - No control','P.D. only','02 - Angle',downtown,0,cluster1
1560,Weekday,Afternoon,Road,'01 - Clear','01 - Daylight','02 - Wet','02 - Stop sign','P.D. only','02 - Angle',mid_town,0,cluster2
1561,Weekday,Night,Road,'01 - Clear','07 - Dark','02 - Wet','01 - Traffic signal','P.D. only','03 - Rear end',mid_town,0,cluster5
1562,Weekday,Afternoon,Road,'05 - Drifting Snow','01 - Daylight','06 - Ice','10 - No control','P.D. only','07 - SMV other',Ottawa_west,0,cluster0
1563,Weekday,Afternoon,Road,'01 - Clear','01 - Daylight','01 - Dry','02 - Stop sign','P.D. only','02 - Angle',Ottawa_west,0,cluster1
1564,Weekday,Evening,Road,'01 - Clear','01 - Daylight','01 - Dry','01 - Traffic signal','P.D. only','02 - Angle',downtown,0,cluster1
1565,Weekday,Afternoon,Road,'01 - Clear','01 - Daylight','01 - Dry','10 - No control',Injury,'07 - SMV other',mid_town,0,cluster2
1566,Weekday,Evening,Road,'01 - Clear','01 - Daylight','01 - Dry','10 - No control','P.D. only','03 - Rear end',mid_town,0,cluster2
1567,Weekends,Noon,Road,'00 - Unknown','01 - Daylight','00 - Unknown','10 - No control','P.D. only','06 - SMV unattended vehicle',mid_town,0,cluster0
1568,Weekday,Afternoon,Road,'01 - Clear','01 - Daylight','04 - Slush','01 - Traffic signal','P.D. only','03 - Rear end',Ottawa_west,0,cluster1
1569,Weekday,Evening,Road,'01 - Clear','01 - Daylight','01 - Dry','01 - Traffic signal','P.D. only','05 - Turning movement',Ottawa_west,0,cluster2
1570,Weekday,Evening,Road,'01 - Clear','01 - Daylight','01 - Dry','10 - No control','P.D. only','02 - Angle',Ottawa_east,0,cluster2
1571,Weekday,Evening,Road,'01 - Clear','01 - Daylight','01 - Dry','01 - Traffic signal','P.D. only','04 - Sideswipe',mid_town,0,cluster2
1572,Weekday,Evening,Road,'01 - Clear','01 - Daylight','01 - Dry','02 - Stop sign','P.D. only','02 - Angle',downtown,0,cluster1
1573,Weekday,Mid_Night,Road,'01 - Clear','07 - Dark','03 - Loose snow','10 - No control','P.D. only','06 - SMV unattended vehicle',Ottawa_east,0,cluster4
1574,Weekday,Mid_Night,Road,'01 - Clear','07 - Dark','01 - Dry','01 - Traffic signal','P.D. only','03 - Rear end',Ottawa_south,0,cluster4
1575,Weekday,Evening,Road,'01 - Clear','01 - Daylight','01 - Dry','10 - No control',Injury,'07 - SMV other',downtown,1,cluster1
1576,Weekday,Evening,Road,'01 - Clear','01 - Daylight','01 - Dry','02 - Stop sign','P.D. only','02 - Angle',downtown,0,cluster1
1577,Weekday,Evening,Road,'01 - Clear','01 - Daylight','01 - Dry','01 - Traffic signal','P.D. only','05 - Turning movement',downtown,0,cluster4
1578,Weekday,Evening,Road,'01 - Clear','01 - Daylight','01 - Dry','10 - No control','P.D. only','04 - Sideswipe',downtown,0,cluster1
1579,Weekday,Evening,Road,'01 - Clear','01 - Daylight','01 - Dry','01 - Traffic signal','P.D. only','03 - Rear end',downtown,0,cluster1
1580,Weekday,Night,Road,'01 - Clear','01 - Daylight','01 - Dry','10 - No control',Injury,'03 - Rear end',Ottawa_south,0,cluster1
1581,Weekday,Night,Road,'01 - Clear','01 - Daylight','01 - Dry','01 - Traffic signal','P.D. only','02 - Angle',downtown,0,cluster1
1582,Weekday,Night,Road,'01 - Clear','01 - Daylight','01 - Dry','01 - Traffic signal','P.D. only','02 - Angle',mid_town,0,cluster1
1583,Weekday,Night,Road,'01 - Clear','01 - Daylight','01 - Dry','02 - Stop sign','P.D. only','03 - Rear end',mid_town,0,cluster1
1584,Weekday,Night,Road,'01 - Clear','01 - Daylight','01 - Dry','01 - Traffic signal',Injury,'03 - Rear end',downtown,0,cluster1
1585,Weekends,Night,Road,'01 - Clear','05 - Dusk','01 - Dry','01 - Traffic signal','P.D. only','03 - Rear end',downtown,0,cluster1
1586,Weekday,Night,Road,'01 - Clear','01 - Daylight','01 - Dry','01 - Traffic signal','P.D. only','03 - Rear end',downtown,0,cluster1
1587,Weekday,Night,Road,'01 - Clear','01 - Daylight','01 - Dry','01 - Traffic signal','P.D. only','03 - Rear end',downtown,0,cluster1
1588,Weekday,Night,Road,'01 - Clear','01 - Daylight','01 - Dry','01 - Traffic signal','P.D. only','03 - Rear end',downtown,0,cluster1
1589,Weekday,Noon,Road,'01 - Clear','01 - Daylight','01 - Dry','10 - No control','P.D. only','99 - Other',downtown,0,cluster1
1590,Weekday,Night,Road,'01 - Clear','01 - Daylight','01 - Dry','01 - Traffic signal','P.D. only','03 - Rear end',Ottawa_west,0,cluster1
1591,Weekday,Night,Road,'01 - Clear','01 - Daylight','01 - Dry','10 - No control','P.D. only','03 - Rear end',downtown,0,cluster1
1592,Weekday,Night,Road,'01 - Clear','01 - Daylight','01 - Dry','10 - No control','P.D. only','04 - Sideswipe',downtown,0,cluster1
1593,Weekday,Night,Road,'00 - Unknown','01 - Daylight','01 - Dry','10 - No control','P.D. only','03 - Rear end',downtown,0,cluster1
1594,Weekday,Night,highway,'01 - Clear','01 - Daylight','01 - Dry','01 - Traffic signal','P.D. only','04 - Sideswipe',mid_town,0,cluster1
1595,Weekday,Night,Road,'01 - Clear','01 - Daylight','01 - Dry','01 - Traffic signal',Injury,'07 - SMV other',downtown,1,cluster5
1596,Weekday,Night,highway,'01 - Clear','01 - Daylight','01 - Dry','01 - Traffic signal','P.D. only','04 - Sideswipe',mid_town,0,cluster1
1597,Weekday,Mid_Night,Road,'07 - Fog/mist/smoke/dust','07 - Dark','01 - Dry','10 - No control','P.D. only','07 - SMV other',Ottawa_west,0,cluster4
1598,Weekday,Night,Road,'01 - Clear','01 - Daylight','01 - Dry','01 - Traffic signal','P.D. only','04 - Sideswipe',downtown,0,cluster1
1599,Weekday,Night,Road,'01 - Clear','01 - Daylight','01 - Dry','01 - Traffic signal','P.D. only','03 - Rear end',mid_town,0,cluster1
1600,Weekends,Early_Morning,Road,'01 - Clear','07 - Dark','05 - Packed snow','10 - No control','P.D. only','06 - SMV unattended vehicle',downtown,0,cluster3
1601,Weekends,Night,Road,'01 - Clear','07 - Dark','02 - Wet','01 - Traffic signal','P.D. only','04 - Sideswipe',downtown,0,cluster5
1602,Weekday,Noon,Road,'01 - Clear','01 - Daylight','01 - Dry','10 - No control',Injury,'03 - Rear end',Ottawa_east,0,cluster1
1603,Weekday,Noon,Road,'01 - Clear','01 - Daylight','01 - Dry','10 - No control',Injury,'03 - Rear end',downtown,0,cluster1
1604,Weekends,Mid_Night,Road,'03 - Snow','07 - Dark','02 - Wet','10 - No control',Injury,'05 - Turning movement',Ottawa_east,0,cluster3
1605,Weekends,Mid_Night,Road,'01 - Clear','00 - Unknown','02 - Wet','10 - No control','P.D. only','06 - SMV unattended vehicle',Ottawa_east,0,cluster3
1606,Weekday,Evening,Road,'03 - Snow','01 - Daylight','04 - Slush','02 - Stop sign','P.D. only','03 - Rear end',Ottawa_west,0,cluster0
1607,Weekday,Noon,Road,'01 - Clear','01 - Daylight','01 - Dry','01 - Traffic signal',Injury,'05 - Turning movement',downtown,0,cluster4
1608,Weekends,Mid_Night,Road,'01 - Clear','07 - Dark','01 - Dry','01 - Traffic signal','P.D. only','03 - Rear end',mid_town,0,cluster4
1609,Weekday,Noon,Road,'01 - Clear','01 - Daylight','01 - Dry','02 - Stop sign','P.D. only','03 - Rear end',downtown,0,cluster1
1610,Weekday,Night,Road,'03 - Snow','07 - Dark','03 - Loose snow','01 - Traffic signal','P.D. only','02 - Angle',Ottawa_west,0,cluster0
1611,Weekends,Night,Road,'01 - Clear','07 - Dark','02 - Wet','10 - No control','P.D. only','04 - Sideswipe',downtown,0,cluster3
1612,Weekday,Noon,Road,'01 - Clear','01 - Daylight','01 - Dry','10 - No control',Injury,'03 - Rear end',Ottawa_west,0,cluster1
1613,Weekends,Early_Morning,Road,'03 - Snow','07 - Dark','06 - Ice','02 - Stop sign','P.D. only','07 - SMV other',Ottawa_east,0,cluster0
1614,Weekday,Afternoon,Road,'01 - Clear','01 - Daylight','01 - Dry','01 - Traffic signal','P.D. only','03 - Rear end',downtown,0,cluster1
1615,Weekday,Night,Road,'03 - Snow','07 - Dark','03 - Loose snow','10 - No control','P.D. only','03 - Rear end',mid_town,0,cluster0
1616,Weekends,Evening,Road,'01 - Clear','01 - Daylight','02 - Wet','10 - No control',Injury,'03 - Rear end',Ottawa_west,0,cluster3
1617,Weekday,Afternoon,highway,'01 - Clear','01 - Daylight','01 - Dry','03 - Yield sign','P.D. only','03 - Rear end',mid_town,0,cluster2
1618,Weekends,Afternoon,Road,'01 - Clear','01 - Daylight','03 - Loose snow','01 - Traffic signal','P.D. only','03 - Rear end',downtown,0,cluster3
1619,Weekday,Afternoon,Road,'01 - Clear','01 - Daylight','06 - Ice','01 - Traffic signal','P.D. only','03 - Rear end',mid_town,0,cluster2
1620,Weekday,Night,Road,'03 - Snow','07 - Dark','03 - Loose snow','01 - Traffic signal','P.D. only','05 - Turning movement',downtown,0,cluster4
1621,Weekday,Night,Road,'03 - Snow','01 - Daylight','05 - Packed snow','01 - Traffic signal','P.D. only','99 - Other',downtown,0,cluster5
1622,Weekday,Afternoon,Road,'01 - Clear','01 - Daylight','01 - Dry','01 - Traffic signal','P.D. only','05 - Turning movement',downtown,0,cluster4
1623,Weekends,Afternoon,Road,'03 - Snow','01 - Daylight','02 - Wet','01 - Traffic signal','P.D. only','02 - Angle',mid_town,0,cluster0
1624,Weekday,Afternoon,Road,'01 - Clear','01 - Daylight','01 - Dry','10 - No control','P.D. only','03 - Rear end',downtown,0,cluster1
1625,Weekday,Afternoon,Road,'01 - Clear','01 - Daylight','01 - Dry','01 - Traffic signal',Injury,'99 - Other',downtown,0,cluster1
1626,Weekday,Afternoon,Road,'01 - Clear','01 - Daylight','01 - Dry','10 - No control','P.D. only','04 - Sideswipe',downtown,0,cluster1
1627,Weekday,Afternoon,Road,'01 - Clear','01 - Daylight','01 - Dry','02 - Stop sign','P.D. only','03 - Rear end',Ottawa_east,0,cluster1
1628,Weekday,Afternoon,highway,'01 - Clear','01 - Daylight','06 - Ice','10 - No control','P.D. only','07 - SMV other',mid_town,0,cluster0
1629,Weekday,Night,Road,'01 - Clear','07 - Dark','06 - Ice','01 - Traffic signal','P.D. only','03 - Rear end',mid_town,0,cluster1
1630,Weekday,Afternoon,Road,'01 - Clear','01 - Daylight','06 - Ice','01 - Traffic signal','P.D. only','03 - Rear end',mid_town,0,cluster2
1631,Weekday,Afternoon,Road,'01 - Clear','01 - Daylight','01 - Dry','01 - Traffic signal',Injury,'03 - Rear end',downtown,0,cluster1
1632,Weekday,Afternoon,Road,'01 - Clear','01 - Daylight','06 - Ice','10 - No control','P.D. only','04 - Sideswipe',downtown,0,cluster1
1633,Weekday,Evening,Road,'01 - Clear','01 - Daylight','06 - Ice','10 - No control','P.D. only','99 - Other',downtown,0,cluster1
1634,Weekday,Evening,Road,'01 - Clear','01 - Daylight','03 - Loose snow','02 - Stop sign','P.D. only','05 - Turning movement',downtown,0,cluster0
1635,Weekday,Mid_Night,Road,'01 - Clear','07 - Dark','06 - Ice','01 - Traffic signal','P.D. only','03 - Rear end',downtown,0,cluster4
1636,Weekday,Afternoon,Road,'01 - Clear','01 - Daylight','02 - Wet','10 - No control','P.D. only','03 - Rear end',downtown,0,cluster1
1637,Weekday,Evening,Road,'01 - Clear','01 - Daylight','01 - Dry','01 - Traffic signal',Injury,'02 - Angle',mid_town,0,cluster2
1638,Weekday,Evening,Road,'01 - Clear','01 - Daylight','01 - Dry','10 - No control',Injury,'01 - Approaching',downtown,0,cluster1
1639,Weekday,Evening,Road,'01 - Clear','01 - Daylight','01 - Dry','10 - No control','P.D. only','04 - Sideswipe',downtown,0,cluster1
1640,Weekday,Evening,Road,'01 - Clear','01 - Daylight','01 - Dry','01 - Traffic signal',Injury,'05 - Turning movement',downtown,0,cluster4
1641,Weekday,Evening,Road,'01 - Clear','01 - Daylight','01 - Dry','10 - No control','P.D. only','06 - SMV unattended vehicle',Ottawa_west,0,cluster2
1642,Weekday,Afternoon,Road,'03 - Snow','01 - Daylight','06 - Ice','01 - Traffic signal','P.D. only','03 - Rear end',downtown,0,cluster1
1643,Weekday,Evening,Road,'01 - Clear','01 - Daylight','01 - Dry','01 - Traffic signal',Injury,'05 - Turning movement',mid_town,0,cluster2
1644,Weekday,Evening,Road,'01 - Clear','01 - Daylight','01 - Dry','10 - No control','P.D. only','04 - Sideswipe',downtown,0,cluster1
1645,Weekday,Evening,Road,'01 - Clear','01 - Daylight','01 - Dry','01 - Traffic signal',Injury,'03 - Rear end',downtown,0,cluster1
1646,Weekday,Afternoon,Road,'01 - Clear','01 - Daylight','01 - Dry','01 - Traffic signal','P.D. only','05 - Turning movement',downtown,0,cluster4
1647,Weekday,Night,Road,'01 - Clear','01 - Daylight','02 - Wet','10 - No control','P.D. only','04 - Sideswipe',mid_town,0,cluster1
1648,Weekday,Evening,Road,'01 - Clear','01 - Daylight','06 - Ice','01 - Traffic signal','P.D. only','07 - SMV other',mid_town,0,cluster0
1649,Weekday,Evening,Road,'01 - Clear','01 - Daylight','06 - Ice','02 - Stop sign','P.D. only','03 - Rear end',downtown,0,cluster1
1650,Weekday,Night,Road,'01 - Clear','01 - Daylight','01 - Dry','02 - Stop sign','P.D. only','05 - Turning movement',downtown,0,cluster1
1651,Weekday,Afternoon,Road,'01 - Clear','01 - Daylight','01 - Dry','10 - No control','P.D. only','03 - Rear end',downtown,0,cluster1
1652,Weekday,Night,Road,'01 - Clear','01 - Daylight','01 - Dry','02 - Stop sign','P.D. only','02 - Angle',mid_town,0,cluster1
1653,Weekday,Night,Road,'01 - Clear','01 - Daylight','01 - Dry','01 - Traffic signal','P.D. only','03 - Rear end',mid_town,0,cluster1
1654,Weekday,Night,Road,'01 - Clear','01 - Daylight','01 - Dry','01 - Traffic signal',Injury,'05 - Turning movement',downtown,0,cluster1
1655,Weekday,Night,Road,'01 - Clear','01 - Daylight','06 - Ice','10 - No control','P.D. only','03 - Rear end',downtown,0,cluster1
1656,Weekday,Night,Road,'01 - Clear','01 - Daylight','02 - Wet','01 - Traffic signal','P.D. only','03 - Rear end',mid_town,0,cluster5
1657,Weekday,Night,Road,'01 - Clear','01 - Daylight','01 - Dry','10 - No control','P.D. only','04 - Sideswipe',downtown,0,cluster1
1658,Weekday,Night,Road,'01 - Clear','05 - Dusk','05 - Packed snow','10 - No control','P.D. only','01 - Approaching',mid_town,0,cluster1
1659,Weekday,Night,Road,'01 - Clear','05 - Dusk','01 - Dry','10 - No control','P.D. only','05 - Turning movement',mid_town,0,cluster1
1660,Weekday,Night,Road,'01 - Clear','05 - Dusk','01 - Dry','01 - Traffic signal','P.D. only','05 - Turning movement',mid_town,0,cluster4
1661,Weekday,Night,Road,'01 - Clear','05 - Dusk','02 - Wet','10 - No control','P.D. only','03 - Rear end',Ottawa_east,0,cluster1
1662,Weekday,Night,Road,'01 - Clear','05 - Dusk','01 - Dry','10 - No control','P.D. only','03 - Rear end',mid_town,0,cluster1
1663,Weekday,Night,Road,'01 - Clear','07 - Dark','01 - Dry','10 - No control','P.D. only','03 - Rear end',Ottawa_east,0,cluster1
1664,Weekday,Mid_Night,Road,'01 - Clear','07 - Dark','01 - Dry','10 - No control','P.D. only','07 - SMV other',Ottawa_west,0,cluster4
1665,Weekday,Mid_Night,Road,'01 - Clear','07 - Dark','01 - Dry','10 - No control','P.D. only','03 - Rear end',mid_town,0,cluster2
1666,Weekday,Mid_Night,Road,'01 - Clear','07 - Dark','01 - Dry','10 - No control','P.D. only','03 - Rear end',mid_town,0,cluster2
1667,Weekday,Mid_Night,Road,'01 - Clear','07 - Dark','01 - Dry','10 - No control',Injury,'03 - Rear end',mid_town,0,cluster2
1668,Weekday,Mid_Night,Road,'01 - Clear','07 - Dark','01 - Dry','10 - No control','P.D. only','03 - Rear end',downtown,0,cluster1
1669,Weekday,Mid_Night,Road,'01 - Clear','07 - Dark','01 - Dry','10 - No control',Injury,'07 - SMV other',Ottawa_south,0,cluster4
1670,Weekday,Mid_Night,Road,'01 - Clear','07 - Dark','01 - Dry','10 - No control',Injury,'05 - Turning movement',Ottawa_east,0,cluster4
1671,Weekday,Mid_Night,Road,'01 - Clear','07 - Dark','01 - Dry','01 - Traffic signal','P.D. only','03 - Rear end',downtown,0,cluster4
1672,Weekends,Early_Morning,Road,'01 - Clear','07 - Dark','01 - Dry','10 - No control','P.D. only','03 - Rear end',downtown,0,cluster1
1673,Weekends,Early_Morning,Road,'01 - Clear','07 - Dark','05 - Packed snow','10 - No control','P.D. only','07 - SMV other',Ottawa_south,0,cluster3
1674,Weekends,Early_Morning,Road,'01 - Clear','07 - Dark','01 - Dry','10 - No control','P.D. only','07 - SMV other',mid_town,0,cluster2
1675,Weekends,Morning,Road,'01 - Clear','07 - Dark','01 - Dry','01 - Traffic signal','P.D. only','07 - SMV other',Ottawa_west,0,cluster4
1676,Weekends,Early_Morning,Road,'01 - Clear','07 - Dark','01 - Dry','10 - No control','P.D. only','07 - SMV other',Ottawa_east,0,cluster1
1677,Weekends,Noon,Road,'01 - Clear','03 - Dawn','01 - Dry','03 - Yield sign','P.D. only','02 - Angle',Ottawa_east,0,cluster1
1678,Weekends,Afternoon,Road,'01 - Clear','01 - Daylight','01 - Dry','10 - No control','P.D. only','02 - Angle',downtown,0,cluster1
1679,Weekends,Early_Morning,Road,'01 - Clear','07 - Dark','06 - Ice','10 - No control','P.D. only','07 - SMV other',Ottawa_south,0,cluster3
1680,Weekends,Afternoon,Road,'01 - Clear','01 - Daylight','06 - Ice','10 - No control','P.D. only','06 - SMV unattended vehicle',mid_town,0,cluster2
1681,Weekends,Afternoon,Road,'01 - Clear','01 - Daylight','01 - Dry','10 - No control','P.D. only','03 - Rear end',mid_town,0,cluster2
1682,Weekday,Mid_Night,Road,'00 - Unknown','07 - Dark','00 - Unknown','02 - Stop sign','P.D. only','05 - Turning movement',downtown,0,cluster4
1683,Weekends,Afternoon,Road,'01 - Clear','01 - Daylight','01 - Dry','01 - Traffic signal',Injury,'03 - Rear end',mid_town,0,cluster2
1684,Weekends,Afternoon,Road,'01 - Clear','01 - Daylight','06 - Ice','10 - No control','P.D. only','07 - SMV other',downtown,1,cluster3
1685,Weekends,Afternoon,Road,'01 - Clear','01 - Daylight','01 - Dry','01 - Traffic signal','P.D. only','03 - Rear end',Ottawa_east,0,cluster1