Instance_number,DATE,TIME,Road_type,ENVIRONMENT,LIGHT,SURFACE_CONDITION,TRAFFIC_CONTROL,COLLISION_CLASSIFICATION,IMPACT_TYPE,Location,NO_OF_PEDESTRIANS,Cluster
1686,Weekday,Mid_Night,Road,'01 - Clear','07 - Dark','01 - Dry','10 - No control','P.D. only','05 - Turning movement',mid_town,0,cluster4
1687,Weekday,Mid_Night,Road,'01 - Clear','07 - Dark','01 - Dry','10 - No control','P.D. only','06 - SMV unattended vehicle',Ottawa_west,0,cluster4
1688,Weekends,Evening,Road,'01 - Clear','01 - Daylight','01 - Dry','02 - Stop sign','P.D. only','02 - Angle',Ottawa_west,0,cluster2
1689,Weekday,Noon,Road,'01 - Clear','07 - Dark','05 - Packed snow','10 - No control','P.D. only','06 - SMV unattended vehicle',Ottawa_west,0,cluster1
1690,Weekday,Afternoon,Road,'01 - Clear','01 - Daylight','01 - Dry','01 - Traffic signal','P.D. only','03 - Rear end',Ottawa_east,0,cluster1
1691,Weekends,Evening,Road,'01 - Clear','01 - Daylight','01 - Dry','10 - No control','P.D. only','03 - Rear end',Ottawa_south,0,cluster2
1692,Weekends,Evening,Road,'01 - Clear','01 - Daylight','01 - Dry','10 - No control','P.D. only','06 - SMV unattended vehicle',downtown,0,cluster3
1693,Weekday,Evening,Road,'01 - Clear','01 - Daylight','01 - Dry','01 - Traffic signal','P.D. only','03 - Rear end',downtown,0,cluster1
1694,Weekends,Evening,Road,'01 - Clear','01 - Daylight','01 - Dry','02 - Stop sign','P.D. only','02 - Angle',Ottawa_west,0,cluster2
1695,Weekday,Noon,Road,'01 - Clear','03 - Dawn','05 - Packed snow','10 - No control','P.D. only','03 - Rear end',downtown,0,cluster1
1696,Weekends,Night,Road,'01 - Clear','07 - Dark','01 - Dry','01 - Traffic signal','P.D. only','05 - Turning movement',mid_town,0,cluster4
1697,Weekends,Night,Road,'01 - Clear','07 - Dark','06 - Ice','10 - No control','P.D. only','03 - Rear end',mid_town,0,cluster1
1698,Weekends,Night,Road,'01 - Clear','07 - Dark','06 - Ice','01 - Traffic signal','P.D. only','03 - Rear end',downtown,0,cluster1
1699,Weekends,Night,Road,'01 - Clear','07 - Dark','01 - Dry','02 - Stop sign','P.D. only','05 - Turning movement',downtown,0,cluster4
1700,Weekends,Mid_Night,Road,'01 - Clear','07 - Dark','01 - Dry','01 - Traffic signal','P.D. only','05 - Turning movement',mid_town,0,cluster4
1701,Weekends,Mid_Night,Road,'01 - Clear','07 - Dark','01 - Dry','01 - Traffic signal','P.D. only','03 - Rear end',mid_town,0,cluster4
1702,Weekends,Evening,Road,'01 - Clear','01 - Daylight','02 - Wet','01 - Traffic signal',Injury,'02 - Angle',mid_town,0,cluster3
1703,Weekday,Afternoon,Road,'01 - Clear','01 - Daylight','01 - Dry','10 - No control','P.D. only','07 - SMV other',mid_town,0,cluster2
1704,Weekday,Afternoon,Road,'01 - Clear','01 - Daylight','05 - Packed snow','02 - Stop sign','P.D. only','01 - Approaching',Ottawa_south,0,cluster1
1705,Weekends,Afternoon,highway,'03 - Snow','01 - Daylight','02 - Wet','10 - No control',Injury,'05 - Turning movement',mid_town,0,cluster0
1706,Weekends,Evening,Road,'01 - Clear','01 - Daylight','02 - Wet','01 - Traffic signal','P.D. only','03 - Rear end',Ottawa_west,0,cluster3
1707,Weekday,Night,Road,'03 - Snow','07 - Dark','03 - Loose snow','10 - No control','P.D. only','04 - Sideswipe',Ottawa_east,0,cluster0
1708,Weekday,Noon,Road,'01 - Clear','01 - Daylight','01 - Dry','10 - No control','P.D. only','03 - Rear end',downtown,0,cluster1
1709,Weekends,Mid_Night,Road,'01 - Clear','07 - Dark','05 - Packed snow','10 - No control','P.D. only','06 - SMV unattended vehicle',downtown,0,cluster3
1710,Weekday,Night,Road,'03 - Snow','07 - Dark','03 - Loose snow','10 - No control','P.D. only','04 - Sideswipe',mid_town,0,cluster0
1711,Weekends,Mid_Night,Road,'03 - Snow','00 - Unknown','03 - Loose snow','10 - No control','P.D. only','06 - SMV unattended vehicle',downtown,0,cluster0
1712,Weekday,Night,Road,'01 - Clear','07 - Dark','01 - Dry','01 - Traffic signal','P.D. only','03 - Rear end',downtown,0,cluster1
1713,Weekends,Evening,Road,'01 - Clear','01 - Daylight','01 - Dry','02 - Stop sign','P.D. only','02 - Angle',Ottawa_west,0,cluster2
1714,Weekends,Evening,Road,'01 - Clear','01 - Daylight','02 - Wet','10 - No control','P.D. only','04 - Sideswipe',downtown,0,cluster3
1715,Weekday,Night,Road,'03 - Snow','07 - Dark','05 - Packed snow','10 - No control','P.D. only','05 - Turning movement',downtown,0,cluster1
1716,Weekday,Afternoon,highway,'01 - Clear','01 - Daylight','01 - Dry','10 - No control','P.D. only','03 - Rear end',downtown,0,cluster1
1717,Weekends,Evening,Road,'01 - Clear','01 - Daylight','02 - Wet','01 - Traffic signal',Injury,'03 - Rear end',Ottawa_west,0,cluster3
1718,Weekends,Evening,Road,'01 - Clear','01 - Daylight','02 - Wet','01 - Traffic signal','P.D. only','04 - Sideswipe',downtown,0,cluster3
1719,Weekends,Evening,Road,'01 - Clear','01 - Daylight','02 - Wet','02 - Stop sign','P.D. only','06 - SMV unattended vehicle',downtown,0,cluster3
1720,Weekends,Evening,Road,'01 - Clear','01 - Daylight','02 - Wet','02 - Stop sign','P.D. only','07 - SMV other',downtown,0,cluster3
1721,Weekday,Evening,Road,'03 - Snow','01 - Daylight','05 - Packed snow','02 - Stop sign','P.D. only','03 - Rear end',mid_town,0,cluster0
1722,Weekends,Evening,Road,'01 - Clear','01 - Daylight','02 - Wet','10 - No control','P.D. only','04 - Sideswipe',mid_town,0,cluster3
1723,Weekends,Night,Road,'01 - Clear','01 - Daylight','02 - Wet','01 - Traffic signal','P.D. only','03 - Rear end',downtown,0,cluster3
1724,Weekends,Night,Road,'01 - Clear','01 - Daylight','02 - Wet','01 - Traffic signal','P.D. only','02 - Angle',downtown,0,cluster5
1725,Weekends,Night,Road,'01 - Clear','01 - Daylight','02 - Wet','10 - No control','P.D. only','02 - Angle',Ottawa_south,0,cluster3
1726,Weekends,Night,Road,'01 - Clear','01 - Daylight','03 - Loose snow','10 - No control','P.D. only','06 - SMV unattended vehicle',downtown,0,cluster1
1727,Weekends,Night,Road,'01 - Clear','01 - Daylight','01 - Dry','10 - No control','P.D. only','03 - Rear end',mid_town,0,cluster1
1728,Weekends,Night,Road,'01 - Clear','01 - Daylight','01 - Dry','01 - Traffic signal','P.D. only','04 - Sideswipe',mid_town,0,cluster1
1729,Weekends,Night,Road,'01 - Clear','01 - Daylight','01 - Dry','02 - Stop sign','P.D. only','07 - SMV other',downtown,0,cluster1
1730,Weekends,Early_Morning,Road,'03 - Snow','07 - Dark','03 - Loose snow','10 - No control','P.D. only','07 - SMV other',Ottawa_west,0,cluster0
1731,Weekday,Evening,Road,'03 - Snow','01 - Daylight','05 - Packed snow','01 - Traffic signal','P.D. only','02 - Angle',downtown,0,cluster0
1732,Weekday,Mid_Night,Road,'00 - Unknown','00 - Unknown','00 - Unknown','10 - No control','P.D. only','06 - SMV unattended vehicle',downtown,0,cluster1
1733,Weekends,Mid_Night,Road,'01 - Clear','07 - Dark','02 - Wet','02 - Stop sign',Injury,'07 - SMV other',downtown,0,cluster3
1734,Weekday,Noon,Road,'01 - Clear','03 - Dawn','01 - Dry','10 - No control','P.D. only','07 - SMV other',Ottawa_east,0,cluster1
1735,Weekday,Noon,highway,'01 - Clear','03 - Dawn','01 - Dry','10 - No control','P.D. only','03 - Rear end',Ottawa_west,0,cluster1
1736,Weekday,Noon,Road,'01 - Clear','01 - Daylight','01 - Dry','10 - No control','P.D. only','07 - SMV other',Ottawa_west,0,cluster1
1737,Weekday,Evening,Road,'03 - Snow','01 - Daylight','03 - Loose snow','10 - No control','P.D. only','07 - SMV other',Ottawa_south,0,cluster0
1738,Weekends,Evening,Road,'01 - Clear','01 - Daylight','01 - Dry','10 - No control','P.D. only','06 - SMV unattended vehicle',Ottawa_west,0,cluster2
1739,Weekday,Afternoon,Road,'03 - Snow','01 - Daylight','04 - Slush','01 - Traffic signal','P.D. only','02 - Angle',downtown,0,cluster5
1740,Weekday,Afternoon,Road,'01 - Clear','01 - Daylight','02 - Wet','01 - Traffic signal','P.D. only','06 - SMV unattended vehicle',downtown,0,cluster5
1741,Weekday,Afternoon,Road,'03 - Snow','01 - Daylight','04 - Slush','01 - Traffic signal','P.D. only','05 - Turning movement',downtown,0,cluster4
1742,Weekday,Afternoon,Road,'01 - Clear','01 - Daylight','04 - Slush','02 - Stop sign','P.D. only','05 - Turning movement',downtown,0,cluster1
1743,Weekday,Early_Morning,Road,'01 - Clear','07 - Dark','05 - Packed snow','10 - No control','P.D. only','06 - SMV unattended vehicle',downtown,0,cluster1
1744,Weekday,Evening,Road,'03 - Snow','01 - Daylight','03 - Loose snow','10 - No control','P.D. only','07 - SMV other',Ottawa_east,0,cluster0
1745,Weekday,Night,Road,'01 - Clear','01 - Daylight','01 - Dry','01 - Traffic signal','P.D. only','03 - Rear end',downtown,0,cluster1
1746,Weekends,Evening,Road,'01 - Clear','01 - Daylight','03 - Loose snow','10 - No control','P.D. only','05 - Turning movement',downtown,0,cluster3
1747,Weekday,Evening,Road,'01 - Clear','01 - Daylight','02 - Wet','01 - Traffic signal','P.D. only','03 - Rear end',mid_town,0,cluster2
1748,Weekday,Evening,Road,'01 - Clear','01 - Daylight','02 - Wet','01 - Traffic signal','P.D. only','04 - Sideswipe',mid_town,0,cluster2
1749,Weekday,Evening,Road,'04 - Freezing Rain','01 - Daylight','02 - Wet','10 - No control','P.D. only','04 - Sideswipe',mid_town,0,cluster0
1750,Weekday,Night,Road,'01 - Clear','01 - Daylight','03 - Loose snow','10 - No control','P.D. only','02 - Angle',downtown,0,cluster1
1751,Weekday,Night,Road,'01 - Clear','01 - Daylight','02 - Wet','02 - Stop sign','P.D. only','03 - Rear end',downtown,0,cluster1
1752,Weekday,Night,Road,'04 - Freezing Rain','01 - Daylight','06 - Ice','01 - Traffic signal','P.D. only','03 - Rear end',Ottawa_east,0,cluster1
1753,Weekday,Night,Road,'01 - Clear','01 - Daylight','01 - Dry','10 - No control','P.D. only','02 - Angle',downtown,0,cluster1
1754,Weekday,Night,Road,'01 - Clear','01 - Daylight','02 - Wet','10 - No control',Injury,'04 - Sideswipe',mid_town,0,cluster1
1755,Weekday,Night,Road,'02 - Rain','05 - Dusk','04 - Slush','02 - Stop sign','P.D. only','02 - Angle',downtown,0,cluster1
1756,Weekday,Night,Road,'02 - Rain','05 - Dusk','02 - Wet','10 - No control',Injury,'02 - Angle',downtown,0,cluster1
1757,Weekday,Night,Road,'03 - Snow','05 - Dusk','06 - Ice','02 - Stop sign','P.D. only','02 - Angle',downtown,0,cluster1
1758,Weekday,Mid_Night,Road,'03 - Snow','00 - Unknown','03 - Loose snow','10 - No control','P.D. only','06 - SMV unattended vehicle',Ottawa_west,0,cluster0
1759,Weekday,Night,Road,'04 - Freezing Rain','07 - Dark','06 - Ice','10 - No control','P.D. only','07 - SMV other',downtown,0,cluster1
1760,Weekday,Mid_Night,Road,'01 - Clear','00 - Unknown','03 - Loose snow','10 - No control','P.D. only','06 - SMV unattended vehicle',mid_town,0,cluster0
1761,Weekday,Night,Road,'01 - Clear','01 - Daylight','04 - Slush','01 - Traffic signal','P.D. only','99 - Other',downtown,0,cluster5
1762,Weekday,Night,Road,'01 - Clear','07 - Dark','02 - Wet','10 - No control','P.D. only','07 - SMV other',Ottawa_east,0,cluster5
1763,Weekday,Mid_Night,Road,'03 - Snow','07 - Dark','06 - Ice','01 - Traffic signal','P.D. only','99 - Other',Ottawa_east,0,cluster4
1764,Weekday,Mid_Night,Road,'04 - Freezing Rain','07 - Dark','04 - Slush','01 - Traffic signal','P.D. only','05 - Turning movement',downtown,0,cluster4
1765,Weekday,Noon,Road,'01 - Clear','01 - Daylight','05 - Packed snow','10 - No control','P.D. only','06 - SMV unattended vehicle',Ottawa_west,0,cluster1
1766,Weekday,Mid_Night,Road,'02 - Rain','07 - Dark','03 - Loose snow','01 - Traffic signal','P.D. only','05 - Turning movement',Ottawa_east,0,cluster4
1767,Weekday,Mid_Night,Road,'02 - Rain','07 - Dark','04 - Slush','10 - No control','P.D. only','07 - SMV other',Ottawa_west,0,cluster0
1768,Weekday,Mid_Night,highway,'03 - Snow','07 - Dark','04 - Slush','10 - No control','P.D. only','07 - SMV other',downtown,0,cluster0
1769,Weekday,Mid_Night,Road,'03 - Snow','07 - Dark','04 - Slush','10 - No control','P.D. only','07 - SMV other',Ottawa_east,0,cluster0
1770,Weekday,Mid_Night,highway,'02 - Rain','07 - Dark','02 - Wet','10 - No control','P.D. only','03 - Rear end',downtown,0,cluster1
1771,Weekday,Mid_Night,Road,'03 - Snow','07 - Dark','04 - Slush','10 - No control','P.D. only','03 - Rear end',Ottawa_south,0,cluster0
1772,Weekday,Mid_Night,Road,'03 - Snow','07 - Dark','04 - Slush','10 - No control','P.D. only','07 - SMV other',Ottawa_east,0,cluster0
1773,Weekday,Mid_Night,Road,'03 - Snow','07 - Dark','03 - Loose snow','01 - Traffic signal','P.D. only','07 - SMV other',downtown,0,cluster4
1774,Weekday,Mid_Night,Road,'03 - Snow','07 - Dark','04 - Slush','02 - Stop sign',Injury,'02 - Angle',downtown,0,cluster4
1775,Weekday,Noon,Road,'03 - Snow','01 - Daylight','02 - Wet','10 - No control','P.D. only','03 - Rear end',mid_town,0,cluster0
1776,Weekday,Noon,Road,'03 - Snow','01 - Daylight','04 - Slush','10 - No control','P.D. only','03 - Rear end',Ottawa_east,0,cluster0
1777,Weekday,Afternoon,Road,'01 - Clear','01 - Daylight','02 - Wet','01 - Traffic signal','P.D. only','04 - Sideswipe',mid_town,0,cluster5
1778,Weekday,Noon,Road,'02 - Rain','01 - Daylight','02 - Wet','10 - No control','P.D. only','04 - Sideswipe',downtown,0,cluster1
1779,Weekends,Mid_Night,Road,'01 - Clear','00 - Unknown','03 - Loose snow','10 - No control','P.D. only','06 - SMV unattended vehicle',downtown,0,cluster3
1780,Weekday,Mid_Night,Road,'02 - Rain','07 - Dark','04 - Slush',Unknown,'P.D. only','02 - Angle',Ottawa_west,0,cluster4
1781,Weekday,Evening,Road,'01 - Clear','01 - Daylight','04 - Slush','10 - No control','P.D. only','06 - SMV unattended vehicle',downtown,0,cluster1
1782,Weekday,Evening,Road,'01 - Clear','01 - Daylight','02 - Wet','01 - Traffic signal','P.D. only','03 - Rear end',mid_town,0,cluster2
1783,Weekday,Evening,Road,'01 - Clear','01 - Daylight','01 - Dry','01 - Traffic signal','P.D. only','05 - Turning movement',downtown,0,cluster4
1784,Weekday,Evening,Road,'03 - Snow','01 - Daylight','02 - Wet','10 - No control','P.D. only','03 - Rear end',mid_town,0,cluster0
1785,Weekday,Mid_Night,Road,'01 - Clear','00 - Unknown','01 - Dry','10 - No control','P.D. only','06 - SMV unattended vehicle',downtown,0,cluster1
1786,Weekday,Evening,Road,'01 - Clear','01 - Daylight','05 - Packed snow','10 - No control','P.D. only','06 - SMV unattended vehicle',Ottawa_west,0,cluster2
1787,Weekday,Evening,Road,'01 - Clear','01 - Daylight','01 - Dry','10 - No control','P.D. only','04 - Sideswipe',downtown,0,cluster1
1788,Weekday,Noon,Road,'01 - Clear','01 - Daylight','01 - Dry','01 - Traffic signal','P.D. only','05 - Turning movement',downtown,0,cluster4
1789,Weekends,Mid_Night,Road,'01 - Clear','07 - Dark','01 - Dry','10 - No control','P.D. only','01 - Approaching',Ottawa_west,0,cluster4
1790,Weekday,Evening,Road,'01 - Clear','01 - Daylight','01 - Dry','02 - Stop sign',Injury,'07 - SMV other',Ottawa_east,0,cluster2
1791,Weekday,Evening,Road,'01 - Clear','01 - Daylight','01 - Dry','01 - Traffic signal','P.D. only','03 - Rear end',Ottawa_east,0,cluster2
1792,Weekends,Evening,Road,'01 - Clear','01 - Daylight','02 - Wet','10 - No control','P.D. only','04 - Sideswipe',mid_town,0,cluster3
1793,Weekday,Night,Road,'01 - Clear','07 - Dark','01 - Dry','10 - No control','P.D. only','06 - SMV unattended vehicle',Ottawa_west,0,cluster1
1794,Weekends,Night,Road,'01 - Clear','07 - Dark','01 - Dry','10 - No control','P.D. only','06 - SMV unattended vehicle',Ottawa_south,0,cluster1
1795,Weekday,Night,Road,'03 - Snow','07 - Dark','03 - Loose snow','10 - No control','P.D. only','07 - SMV other',Ottawa_east,0,cluster0
1796,Weekends,Evening,Road,'01 - Clear','01 - Daylight','02 - Wet','01 - Traffic signal','P.D. only','03 - Rear end',mid_town,0,cluster3
1797,Weekday,Night,Road,'01 - Clear','05 - Dusk','01 - Dry','01 - Traffic signal','P.D. only','03 - Rear end',downtown,0,cluster1
1798,Weekday,Night,Road,'03 - Snow','07 - Dark','03 - Loose snow','10 - No control','P.D. only','01 - Approaching',Ottawa_south,0,cluster0
1799,Weekends,Evening,Road,'01 - Clear','01 - Daylight','01 - Dry','02 - Stop sign','P.D. only','02 - Angle',Ottawa_east,0,cluster2
1800,Weekday,Night,Road,'01 - Clear','01 - Daylight','08 - Loose sand or gravel','10 - No control','P.D. only','03 - Rear end',downtown,0,cluster1
1801,Weekday,Night,Road,'01 - Clear','01 - Daylight','01 - Dry','01 - Traffic signal','P.D. only','03 - Rear end',downtown,0,cluster1
1802,Weekday,Night,Road,'01 - Clear','07 - Dark','01 - Dry','01 - Traffic signal','P.D. only','03 - Rear end',downtown,0,cluster1
1803,Weekday,Night,Road,'01 - Clear','01 - Daylight','01 - Dry','01 - Traffic signal','P.D. only','04 - Sideswipe',downtown,0,cluster1
1804,Weekday,Evening,Road,'01 - Clear','01 - Daylight','01 - Dry','10 - No control','P.D. only','04 - Sideswipe',downtown,0,cluster1
1805,Weekday,Night,Road,'01 - Clear','07 - Dark','01 - Dry','01 - Traffic signal','P.D. only','03 - Rear end',mid_town,0,cluster1
1806,Weekday,Evening,Road,'01 - Clear','01 - Daylight','02 - Wet','10 - No control','P.D. only','03 - Rear end',mid_town,0,cluster2
1807,Weekday,Night,Road,'01 - Clear','07 - Dark','01 - Dry','10 - No control','P.D. only','04 - Sideswipe',downtown,0,cluster1
1808,Weekday,Night,Road,'01 - Clear','01 - Daylight','01 - Dry','10 - No control','P.D. only','04 - Sideswipe',Ottawa_east,0,cluster1
1809,Weekday,Night,Road,'01 - Clear','07 - Dark','01 - Dry','01 - Traffic signal','P.D. only','03 - Rear end',downtown,0,cluster1
1810,Weekday,Night,Road,'01 - Clear','07 - Dark','01 - Dry','01 - Traffic signal','P.D. only','03 - Rear end',mid_town,0,cluster1
1811,Weekday,Mid_Night,Road,'01 - Clear','07 - Dark','01 - Dry','01 - Traffic signal','P.D. only','03 - Rear end',mid_town,0,cluster4
1812,Weekday,Mid_Night,Road,'01 - Clear','07 - Dark','01 - Dry','01 - Traffic signal','P.D. only','04 - Sideswipe',mid_town,0,cluster4
1813,Weekday,Mid_Night,Road,'01 - Clear','07 - Dark','01 - Dry','01 - Traffic signal','P.D. only','05 - Turning movement',downtown,0,cluster4
1814,Weekday,Mid_Night,Road,'03 - Snow','07 - Dark','02 - Wet','01 - Traffic signal','P.D. only','02 - Angle',downtown,0,cluster4
1815,Weekday,Mid_Night,Road,'03 - Snow','07 - Dark','02 - Wet','01 - Traffic signal','P.D. only','05 - Turning movement',Ottawa_east,0,cluster4
1816,Weekday,Mid_Night,Road,'01 - Clear','07 - Dark','01 - Dry','01 - Traffic signal','P.D. only','03 - Rear end',downtown,0,cluster4
1817,Weekday,Mid_Night,Road,'03 - Snow','07 - Dark','03 - Loose snow','10 - No control','P.D. only','01 - Approaching',mid_town,0,cluster0
1818,Weekday,Early_Morning,Road,'03 - Snow','07 - Dark','03 - Loose snow','10 - No control','P.D. only','07 - SMV other',downtown,0,cluster0
1819,Weekday,Morning,Road,'03 - Snow','07 - Dark','05 - Packed snow','01 - Traffic signal','P.D. only','03 - Rear end',mid_town,0,cluster0
1820,Weekday,Noon,Road,'03 - Snow','07 - Dark','05 - Packed snow','10 - No control',Injury,'04 - Sideswipe',downtown,0,cluster0
1821,Weekday,Noon,Road,'03 - Snow','07 - Dark','03 - Loose snow','01 - Traffic signal',Injury,'02 - Angle',mid_town,0,cluster0
1822,Weekday,Noon,Road,'03 - Snow','03 - Dawn','05 - Packed snow','10 - No control','P.D. only','01 - Approaching',Ottawa_east,0,cluster0
1823,Weekday,Noon,Road,'03 - Snow','01 - Daylight','05 - Packed snow','10 - No control','P.D. only','07 - SMV other',downtown,0,cluster0
1824,Weekday,Noon,Road,'03 - Snow','01 - Daylight','03 - Loose snow','10 - No control','P.D. only','04 - Sideswipe',Ottawa_west,0,cluster0
1825,Weekday,Noon,Road,'03 - Snow','01 - Daylight','03 - Loose snow','10 - No control','P.D. only','02 - Angle',downtown,0,cluster0
1826,Weekday,Noon,Road,'03 - Snow','01 - Daylight','03 - Loose snow','01 - Traffic signal','P.D. only','03 - Rear end',Ottawa_west,0,cluster0
1827,Weekday,Noon,Road,'03 - Snow','01 - Daylight','03 - Loose snow','02 - Stop sign','P.D. only','05 - Turning movement',Ottawa_west,0,cluster0
1828,Weekday,Noon,Road,'05 - Drifting Snow','01 - Daylight','05 - Packed snow','10 - No control','P.D. only','01 - Approaching',downtown,0,cluster1
1829,Weekday,Noon,Road,'03 - Snow','01 - Daylight','06 - Ice','01 - Traffic signal',Injury,'02 - Angle',downtown,0,cluster5
1830,Weekday,Noon,Road,'03 - Snow','01 - Daylight','06 - Ice','10 - No control','P.D. only','03 - Rear end',downtown,0,cluster1
1831,Weekday,Noon,Road,'03 - Snow','01 - Daylight','06 - Ice','10 - No control','P.D. only','07 - SMV other',Ottawa_south,0,cluster0
1832,Weekday,Noon,Road,'03 - Snow','01 - Daylight','03 - Loose snow','01 - Traffic signal','P.D. only','03 - Rear end',Ottawa_east,0,cluster0
1833,Weekday,Noon,Road,'03 - Snow','01 - Daylight','03 - Loose snow','10 - No control','P.D. only','04 - Sideswipe',downtown,0,cluster0
1834,Weekday,Noon,Road,'03 - Snow','01 - Daylight','05 - Packed snow','10 - No control','P.D. only','99 - Other',mid_town,0,cluster0
1835,Weekday,Noon,Road,'03 - Snow','01 - Daylight','03 - Loose snow','01 - Traffic signal','P.D. only','02 - Angle',downtown,0,cluster0
1836,Weekday,Noon,Road,'03 - Snow','01 - Daylight','03 - Loose snow','10 - No control','P.D. only','03 - Rear end',downtown,0,cluster0
1837,Weekday,Afternoon,Road,'03 - Snow','01 - Daylight','03 - Loose snow','02 - Stop sign','P.D. only','02 - Angle',downtown,0,cluster0
1838,Weekday,Afternoon,Road,'05 - Drifting Snow','01 - Daylight','05 - Packed snow','01 - Traffic signal',Injury,'07 - SMV other',downtown,0,cluster5
1839,Weekday,Afternoon,Road,'03 - Snow','01 - Daylight','03 - Loose snow','01 - Traffic signal','P.D. only','03 - Rear end',mid_town,0,cluster0
1840,Weekday,Afternoon,Road,'03 - Snow','01 - Daylight','05 - Packed snow','02 - Stop sign','P.D. only','02 - Angle',Ottawa_west,0,cluster0
1841,Weekday,Afternoon,Road,'05 - Drifting Snow','01 - Daylight','01 - Dry','10 - No control','P.D. only','07 - SMV other',Ottawa_south,0,cluster0
1842,Weekday,Afternoon,Road,'03 - Snow','01 - Daylight','06 - Ice','02 - Stop sign','P.D. only','02 - Angle',downtown,0,cluster0
1843,Weekday,Afternoon,Road,'03 - Snow','01 - Daylight','05 - Packed snow','01 - Traffic signal','P.D. only','02 - Angle',downtown,0,cluster5
1844,Weekday,Afternoon,Road,'03 - Snow','01 - Daylight','03 - Loose snow','01 - Traffic signal','P.D. only','05 - Turning movement',downtown,0,cluster0
1845,Weekday,Afternoon,Road,'03 - Snow','01 - Daylight','05 - Packed snow','10 - No control','P.D. only','03 - Rear end',downtown,0,cluster1
1846,Weekday,Afternoon,Road,'03 - Snow','01 - Daylight','03 - Loose snow','01 - Traffic signal','P.D. only','04 - Sideswipe',mid_town,0,cluster0
1847,Weekday,Night,Road,'01 - Clear','01 - Daylight','01 - Dry','01 - Traffic signal','P.D. only','03 - Rear end',downtown,0,cluster1
1848,Weekday,Evening,Road,'03 - Snow','01 - Daylight','06 - Ice','01 - Traffic signal',Injury,'03 - Rear end',mid_town,0,cluster0
1849,Weekday,Evening,Road,'03 - Snow','01 - Daylight','03 - Loose snow','10 - No control',Injury,'07 - SMV other',mid_town,0,cluster0
1850,Weekday,Evening,Road,'03 - Snow','01 - Daylight','03 - Loose snow','10 - No control','P.D. only','03 - Rear end',mid_town,0,cluster0
1851,Weekday,Evening,highway,'03 - Snow','01 - Daylight','03 - Loose snow','01 - Traffic signal','P.D. only','04 - Sideswipe',downtown,0,cluster0
1852,Weekday,Evening,Road,'03 - Snow','01 - Daylight','03 - Loose snow','01 - Traffic signal','P.D. only','07 - SMV other',Ottawa_west,0,cluster0
1853,Weekday,Afternoon,highway,'03 - Snow','01 - Daylight','03 - Loose snow','10 - No control','P.D. only','04 - Sideswipe',mid_town,0,cluster0
1854,Weekday,Afternoon,Road,'03 - Snow','01 - Daylight','05 - Packed snow','01 - Traffic signal','P.D. only','03 - Rear end',Ottawa_west,0,cluster0
1855,Weekday,Evening,Road,'03 - Snow','01 - Daylight','03 - Loose snow','01 - Traffic signal','P.D. only','04 - Sideswipe',downtown,0,cluster0
1856,Weekday,Afternoon,highway,'01 - Clear','01 - Daylight','03 - Loose snow','10 - No control','P.D. only','05 - Turning movement',downtown,0,cluster1
1857,Weekday,Evening,Road,'03 - Snow','01 - Daylight','03 - Loose snow','10 - No control','P.D. only','03 - Rear end',downtown,0,cluster0
1858,Weekday,Evening,Road,'03 - Snow','01 - Daylight','03 - Loose snow','02 - Stop sign','P.D. only','03 - Rear end',mid_town,0,cluster0
1859,Weekday,Evening,highway,'03 - Snow','01 - Daylight','05 - Packed snow','01 - Traffic signal','P.D. only','04 - Sideswipe',mid_town,0,cluster0
1860,Weekday,Evening,Road,'03 - Snow','01 - Daylight','03 - Loose snow','02 - Stop sign','P.D. only','02 - Angle',Ottawa_east,0,cluster0
1861,Weekday,Mid_Night,Road,'03 - Snow','07 - Dark','04 - Slush','10 - No control','P.D. only','06 - SMV unattended vehicle',downtown,0,cluster4
1862,Weekends,Night,Road,'01 - Clear','01 - Daylight','02 - Wet','02 - Stop sign',Injury,'02 - Angle',mid_town,0,cluster3
1863,Weekday,Mid_Night,Road,'03 - Snow','07 - Dark','05 - Packed snow','10 - No control','P.D. only','05 - Turning movement',Ottawa_south,0,cluster4
1864,Weekday,Mid_Night,Road,'03 - Snow','07 - Dark','03 - Loose snow','10 - No control','P.D. only','05 - Turning movement',Ottawa_east,0,cluster0
1865,Weekends,Evening,Road,'03 - Snow','01 - Daylight','02 - Wet','01 - Traffic signal','P.D. only','03 - Rear end',mid_town,0,cluster3
1866,Weekday,Mid_Night,Road,'01 - Clear','07 - Dark','01 - Dry','01 - Traffic signal','P.D. only','03 - Rear end',mid_town,0,cluster4
1867,Weekends,Night,Road,'01 - Clear','01 - Daylight','03 - Loose snow','01 - Traffic signal','P.D. only','05 - Turning movement',downtown,0,cluster5
1868,Weekday,Mid_Night,Road,'03 - Snow','07 - Dark','03 - Loose snow','01 - Traffic signal','P.D. only','04 - Sideswipe',Ottawa_west,0,cluster4
1869,Weekends,Night,Road,'03 - Snow','01 - Daylight','02 - Wet','10 - No control','P.D. only','06 - SMV unattended vehicle',Ottawa_south,0,cluster3