Instance_number,DATE,TIME,Road_type,ENVIRONMENT,LIGHT,SURFACE_CONDITION,TRAFFIC_CONTROL,COLLISION_CLASSIFICATION,IMPACT_TYPE,Location,NO_OF_PEDESTRIANS,Cluster
2057,Weekends,Afternoon,Road,'01 - Clear','01 - Daylight','01 - Dry','10 - No control','P.D. only','06 - SMV unattended vehicle',Ottawa_east,0,cluster1
2058,Weekends,Evening,Road,'01 - Clear','01 - Daylight','01 - Dry','01 - Traffic signal','P.D. only','05 - Turning movement',downtown,0,cluster3
2059,Weekends,Evening,Road,'01 - Clear','01 - Daylight','01 - Dry','10 - No control','P.D. only','04 - Sideswipe',downtown,0,cluster3
2060,Weekends,Mid_Night,Road,'01 - Clear','07 - Dark','01 - Dry','02 - Stop sign',Injury,'02 - Angle',mid_town,0,cluster4
2061,Weekends,Evening,Road,'01 - Clear','01 - Daylight','01 - Dry','10 - No control','P.D. only','02 - Angle',mid_town,0,cluster2
2062,Weekends,Evening,Road,'01 - Clear','01 - Daylight','01 - Dry','10 - No control','P.D. only','05 - Turning movement',mid_town,0,cluster2
2063,Weekends,Evening,Road,'01 - Clear','01 - Daylight','01 - Dry','01 - Traffic signal','P.D. only','07 - SMV other',downtown,0,cluster3
2064,Weekends,Evening,Road,'01 - Clear','01 - Daylight','01 - Dry','10 - No control','P.D. only','03 - Rear end',downtown,0,cluster3
2065,Weekends,Evening,Road,'01 - Clear','01 - Daylight','01 - Dry','10 - No control','P.D. only','02 - Angle',downtown,0,cluster3
2066,Weekends,Evening,Road,'01 - Clear','01 - Daylight','01 - Dry','01 - Traffic signal','P.D. only','03 - Rear end',mid_town,0,cluster2
2067,Weekends,Mid_Night,Road,'01 - Clear','07 - Dark','01 - Dry','10 - No control','P.D. only','05 - Turning movement',downtown,0,cluster4
2068,Weekends,Mid_Night,Road,'01 - Clear','00 - Unknown','01 - Dry','10 - No control','P.D. only','06 - SMV unattended vehicle',Ottawa_south,0,cluster1
2069,Weekends,Mid_Night,Road,'01 - Clear','00 - Unknown','01 - Dry','10 - No control','P.D. only','06 - SMV unattended vehicle',mid_town,0,cluster2
2070,Weekends,Mid_Night,Road,'01 - Clear','07 - Dark','01 - Dry','10 - No control','P.D. only','01 - Approaching',mid_town,0,cluster2
2071,Weekday,Morning,Road,'01 - Clear','07 - Dark','06 - Ice','01 - Traffic signal','P.D. only','03 - Rear end',mid_town,0,cluster2
2072,Weekday,Noon,Road,'01 - Clear','01 - Daylight','01 - Dry','02 - Stop sign',Injury,'02 - Angle',mid_town,0,cluster2
2073,Weekday,Early_Morning,Road,'01 - Clear','07 - Dark','01 - Dry','10 - No control','P.D. only','06 - SMV unattended vehicle',downtown,0,cluster1
2074,Weekday,Noon,Road,'01 - Clear','01 - Daylight','01 - Dry','10 - No control','P.D. only','05 - Turning movement',downtown,0,cluster1
2075,Weekday,Afternoon,Road,'01 - Clear','01 - Daylight','01 - Dry','01 - Traffic signal',Injury,'03 - Rear end',downtown,0,cluster1
2076,Weekends,Evening,Road,'01 - Clear','01 - Daylight','03 - Loose snow','10 - No control','P.D. only','06 - SMV unattended vehicle',mid_town,0,cluster0
2077,Weekends,Mid_Night,Road,'01 - Clear','07 - Dark','01 - Dry','10 - No control','P.D. only','06 - SMV unattended vehicle',Ottawa_south,0,cluster4
2078,Weekends,Afternoon,Road,'01 - Clear','01 - Daylight','01 - Dry','02 - Stop sign','P.D. only','02 - Angle',Ottawa_south,0,cluster1
2079,Weekends,Evening,Road,'01 - Clear','01 - Daylight','01 - Dry','10 - No control','P.D. only','06 - SMV unattended vehicle',downtown,0,cluster3
2080,Weekday,Evening,Road,'01 - Clear','01 - Daylight','01 - Dry','01 - Traffic signal','P.D. only','03 - Rear end',downtown,0,cluster1
2081,Weekday,Evening,Road,'01 - Clear','01 - Daylight','01 - Dry','10 - No control','P.D. only','03 - Rear end',downtown,0,cluster1
2082,Weekends,Mid_Night,Road,'01 - Clear','07 - Dark','01 - Dry','10 - No control','P.D. only','06 - SMV unattended vehicle',Ottawa_west,0,cluster4
2083,Weekday,Evening,Road,'01 - Clear','01 - Daylight','01 - Dry','01 - Traffic signal','P.D. only','02 - Angle',downtown,0,cluster1
2084,Weekday,Evening,Road,'01 - Clear','01 - Daylight','01 - Dry','10 - No control','P.D. only','06 - SMV unattended vehicle',mid_town,0,cluster2
2085,Weekends,Evening,Road,'01 - Clear','01 - Daylight','01 - Dry','01 - Traffic signal',Injury,'03 - Rear end',Ottawa_south,0,cluster2
2086,Weekday,Night,Road,'02 - Rain','01 - Daylight','02 - Wet','10 - No control','P.D. only','06 - SMV unattended vehicle',mid_town,0,cluster0
2087,Weekday,Night,Road,'01 - Clear','05 - Dusk','01 - Dry','10 - No control','P.D. only','06 - SMV unattended vehicle',mid_town,0,cluster1
2088,Weekday,Night,Road,'01 - Clear','07 - Dark','01 - Dry','01 - Traffic signal','P.D. only','03 - Rear end',downtown,0,cluster1
2089,Weekday,Mid_Night,Road,'01 - Clear','07 - Dark','01 - Dry','10 - No control','P.D. only','06 - SMV unattended vehicle',Ottawa_east,0,cluster4
2090,Weekday,Noon,highway,'01 - Clear','01 - Daylight','01 - Dry','01 - Traffic signal',Injury,'07 - SMV other',mid_town,0,cluster2
2091,Weekday,Noon,highway,'01 - Clear','01 - Daylight','01 - Dry','10 - No control','P.D. only','03 - Rear end',downtown,0,cluster1
2092,Weekday,Noon,Road,'01 - Clear','01 - Daylight','01 - Dry','01 - Traffic signal','P.D. only','03 - Rear end',mid_town,0,cluster2
2093,Weekday,Mid_Night,Road,'03 - Snow','07 - Dark','04 - Slush','02 - Stop sign','P.D. only','02 - Angle',Ottawa_south,0,cluster4
2094,Weekday,Afternoon,Road,'01 - Clear','01 - Daylight','01 - Dry','01 - Traffic signal','P.D. only','99 - Other',downtown,0,cluster1
2095,Weekday,Afternoon,Road,'02 - Rain','01 - Daylight','02 - Wet','10 - No control','P.D. only','05 - Turning movement',mid_town,0,cluster0
2096,Weekday,Afternoon,Road,'01 - Clear','01 - Daylight','01 - Dry','10 - No control','P.D. only','05 - Turning movement',downtown,0,cluster1
2097,Weekday,Afternoon,Road,'01 - Clear','01 - Daylight','01 - Dry','01 - Traffic signal','P.D. only','05 - Turning movement',downtown,0,cluster4
2098,Weekday,Evening,Road,'03 - Snow','01 - Daylight','03 - Loose snow','01 - Traffic signal',Injury,'02 - Angle',downtown,0,cluster0
2099,Weekday,Evening,Road,'03 - Snow','01 - Daylight','03 - Loose snow','10 - No control','P.D. only','04 - Sideswipe',downtown,0,cluster0
2100,Weekday,Evening,Road,'01 - Clear','01 - Daylight','01 - Dry','10 - No control','P.D. only','06 - SMV unattended vehicle',Ottawa_south,0,cluster2
2101,Weekday,Evening,Road,'01 - Clear','01 - Daylight','01 - Dry','10 - No control','P.D. only','99 - Other',downtown,0,cluster1
2102,Weekday,Evening,Road,'03 - Snow','01 - Daylight','02 - Wet','10 - No control','P.D. only','03 - Rear end',downtown,0,cluster3
2103,Weekday,Evening,highway,'03 - Snow','01 - Daylight','02 - Wet','01 - Traffic signal','P.D. only','03 - Rear end',Ottawa_west,0,cluster0
2104,Weekday,Evening,Road,'03 - Snow','01 - Daylight','03 - Loose snow','02 - Stop sign','P.D. only','02 - Angle',Ottawa_west,0,cluster0
2105,Weekday,Evening,Road,'01 - Clear','01 - Daylight','01 - Dry','01 - Traffic signal',Injury,'02 - Angle',downtown,0,cluster1
2106,Weekday,Evening,Road,'03 - Snow','01 - Daylight','03 - Loose snow','10 - No control',Injury,'05 - Turning movement',mid_town,0,cluster0
2107,Weekday,Evening,Road,'03 - Snow','01 - Daylight','03 - Loose snow','01 - Traffic signal','P.D. only','04 - Sideswipe',mid_town,0,cluster0
2108,Weekday,Afternoon,Road,'03 - Snow','01 - Daylight','02 - Wet','10 - No control','P.D. only','06 - SMV unattended vehicle',downtown,0,cluster0
2109,Weekday,Noon,Road,'01 - Clear','01 - Daylight','01 - Dry','10 - No control','P.D. only','99 - Other',Ottawa_west,0,cluster1
2110,Weekday,Night,Road,'02 - Rain','01 - Daylight','02 - Wet','02 - Stop sign','P.D. only','02 - Angle',downtown,0,cluster5
2111,Weekends,Evening,Road,'03 - Snow','01 - Daylight','02 - Wet','02 - Stop sign','P.D. only','02 - Angle',downtown,0,cluster3
2112,Weekday,Noon,Road,'03 - Snow','01 - Daylight','05 - Packed snow','01 - Traffic signal',Injury,'02 - Angle',Ottawa_south,0,cluster0
2113,Weekday,Night,Road,'03 - Snow','01 - Daylight','03 - Loose snow','01 - Traffic signal','P.D. only','05 - Turning movement',downtown,0,cluster5
2114,Weekday,Noon,Road,'03 - Snow','01 - Daylight','03 - Loose snow','10 - No control','P.D. only','01 - Approaching',Ottawa_east,0,cluster0
2115,Weekends,Early_Morning,Road,'03 - Snow','07 - Dark','03 - Loose snow','02 - Stop sign','P.D. only','04 - Sideswipe',downtown,0,cluster0
2116,Weekends,Night,Road,'03 - Snow','01 - Daylight','02 - Wet','01 - Traffic signal','P.D. only','04 - Sideswipe',downtown,0,cluster5
2117,Weekday,Night,highway,'01 - Clear','01 - Daylight','01 - Dry','01 - Traffic signal','P.D. only','02 - Angle',downtown,0,cluster1
2118,Weekday,Mid_Night,Road,'03 - Snow','07 - Dark','03 - Loose snow','10 - No control','P.D. only','04 - Sideswipe',mid_town,0,cluster0
2119,Weekday,Night,Road,'03 - Snow','05 - Dusk','03 - Loose snow','10 - No control','P.D. only','02 - Angle',Ottawa_east,0,cluster0
2120,Weekday,Noon,Road,'03 - Snow','01 - Daylight','02 - Wet','01 - Traffic signal','P.D. only','05 - Turning movement',mid_town,0,cluster0
2121,Weekday,Noon,Road,'03 - Snow','01 - Daylight','04 - Slush','01 - Traffic signal','P.D. only','05 - Turning movement',mid_town,0,cluster0
2122,Weekday,Noon,Road,'03 - Snow','01 - Daylight','04 - Slush','01 - Traffic signal','P.D. only','03 - Rear end',mid_town,0,cluster0
2123,Weekday,Afternoon,Road,'03 - Snow','01 - Daylight','04 - Slush','10 - No control','P.D. only','06 - SMV unattended vehicle',downtown,0,cluster0
2124,Weekday,Mid_Night,Road,'03 - Snow','07 - Dark','03 - Loose snow','10 - No control','P.D. only','06 - SMV unattended vehicle',mid_town,0,cluster0
2125,Weekday,Afternoon,Road,'05 - Drifting Snow','01 - Daylight','02 - Wet','01 - Traffic signal','P.D. only','02 - Angle',mid_town,0,cluster5
2126,Weekday,Afternoon,Road,'03 - Snow','01 - Daylight','02 - Wet','01 - Traffic signal','P.D. only','02 - Angle',mid_town,0,cluster0
2127,Weekday,Afternoon,Road,'03 - Snow','01 - Daylight','06 - Ice','02 - Stop sign','P.D. only','04 - Sideswipe',downtown,0,cluster0
2128,Weekday,Afternoon,Road,'01 - Clear','01 - Daylight','04 - Slush','01 - Traffic signal','P.D. only','02 - Angle',mid_town,0,cluster2
2129,Weekday,Night,Road,'01 - Clear','05 - Dusk','03 - Loose snow','01 - Traffic signal','P.D. only','02 - Angle',mid_town,0,cluster5
2130,Weekday,Evening,highway,'03 - Snow','01 - Daylight','03 - Loose snow','10 - No control','P.D. only','04 - Sideswipe',mid_town,0,cluster0
2131,Weekday,Evening,Road,'03 - Snow','01 - Daylight','02 - Wet','01 - Traffic signal',Injury,'03 - Rear end',mid_town,0,cluster0
2132,Weekday,Evening,Road,'01 - Clear','01 - Daylight','02 - Wet','10 - No control','P.D. only','04 - Sideswipe',mid_town,0,cluster2
2133,Weekday,Afternoon,Road,'03 - Snow','01 - Daylight','03 - Loose snow','10 - No control','P.D. only','06 - SMV unattended vehicle',mid_town,0,cluster0
2134,Weekday,Evening,Road,'03 - Snow','01 - Daylight','04 - Slush','01 - Traffic signal','P.D. only','04 - Sideswipe',Ottawa_west,0,cluster0
2135,Weekday,Evening,Road,'01 - Clear','01 - Daylight','05 - Packed snow','02 - Stop sign','P.D. only','04 - Sideswipe',downtown,0,cluster1
2136,Weekday,Evening,Road,'01 - Clear','01 - Daylight','02 - Wet','02 - Stop sign','P.D. only','02 - Angle',downtown,0,cluster3
2137,Weekday,Noon,Road,'01 - Clear','01 - Daylight','02 - Wet','01 - Traffic signal',Injury,'03 - Rear end',Ottawa_west,0,cluster5
2138,Weekday,Evening,Road,'05 - Drifting Snow','01 - Daylight','02 - Wet','01 - Traffic signal',Injury,'02 - Angle',mid_town,0,cluster0
2139,Weekday,Noon,Road,'01 - Clear','03 - Dawn','01 - Dry','01 - Traffic signal',Injury,'03 - Rear end',mid_town,0,cluster2
2140,Weekday,Night,Road,'01 - Clear','07 - Dark','01 - Dry','10 - No control',Injury,'03 - Rear end',Ottawa_south,0,cluster1
2141,Weekday,Evening,Road,'03 - Snow','01 - Daylight','02 - Wet','01 - Traffic signal','P.D. only','03 - Rear end',mid_town,0,cluster0
2142,Weekday,Mid_Night,Road,'03 - Snow','07 - Dark','03 - Loose snow','10 - No control','P.D. only','06 - SMV unattended vehicle',mid_town,0,cluster0
2143,Weekday,Evening,Road,'01 - Clear','01 - Daylight','03 - Loose snow','02 - Stop sign','P.D. only','02 - Angle',Ottawa_west,0,cluster0
2144,Weekday,Evening,Road,'03 - Snow','01 - Daylight','02 - Wet','10 - No control','P.D. only','03 - Rear end',Ottawa_east,0,cluster0
2145,Weekday,Evening,Road,'01 - Clear','01 - Daylight','01 - Dry','02 - Stop sign','P.D. only','02 - Angle',downtown,0,cluster1
2146,Weekday,Evening,Road,'01 - Clear','01 - Daylight','02 - Wet','03 - Yield sign','P.D. only','03 - Rear end',downtown,0,cluster3
2147,Weekday,Evening,Road,'02 - Rain','01 - Daylight','02 - Wet','01 - Traffic signal','P.D. only','05 - Turning movement',downtown,0,cluster5
2148,Weekday,Night,Road,'03 - Snow','01 - Daylight','02 - Wet','01 - Traffic signal','P.D. only','03 - Rear end',mid_town,0,cluster5
2149,Weekday,Night,Road,'03 - Snow','01 - Daylight','05 - Packed snow','10 - No control','P.D. only','03 - Rear end',downtown,0,cluster1
2150,Weekday,Night,Road,'02 - Rain','01 - Daylight','04 - Slush','01 - Traffic signal','P.D. only','03 - Rear end',downtown,0,cluster1
2151,Weekday,Night,Road,'03 - Snow','01 - Daylight','03 - Loose snow','01 - Traffic signal','P.D. only','02 - Angle',downtown,0,cluster5
2152,Weekday,Evening,Road,'01 - Clear','01 - Daylight','01 - Dry','01 - Traffic signal','P.D. only','03 - Rear end',mid_town,0,cluster2
2153,Weekday,Night,Road,'03 - Snow','01 - Daylight','03 - Loose snow','02 - Stop sign','P.D. only','03 - Rear end',downtown,0,cluster1
2154,Weekday,Night,Road,'03 - Snow','01 - Daylight','03 - Loose snow','10 - No control','P.D. only','03 - Rear end',downtown,0,cluster1
2155,Weekday,Night,Road,'02 - Rain','05 - Dusk','02 - Wet','01 - Traffic signal','P.D. only','02 - Angle',downtown,0,cluster5
2156,Weekday,Night,Road,'03 - Snow','01 - Daylight','03 - Loose snow','01 - Traffic signal','P.D. only','03 - Rear end',mid_town,0,cluster0
2157,Weekday,Noon,Road,'03 - Snow','01 - Daylight','06 - Ice','10 - No control','P.D. only','07 - SMV other',mid_town,0,cluster0
2158,Weekday,Night,Road,'03 - Snow','07 - Dark','02 - Wet','01 - Traffic signal','P.D. only','03 - Rear end',mid_town,0,cluster5
2159,Weekday,Night,Road,'03 - Snow','07 - Dark','02 - Wet','10 - No control','P.D. only','06 - SMV unattended vehicle',mid_town,0,cluster0
2160,Weekday,Night,Road,'03 - Snow','01 - Daylight','03 - Loose snow','01 - Traffic signal','P.D. only','04 - Sideswipe',mid_town,0,cluster0
2161,Weekday,Night,Road,'01 - Clear','05 - Dusk','02 - Wet','10 - No control','P.D. only','02 - Angle',Ottawa_east,0,cluster1
2162,Weekday,Mid_Night,Road,'03 - Snow','07 - Dark','02 - Wet','01 - Traffic signal','P.D. only','05 - Turning movement',Ottawa_south,0,cluster4
2163,Weekday,Mid_Night,Road,'03 - Snow','07 - Dark','02 - Wet','01 - Traffic signal','P.D. only','05 - Turning movement',Ottawa_south,0,cluster4
2164,Weekday,Afternoon,Road,'02 - Rain','01 - Daylight','02 - Wet','10 - No control','P.D. only','06 - SMV unattended vehicle',downtown,0,cluster1
2165,Weekday,Mid_Night,Road,'01 - Clear','07 - Dark','02 - Wet','03 - Yield sign','P.D. only','03 - Rear end',Ottawa_east,0,cluster4
2166,Weekday,Mid_Night,Road,'01 - Clear','07 - Dark','04 - Slush','10 - No control',Injury,'04 - Sideswipe',mid_town,0,cluster2
2167,Weekday,Mid_Night,Road,'03 - Snow','07 - Dark','02 - Wet','01 - Traffic signal',Injury,'03 - Rear end',mid_town,0,cluster4
2168,Weekday,Early_Morning,Road,'01 - Clear','07 - Dark','02 - Wet','10 - No control','P.D. only','06 - SMV unattended vehicle',downtown,0,cluster1
2169,Weekday,Noon,Road,'01 - Clear','01 - Daylight','02 - Wet','10 - No control',Injury,'03 - Rear end',Ottawa_east,0,cluster1
2170,Weekday,Noon,Road,'01 - Clear','01 - Daylight','02 - Wet','10 - No control','P.D. only','99 - Other',Ottawa_east,0,cluster1
2171,Weekday,Noon,Road,'01 - Clear','01 - Daylight','03 - Loose snow','02 - Stop sign','P.D. only','02 - Angle',downtown,0,cluster1
2172,Weekday,Noon,Road,'01 - Clear','01 - Daylight','02 - Wet','01 - Traffic signal','P.D. only','03 - Rear end',Ottawa_west,0,cluster5
2173,Weekday,Afternoon,Road,'01 - Clear','01 - Daylight','02 - Wet','10 - No control','P.D. only','02 - Angle',Ottawa_east,0,cluster1
2174,Weekday,Night,Road,'05 - Drifting Snow','01 - Daylight','03 - Loose snow','01 - Traffic signal','P.D. only','03 - Rear end',downtown,0,cluster1
2175,Weekday,Afternoon,Road,'01 - Clear','01 - Daylight','01 - Dry','01 - Traffic signal','P.D. only','05 - Turning movement',mid_town,0,cluster2
2176,Weekday,Afternoon,Road,'01 - Clear','01 - Daylight','02 - Wet','02 - Stop sign',Injury,'02 - Angle',downtown,0,cluster5
2177,Weekday,Afternoon,Road,'01 - Clear','01 - Daylight','02 - Wet','10 - No control','P.D. only','03 - Rear end',Ottawa_west,0,cluster1
2178,Weekday,Afternoon,Road,'01 - Clear','01 - Daylight','02 - Wet','10 - No control','P.D. only','03 - Rear end',mid_town,0,cluster2
2179,Weekday,Afternoon,Road,'03 - Snow','01 - Daylight','05 - Packed snow','10 - No control','P.D. only','06 - SMV unattended vehicle',mid_town,0,cluster0
2180,Weekday,Evening,Road,'01 - Clear','01 - Daylight','04 - Slush','10 - No control','P.D. only','06 - SMV unattended vehicle',downtown,0,cluster1
2181,Weekday,Noon,Road,'01 - Clear','01 - Daylight','03 - Loose snow','10 - No control','P.D. only','06 - SMV unattended vehicle',downtown,0,cluster1
2182,Weekday,Afternoon,Road,'01 - Clear','01 - Daylight','02 - Wet','01 - Traffic signal',Injury,'02 - Angle',downtown,0,cluster5
2183,Weekday,Afternoon,Road,'01 - Clear','01 - Daylight','02 - Wet','01 - Traffic signal','P.D. only','07 - SMV other',mid_town,0,cluster5
2184,Weekday,Afternoon,Road,'01 - Clear','01 - Daylight','02 - Wet','10 - No control','P.D. only','06 - SMV unattended vehicle',mid_town,0,cluster2
2185,Weekday,Noon,Road,'01 - Clear','01 - Daylight','05 - Packed snow','03 - Yield sign','P.D. only','02 - Angle',Ottawa_west,0,cluster1
2186,Weekday,Evening,Road,'01 - Clear','01 - Daylight','02 - Wet','01 - Traffic signal','P.D. only','03 - Rear end',mid_town,0,cluster2
2187,Weekday,Evening,Road,'01 - Clear','01 - Daylight','03 - Loose snow','10 - No control','P.D. only','02 - Angle',Ottawa_east,0,cluster0
2188,Weekday,Evening,Road,'01 - Clear','01 - Daylight','02 - Wet','01 - Traffic signal','P.D. only','05 - Turning movement',mid_town,0,cluster2
2189,Weekday,Evening,Road,'01 - Clear','01 - Daylight','01 - Dry','01 - Traffic signal','P.D. only','04 - Sideswipe',downtown,0,cluster1
2190,Weekday,Mid_Night,Road,'03 - Snow','07 - Dark','03 - Loose snow','10 - No control','P.D. only','07 - SMV other',downtown,0,cluster0
2191,Weekday,Mid_Night,Road,'01 - Clear','00 - Unknown','05 - Packed snow','10 - No control','P.D. only','06 - SMV unattended vehicle',Ottawa_east,0,cluster1
2192,Weekday,Evening,Road,'01 - Clear','01 - Daylight','02 - Wet','10 - No control','P.D. only','99 - Other',mid_town,0,cluster2
2193,Weekday,Noon,highway,'03 - Snow','07 - Dark','03 - Loose snow','10 - No control','P.D. only','01 - Approaching',Ottawa_west,0,cluster0
2194,Weekday,Evening,Road,'01 - Clear','01 - Daylight','02 - Wet','01 - Traffic signal',Injury,'02 - Angle',mid_town,0,cluster2
2195,Weekday,Noon,Road,'00 - Unknown','03 - Dawn','04 - Slush','10 - No control','P.D. only','06 - SMV unattended vehicle',Ottawa_south,0,cluster0
2196,Weekday,Evening,Road,'01 - Clear','01 - Daylight','02 - Wet','02 - Stop sign','P.D. only','02 - Angle',Ottawa_east,0,cluster2
2197,Weekday,Evening,Road,'01 - Clear','01 - Daylight','02 - Wet','10 - No control','P.D. only','04 - Sideswipe',Ottawa_west,0,cluster2
2198,Weekday,Night,Road,'03 - Snow','01 - Daylight','03 - Loose snow','10 - No control','P.D. only','06 - SMV unattended vehicle',downtown,0,cluster0
2199,Weekday,Night,Road,'03 - Snow','01 - Daylight','03 - Loose snow','10 - No control','P.D. only','01 - Approaching',mid_town,0,cluster0
2200,Weekday,Night,Road,'01 - Clear','01 - Daylight','02 - Wet','10 - No control','P.D. only','04 - Sideswipe',Ottawa_east,0,cluster1
2201,Weekday,Night,Road,'03 - Snow','01 - Daylight','03 - Loose snow','01 - Traffic signal','P.D. only','03 - Rear end',downtown,0,cluster1
2202,Weekday,Night,Road,'01 - Clear','01 - Daylight','01 - Dry','10 - No control',Injury,'02 - Angle',mid_town,0,cluster1
2203,Weekday,Night,Road,'01 - Clear','01 - Daylight','01 - Dry','10 - No control','P.D. only','03 - Rear end',downtown,0,cluster1
2204,Weekday,Night,Road,'03 - Snow','01 - Daylight','02 - Wet','01 - Traffic signal','P.D. only','02 - Angle',downtown,0,cluster5
2205,Weekday,Night,Road,'01 - Clear','01 - Daylight','01 - Dry','10 - No control','P.D. only','01 - Approaching',Ottawa_west,0,cluster1
2206,Weekday,Night,Road,'03 - Snow','01 - Daylight','02 - Wet','02 - Stop sign','P.D. only','03 - Rear end',downtown,0,cluster1
2207,Weekday,Night,Road,'03 - Snow','01 - Daylight','02 - Wet','02 - Stop sign',Injury,'02 - Angle',downtown,0,cluster5
2208,Weekday,Night,Road,'01 - Clear','05 - Dusk','01 - Dry','01 - Traffic signal','P.D. only','05 - Turning movement',downtown,0,cluster4
2209,Weekday,Night,Road,'01 - Clear','05 - Dusk','01 - Dry','10 - No control',Injury,'03 - Rear end',Ottawa_east,0,cluster1
2210,Weekday,Night,Road,'01 - Clear','05 - Dusk','02 - Wet','01 - Traffic signal',Injury,'05 - Turning movement',Ottawa_south,0,cluster5
2211,Weekday,Night,Road,'01 - Clear','07 - Dark','02 - Wet','10 - No control','P.D. only','05 - Turning movement',Ottawa_west,0,cluster1
2212,Weekday,Mid_Night,Road,'01 - Clear','07 - Dark','01 - Dry','01 - Traffic signal','P.D. only','05 - Turning movement',Ottawa_south,0,cluster4
2213,Weekday,Night,Road,'01 - Clear','05 - Dusk','02 - Wet','01 - Traffic signal','P.D. only','03 - Rear end',Ottawa_west,0,cluster5
2214,Weekday,Afternoon,Road,'01 - Clear','01 - Daylight','01 - Dry','10 - No control','P.D. only','06 - SMV unattended vehicle',mid_town,0,cluster2
2215,Weekday,Mid_Night,Road,'01 - Clear','07 - Dark','02 - Wet','01 - Traffic signal','P.D. only','03 - Rear end',Ottawa_west,0,cluster4
2216,Weekday,Mid_Night,Road,'01 - Clear','07 - Dark','01 - Dry','01 - Traffic signal',Injury,'03 - Rear end',mid_town,0,cluster4
2217,Weekday,Mid_Night,Road,'01 - Clear','07 - Dark','02 - Wet','03 - Yield sign','P.D. only','07 - SMV other',Ottawa_east,0,cluster4
2218,Weekday,Mid_Night,Road,'01 - Clear','07 - Dark','01 - Dry','10 - No control','P.D. only','04 - Sideswipe',downtown,0,cluster4
2219,Weekday,Noon,Road,'01 - Clear','01 - Daylight','02 - Wet','02 - Stop sign','P.D. only','02 - Angle',Ottawa_east,0,cluster5
2220,Weekday,Mid_Night,Road,'01 - Clear','07 - Dark','01 - Dry','10 - No control','P.D. only','06 - SMV unattended vehicle',Ottawa_south,0,cluster4
2221,Weekday,Evening,Road,'03 - Snow','01 - Daylight','03 - Loose snow','01 - Traffic signal','P.D. only','03 - Rear end',mid_town,0,cluster0
2222,Weekday,Mid_Night,highway,'03 - Snow','07 - Dark','05 - Packed snow','10 - No control',Injury,'03 - Rear end',Ottawa_west,0,cluster0
2223,Weekends,Night,Road,'01 - Clear','01 - Daylight','02 - Wet','10 - No control','P.D. only','07 - SMV other',mid_town,0,cluster3
2224,Weekday,Noon,Road,'01 - Clear','01 - Daylight','05 - Packed snow','10 - No control','P.D. only','01 - Approaching',Ottawa_east,0,cluster1
2225,Weekday,Night,Road,'01 - Clear','01 - Daylight','05 - Packed snow','10 - No control','P.D. only','06 - SMV unattended vehicle',mid_town,0,cluster1
2226,Weekday,Night,Road,'01 - Clear','01 - Daylight','02 - Wet','10 - No control','P.D. only','04 - Sideswipe',mid_town,0,cluster1
2227,Weekday,Afternoon,Road,'01 - Clear','01 - Daylight','01 - Dry','10 - No control','P.D. only','02 - Angle',downtown,0,cluster1
2228,Weekday,Noon,Road,'01 - Clear','01 - Daylight','01 - Dry','01 - Traffic signal','P.D. only','02 - Angle',downtown,0,cluster1
2229,Weekday,Afternoon,Road,'01 - Clear','01 - Daylight','01 - Dry','01 - Traffic signal','P.D. only','03 - Rear end',downtown,0,cluster1
2230,Weekday,Afternoon,Road,'01 - Clear','01 - Daylight','02 - Wet','10 - No control','P.D. only','06 - SMV unattended vehicle',mid_town,0,cluster2
2231,Weekday,Afternoon,Road,'01 - Clear','01 - Daylight','01 - Dry','10 - No control','P.D. only','06 - SMV unattended vehicle',mid_town,0,cluster2
2232,Weekday,Night,Road,'01 - Clear','01 - Daylight','02 - Wet','10 - No control','P.D. only','03 - Rear end',Ottawa_east,0,cluster1
2233,Weekday,Night,Road,'03 - Snow','01 - Daylight','03 - Loose snow','10 - No control','P.D. only','04 - Sideswipe',downtown,0,cluster0
2234,Weekday,Afternoon,Road,'01 - Clear','01 - Daylight','02 - Wet','10 - No control','P.D. only','04 - Sideswipe',downtown,0,cluster1
2235,Weekday,Evening,Road,'01 - Clear','01 - Daylight','01 - Dry','01 - Traffic signal','P.D. only','02 - Angle',mid_town,0,cluster2
2236,Weekday,Evening,Road,'07 - Fog/mist/smoke/dust','01 - Daylight','01 - Dry','10 - No control','P.D. only','07 - SMV other',mid_town,0,cluster0
2237,Weekday,Evening,Road,'01 - Clear','01 - Daylight','02 - Wet','01 - Traffic signal','P.D. only','04 - Sideswipe',mid_town,0,cluster2
2238,Weekday,Evening,Road,'01 - Clear','01 - Daylight','01 - Dry','02 - Stop sign','P.D. only','03 - Rear end',downtown,0,cluster1
2239,Weekday,Evening,Road,'01 - Clear','01 - Daylight','01 - Dry','02 - Stop sign','P.D. only','02 - Angle',Ottawa_west,0,cluster2
2240,Weekday,Evening,Road,'01 - Clear','01 - Daylight','01 - Dry','01 - Traffic signal','P.D. only','04 - Sideswipe',mid_town,0,cluster2