Instance_number,DATE,TIME,Road_type,ENVIRONMENT,LIGHT,SURFACE_CONDITION,TRAFFIC_CONTROL,COLLISION_CLASSIFICATION,IMPACT_TYPE,Location,NO_OF_PEDESTRIANS,Cluster
2800,Weekday,Night,Road,'03 - Snow','07 - Dark','03 - Loose snow','01 - Traffic signal',Injury,'05 - Turning movement',Ottawa_south,0,cluster4
2801,Weekday,Night,Road,'03 - Snow','05 - Dusk','04 - Slush','02 - Stop sign','P.D. only','02 - Angle',mid_town,0,cluster0
2802,Weekday,Mid_Night,Road,'01 - Clear','00 - Unknown','01 - Dry','10 - No control','P.D. only','06 - SMV unattended vehicle',downtown,0,cluster1
2803,Weekday,Night,Road,'03 - Snow','07 - Dark','03 - Loose snow','01 - Traffic signal','P.D. only','04 - Sideswipe',downtown,0,cluster4
2804,Weekday,Night,Road,'03 - Snow','07 - Dark','03 - Loose snow','01 - Traffic signal','P.D. only','05 - Turning movement',downtown,0,cluster4
2805,Weekday,Night,Road,'03 - Snow','07 - Dark','05 - Packed snow','01 - Traffic signal','P.D. only','05 - Turning movement',Ottawa_south,0,cluster4
2806,Weekday,Mid_Night,Road,'03 - Snow','07 - Dark','03 - Loose snow','10 - No control','P.D. only','07 - SMV other',downtown,0,cluster0
2807,Weekday,Night,Road,'03 - Snow','07 - Dark','03 - Loose snow','01 - Traffic signal','P.D. only','04 - Sideswipe',downtown,0,cluster4
2808,Weekday,Mid_Night,Road,'03 - Snow','07 - Dark','03 - Loose snow','01 - Traffic signal',Injury,'04 - Sideswipe',downtown,0,cluster4
2809,Weekday,Mid_Night,Road,'03 - Snow','07 - Dark','03 - Loose snow','10 - No control','P.D. only','03 - Rear end',downtown,0,cluster0
2810,Weekday,Mid_Night,Road,'01 - Clear','07 - Dark','03 - Loose snow','01 - Traffic signal','P.D. only','02 - Angle',mid_town,0,cluster4
2811,Weekday,Mid_Night,Road,'03 - Snow','07 - Dark','03 - Loose snow','01 - Traffic signal','P.D. only','05 - Turning movement',mid_town,0,cluster4
2812,Weekday,Mid_Night,Road,'01 - Clear','07 - Dark','03 - Loose snow','10 - No control','P.D. only','01 - Approaching',Ottawa_east,0,cluster4
2813,Weekday,Mid_Night,Road,'03 - Snow','07 - Dark','03 - Loose snow','10 - No control','P.D. only','06 - SMV unattended vehicle',Ottawa_east,0,cluster0
2814,Weekday,Noon,Road,'03 - Snow','03 - Dawn','04 - Slush','10 - No control',Injury,'07 - SMV other',downtown,0,cluster0
2815,Weekday,Noon,Road,'03 - Snow','03 - Dawn','04 - Slush','01 - Traffic signal','P.D. only','04 - Sideswipe',Ottawa_east,0,cluster0
2816,Weekday,Noon,Road,'03 - Snow','03 - Dawn','04 - Slush','10 - No control','P.D. only','07 - SMV other',mid_town,0,cluster0
2817,Weekday,Evening,Road,'03 - Snow','01 - Daylight','03 - Loose snow','01 - Traffic signal','P.D. only','03 - Rear end',Ottawa_west,0,cluster0
2818,Weekday,Mid_Night,Road,'03 - Snow','00 - Unknown','03 - Loose snow','10 - No control','P.D. only','07 - SMV other',Ottawa_south,0,cluster0
2819,Weekday,Noon,Road,'03 - Snow','01 - Daylight','02 - Wet','10 - No control','P.D. only','07 - SMV other',downtown,0,cluster0
2820,Weekday,Noon,Road,'03 - Snow','01 - Daylight','03 - Loose snow','10 - No control',Injury,'07 - SMV other',mid_town,0,cluster0
2821,Weekday,Noon,Road,'03 - Snow','01 - Daylight','03 - Loose snow','10 - No control','P.D. only','07 - SMV other',Ottawa_west,0,cluster0
2822,Weekday,Noon,Road,'03 - Snow','01 - Daylight','02 - Wet','01 - Traffic signal','P.D. only','03 - Rear end',mid_town,0,cluster0
2823,Weekday,Afternoon,Road,'03 - Snow','01 - Daylight','03 - Loose snow','10 - No control','P.D. only','99 - Other',mid_town,0,cluster0
2824,Weekday,Afternoon,Road,'05 - Drifting Snow','01 - Daylight','03 - Loose snow','01 - Traffic signal','P.D. only','04 - Sideswipe',downtown,0,cluster5
2825,Weekday,Afternoon,Road,'03 - Snow','01 - Daylight','02 - Wet','10 - No control','P.D. only','03 - Rear end',downtown,0,cluster1
2826,Weekday,Night,Road,'03 - Snow','01 - Daylight','03 - Loose snow','01 - Traffic signal','P.D. only','04 - Sideswipe',mid_town,0,cluster0
2827,Weekday,Mid_Night,Road,'03 - Snow','07 - Dark','03 - Loose snow','10 - No control','P.D. only','07 - SMV other',Ottawa_south,0,cluster0
2828,Weekday,Mid_Night,Road,'03 - Snow','00 - Unknown','03 - Loose snow','10 - No control','P.D. only','06 - SMV unattended vehicle',downtown,0,cluster0
2829,Weekday,Evening,Road,'03 - Snow','01 - Daylight','04 - Slush','02 - Stop sign','P.D. only','02 - Angle',downtown,0,cluster0
2830,Weekday,Afternoon,highway,'01 - Clear','01 - Daylight','02 - Wet','02 - Stop sign','P.D. only','02 - Angle',Ottawa_west,0,cluster5
2831,Weekday,Evening,Road,'03 - Snow','01 - Daylight','02 - Wet','01 - Traffic signal','P.D. only','05 - Turning movement',downtown,0,cluster5
2832,Weekday,Noon,Road,'03 - Snow','01 - Daylight','03 - Loose snow','10 - No control',Injury,'03 - Rear end',downtown,0,cluster0
2833,Weekday,Evening,Road,'03 - Snow','01 - Daylight','04 - Slush','01 - Traffic signal',Injury,'05 - Turning movement',mid_town,0,cluster0
2834,Weekday,Night,Road,'01 - Clear','01 - Daylight','06 - Ice','01 - Traffic signal','P.D. only','03 - Rear end',Ottawa_south,0,cluster1
2835,Weekday,Evening,Road,'01 - Clear','01 - Daylight','01 - Dry','10 - No control','P.D. only','02 - Angle',mid_town,0,cluster2
2836,Weekday,Evening,Road,'03 - Snow','01 - Daylight','03 - Loose snow','03 - Yield sign',Injury,'02 - Angle',mid_town,0,cluster0
2837,Weekday,Evening,highway,'04 - Freezing Rain','01 - Daylight','04 - Slush','01 - Traffic signal','P.D. only','03 - Rear end',downtown,0,cluster1
2838,Weekday,Evening,Road,'03 - Snow','01 - Daylight','02 - Wet','02 - Stop sign','P.D. only','03 - Rear end',Ottawa_east,0,cluster0
2839,Weekday,Evening,Road,'03 - Snow','01 - Daylight','03 - Loose snow','10 - No control','P.D. only','03 - Rear end',Ottawa_east,0,cluster0
2840,Weekday,Evening,Road,'03 - Snow','01 - Daylight','03 - Loose snow','10 - No control','P.D. only','03 - Rear end',Ottawa_south,0,cluster0
2841,Weekday,Evening,Road,'03 - Snow','01 - Daylight','02 - Wet','01 - Traffic signal','P.D. only','02 - Angle',downtown,0,cluster5
2842,Weekday,Evening,Road,'03 - Snow','01 - Daylight','06 - Ice','10 - No control','P.D. only','01 - Approaching',Ottawa_east,0,cluster0
2843,Weekday,Night,Road,'03 - Snow','01 - Daylight','02 - Wet','10 - No control','P.D. only','03 - Rear end',downtown,0,cluster1
2844,Weekday,Night,Road,'01 - Clear','01 - Daylight','04 - Slush','10 - No control','P.D. only','99 - Other',downtown,0,cluster1
2845,Weekday,Evening,Road,'03 - Snow','01 - Daylight','05 - Packed snow','01 - Traffic signal','P.D. only','03 - Rear end',downtown,0,cluster0
2846,Weekday,Night,Road,'03 - Snow','01 - Daylight','03 - Loose snow','10 - No control','P.D. only','04 - Sideswipe',downtown,0,cluster0
2847,Weekday,Night,Road,'03 - Snow','01 - Daylight','05 - Packed snow','10 - No control','P.D. only','07 - SMV other',mid_town,0,cluster0
2848,Weekday,Night,Road,'05 - Drifting Snow','01 - Daylight','03 - Loose snow','10 - No control','P.D. only','07 - SMV other',downtown,0,cluster0
2849,Weekday,Evening,Road,'03 - Snow','01 - Daylight','03 - Loose snow','10 - No control','P.D. only','99 - Other',downtown,0,cluster0
2850,Weekday,Night,Road,'03 - Snow','01 - Daylight','03 - Loose snow','01 - Traffic signal',Injury,'07 - SMV other',Ottawa_east,1,cluster0
2851,Weekday,Night,Road,'03 - Snow','01 - Daylight','03 - Loose snow','10 - No control','P.D. only','07 - SMV other',Ottawa_east,0,cluster0
2852,Weekday,Night,highway,'01 - Clear','01 - Daylight','01 - Dry','01 - Traffic signal',Injury,'03 - Rear end',downtown,0,cluster1
2853,Weekday,Night,Road,'03 - Snow','07 - Dark','05 - Packed snow','10 - No control','P.D. only','02 - Angle',downtown,0,cluster1
2854,Weekday,Night,Road,'05 - Drifting Snow','05 - Dusk','05 - Packed snow','10 - No control',Injury,'07 - SMV other',Ottawa_south,0,cluster0
2855,Weekday,Night,Road,'03 - Snow','05 - Dusk','03 - Loose snow','02 - Stop sign','P.D. only','02 - Angle',downtown,0,cluster0
2856,Weekday,Mid_Night,Road,'03 - Snow','07 - Dark','04 - Slush','10 - No control','P.D. only','06 - SMV unattended vehicle',Ottawa_east,0,cluster0
2857,Weekday,Mid_Night,Road,'01 - Clear','00 - Unknown','00 - Unknown','10 - No control','P.D. only','07 - SMV other',downtown,0,cluster1
2858,Weekday,Mid_Night,Road,'03 - Snow','07 - Dark','05 - Packed snow','10 - No control','P.D. only','07 - SMV other',mid_town,0,cluster0
2859,Weekday,Mid_Night,Road,'05 - Drifting Snow','07 - Dark','03 - Loose snow','10 - No control','P.D. only','07 - SMV other',Ottawa_west,0,cluster0
2860,Weekday,Mid_Night,Road,'03 - Snow','07 - Dark','05 - Packed snow','10 - No control','P.D. only','02 - Angle',downtown,0,cluster4
2861,Weekday,Evening,Road,'01 - Clear','01 - Daylight','04 - Slush','10 - No control','P.D. only','02 - Angle',downtown,0,cluster1
2862,Weekday,Mid_Night,Road,'05 - Drifting Snow','07 - Dark','03 - Loose snow','01 - Traffic signal','P.D. only','02 - Angle',Ottawa_south,0,cluster4
2863,Weekday,Mid_Night,Road,'03 - Snow','07 - Dark','02 - Wet','01 - Traffic signal','P.D. only','05 - Turning movement',downtown,0,cluster4
2864,Weekday,Mid_Night,Road,'03 - Snow','07 - Dark','03 - Loose snow','10 - No control','P.D. only','07 - SMV other',Ottawa_west,0,cluster0
2865,Weekday,Evening,Road,'03 - Snow','01 - Daylight','03 - Loose snow','10 - No control','P.D. only','01 - Approaching',downtown,0,cluster0
2866,Weekends,Mid_Night,Road,'01 - Clear','07 - Dark','02 - Wet','02 - Stop sign','P.D. only','06 - SMV unattended vehicle',downtown,0,cluster3
2867,Weekday,Evening,Road,'03 - Snow','01 - Daylight','03 - Loose snow','01 - Traffic signal','P.D. only','04 - Sideswipe',Ottawa_east,0,cluster0
2868,Weekends,Mid_Night,Road,'01 - Clear','07 - Dark','03 - Loose snow','10 - No control','P.D. only','06 - SMV unattended vehicle',downtown,0,cluster3
2869,Weekends,Morning,Road,'01 - Clear','03 - Dawn','01 - Dry','01 - Traffic signal','P.D. only','02 - Angle',Ottawa_south,0,cluster4
2870,Weekday,Evening,Road,'03 - Snow','01 - Daylight','05 - Packed snow','01 - Traffic signal','P.D. only','02 - Angle',mid_town,0,cluster0
2871,Weekends,Mid_Night,Road,'01 - Clear','07 - Dark','02 - Wet','01 - Traffic signal','P.D. only','04 - Sideswipe',downtown,0,cluster4
2872,Weekday,Evening,Road,'03 - Snow','01 - Daylight','04 - Slush','02 - Stop sign','P.D. only','04 - Sideswipe',Ottawa_west,0,cluster0
2873,Weekends,Mid_Night,Road,'03 - Snow','07 - Dark','03 - Loose snow','10 - No control','P.D. only','06 - SMV unattended vehicle',downtown,0,cluster0
2874,Weekday,Evening,Road,'03 - Snow','01 - Daylight','06 - Ice','10 - No control','P.D. only','04 - Sideswipe',downtown,0,cluster0
2875,Weekends,Mid_Night,Road,'01 - Clear','07 - Dark','01 - Dry','10 - No control','P.D. only','06 - SMV unattended vehicle',Ottawa_east,0,cluster4
2876,Weekday,Evening,Road,'03 - Snow','01 - Daylight','05 - Packed snow','10 - No control','P.D. only','03 - Rear end',mid_town,0,cluster0
2877,Weekends,Mid_Night,Road,'01 - Clear','07 - Dark','05 - Packed snow','10 - No control','P.D. only','03 - Rear end',downtown,0,cluster3
2878,Weekday,Evening,Road,'03 - Snow','01 - Daylight','04 - Slush','01 - Traffic signal','P.D. only','03 - Rear end',downtown,0,cluster0
2879,Weekends,Mid_Night,Road,'01 - Clear','07 - Dark','02 - Wet','10 - No control','P.D. only','07 - SMV other',Ottawa_west,0,cluster3
2880,Weekends,Morning,Road,'01 - Clear','07 - Dark','01 - Dry','01 - Traffic signal','P.D. only','07 - SMV other',Ottawa_east,0,cluster4
2881,Weekends,Noon,Road,'01 - Clear','01 - Daylight','02 - Wet','10 - No control','P.D. only','07 - SMV other',downtown,0,cluster3
2882,Weekday,Night,Road,'03 - Snow','01 - Daylight','03 - Loose snow','01 - Traffic signal','P.D. only','99 - Other',mid_town,0,cluster0
2883,Weekends,Afternoon,Road,'01 - Clear','01 - Daylight','01 - Dry','02 - Stop sign','P.D. only','02 - Angle',Ottawa_east,0,cluster1
2884,Weekends,Evening,Road,'01 - Clear','01 - Daylight','01 - Dry','02 - Stop sign','P.D. only','03 - Rear end',mid_town,0,cluster2
2885,Weekends,Mid_Night,Road,'01 - Clear','07 - Dark','01 - Dry','10 - No control','P.D. only','06 - SMV unattended vehicle',Ottawa_east,0,cluster4
2886,Weekends,Evening,Road,'01 - Clear','01 - Daylight','01 - Dry','01 - Traffic signal','P.D. only','03 - Rear end',mid_town,0,cluster2
2887,Weekends,Evening,Road,'01 - Clear','01 - Daylight','01 - Dry','01 - Traffic signal',Injury,'02 - Angle',mid_town,0,cluster2
2888,Weekends,Night,Road,'02 - Rain','01 - Daylight','02 - Wet','03 - Yield sign',Injury,'03 - Rear end',Ottawa_east,0,cluster3
2889,Weekends,Night,Road,'04 - Freezing Rain','01 - Daylight','02 - Wet','10 - No control','P.D. only','02 - Angle',mid_town,0,cluster3
2890,Weekends,Night,Road,'01 - Clear','01 - Daylight','01 - Dry','01 - Traffic signal','P.D. only','03 - Rear end',mid_town,0,cluster1
2891,Weekends,Night,highway,'01 - Clear','07 - Dark','02 - Wet','01 - Traffic signal','P.D. only','03 - Rear end',Ottawa_west,0,cluster3
2892,Weekends,Mid_Night,Road,'03 - Snow','07 - Dark','02 - Wet','01 - Traffic signal','P.D. only','02 - Angle',downtown,0,cluster4
2893,Weekends,Mid_Night,Road,'01 - Clear','07 - Dark','04 - Slush','01 - Traffic signal','P.D. only','04 - Sideswipe',mid_town,0,cluster4
2894,Weekday,Early_Morning,Road,'01 - Clear','07 - Dark','02 - Wet','10 - No control','P.D. only','07 - SMV other',downtown,0,cluster5
2895,Weekday,Morning,Road,'03 - Snow','07 - Dark','03 - Loose snow','01 - Traffic signal','P.D. only','07 - SMV other',downtown,0,cluster0
2896,Weekday,Noon,Road,'01 - Clear','01 - Daylight','01 - Dry','01 - Traffic signal','P.D. only','05 - Turning movement',downtown,0,cluster4
2897,Weekday,Noon,Road,'01 - Clear','03 - Dawn','01 - Dry','01 - Traffic signal','P.D. only','02 - Angle',downtown,0,cluster4
2898,Weekday,Noon,Road,'02 - Rain','01 - Daylight','02 - Wet','02 - Stop sign','P.D. only','03 - Rear end',downtown,0,cluster1
2899,Weekday,Noon,Road,'01 - Clear','01 - Daylight','01 - Dry','10 - No control','P.D. only','03 - Rear end',mid_town,0,cluster2
2900,Weekday,Noon,Road,'01 - Clear','01 - Daylight','01 - Dry','01 - Traffic signal','P.D. only','03 - Rear end',mid_town,0,cluster2
2901,Weekends,Mid_Night,Road,'01 - Clear','00 - Unknown','01 - Dry','10 - No control','P.D. only','06 - SMV unattended vehicle',Ottawa_west,0,cluster1
2902,Weekday,Noon,Road,'01 - Clear','01 - Daylight','01 - Dry','02 - Stop sign','P.D. only','02 - Angle',downtown,0,cluster1
2903,Weekday,Noon,Road,'01 - Clear','01 - Daylight','01 - Dry','01 - Traffic signal','P.D. only','04 - Sideswipe',downtown,0,cluster1
2904,Weekends,Mid_Night,Road,'01 - Clear','00 - Unknown','01 - Dry','10 - No control','P.D. only','06 - SMV unattended vehicle',Ottawa_south,0,cluster1
2905,Weekday,Noon,Road,'01 - Clear','01 - Daylight','01 - Dry','01 - Traffic signal','P.D. only','05 - Turning movement',mid_town,0,cluster2
2906,Weekday,Afternoon,Road,'01 - Clear','01 - Daylight','02 - Wet','02 - Stop sign','P.D. only','02 - Angle',downtown,0,cluster5
2907,Weekday,Noon,Road,'02 - Rain','01 - Daylight','02 - Wet','01 - Traffic signal','P.D. only','03 - Rear end',downtown,0,cluster5
2908,Weekends,Morning,Road,'01 - Clear','07 - Dark','02 - Wet','10 - No control','P.D. only','07 - SMV other',mid_town,0,cluster3
2909,Weekday,Afternoon,Road,'01 - Clear','01 - Daylight','01 - Dry','01 - Traffic signal','P.D. only','05 - Turning movement',mid_town,0,cluster2
2910,Weekday,Night,highway,'01 - Clear','01 - Daylight','02 - Wet','01 - Traffic signal','P.D. only','03 - Rear end',mid_town,0,cluster5
2911,Weekday,Afternoon,Road,'01 - Clear','01 - Daylight','01 - Dry','01 - Traffic signal','P.D. only','03 - Rear end',Ottawa_west,0,cluster1
2912,Weekday,Afternoon,Road,'01 - Clear','01 - Daylight','02 - Wet','01 - Traffic signal','P.D. only','02 - Angle',downtown,0,cluster5
2913,Weekday,Afternoon,Road,'01 - Clear','01 - Daylight','01 - Dry','01 - Traffic signal','P.D. only','05 - Turning movement',downtown,0,cluster4
2914,Weekday,Afternoon,Road,'01 - Clear','01 - Daylight','01 - Dry','01 - Traffic signal','P.D. only','03 - Rear end',downtown,0,cluster1
2915,Weekday,Afternoon,Road,'01 - Clear','01 - Daylight','01 - Dry','10 - No control','P.D. only','03 - Rear end',mid_town,0,cluster2
2916,Weekday,Afternoon,Road,'01 - Clear','01 - Daylight','05 - Packed snow','01 - Traffic signal','P.D. only','02 - Angle',mid_town,0,cluster2
2917,Weekday,Evening,Road,'01 - Clear','01 - Daylight','01 - Dry','02 - Stop sign','P.D. only','04 - Sideswipe',downtown,0,cluster1
2918,Weekday,Evening,Road,'03 - Snow','01 - Daylight','05 - Packed snow','10 - No control','P.D. only','06 - SMV unattended vehicle',downtown,0,cluster0
2919,Weekday,Evening,Road,'01 - Clear','01 - Daylight','01 - Dry','01 - Traffic signal','P.D. only','99 - Other',mid_town,0,cluster2
2920,Weekday,Noon,Road,'03 - Snow','01 - Daylight','05 - Packed snow','10 - No control','P.D. only','06 - SMV unattended vehicle',downtown,0,cluster0
2921,Weekday,Evening,Road,'01 - Clear','01 - Daylight','04 - Slush','10 - No control','P.D. only','06 - SMV unattended vehicle',downtown,0,cluster1
2922,Weekday,Evening,Road,'01 - Clear','01 - Daylight','01 - Dry','10 - No control','P.D. only','04 - Sideswipe',mid_town,0,cluster2
2923,Weekday,Afternoon,highway,'01 - Clear','01 - Daylight','01 - Dry','02 - Stop sign','P.D. only','04 - Sideswipe',Ottawa_south,0,cluster1
2924,Weekday,Evening,Road,'01 - Clear','01 - Daylight','01 - Dry','10 - No control','P.D. only','05 - Turning movement',mid_town,0,cluster2
2925,Weekday,Evening,Road,'01 - Clear','01 - Daylight','01 - Dry','10 - No control',Injury,'07 - SMV other',mid_town,1,cluster2
2926,Weekday,Evening,Road,'01 - Clear','01 - Daylight','01 - Dry','01 - Traffic signal','P.D. only','03 - Rear end',mid_town,0,cluster2
2927,Weekday,Evening,highway,'01 - Clear','01 - Daylight','01 - Dry','01 - Traffic signal','P.D. only','02 - Angle',Ottawa_west,0,cluster2
2928,Weekday,Evening,Road,'01 - Clear','01 - Daylight','01 - Dry','10 - No control','P.D. only','04 - Sideswipe',mid_town,0,cluster2
2929,Weekday,Evening,Road,'01 - Clear','01 - Daylight','01 - Dry','10 - No control','P.D. only','03 - Rear end',mid_town,0,cluster2
2930,Weekday,Evening,Road,'01 - Clear','01 - Daylight','01 - Dry','01 - Traffic signal','P.D. only','02 - Angle',mid_town,0,cluster2
2931,Weekday,Evening,Road,'01 - Clear','01 - Daylight','01 - Dry','01 - Traffic signal','P.D. only','03 - Rear end',mid_town,0,cluster2
2932,Weekday,Evening,Road,'01 - Clear','01 - Daylight','01 - Dry','10 - No control','P.D. only','04 - Sideswipe',downtown,0,cluster1
2933,Weekends,Afternoon,Road,'01 - Clear','01 - Daylight','01 - Dry','01 - Traffic signal','P.D. only','02 - Angle',mid_town,0,cluster2
2934,Weekday,Night,Road,'01 - Clear','01 - Daylight','01 - Dry','01 - Traffic signal','P.D. only','04 - Sideswipe',mid_town,0,cluster1
2935,Weekday,Night,Road,'01 - Clear','01 - Daylight','01 - Dry','10 - No control','P.D. only','03 - Rear end',downtown,0,cluster1
2936,Weekday,Night,Road,'01 - Clear','01 - Daylight','02 - Wet','10 - No control','P.D. only','03 - Rear end',Ottawa_south,0,cluster1
2937,Weekday,Night,Road,'01 - Clear','05 - Dusk','02 - Wet','10 - No control','P.D. only','06 - SMV unattended vehicle',downtown,0,cluster1
2938,Weekday,Mid_Night,Road,'02 - Rain','07 - Dark','02 - Wet','01 - Traffic signal','P.D. only','07 - SMV other',downtown,0,cluster4
2939,Weekday,Mid_Night,Road,'01 - Clear','07 - Dark','01 - Dry','01 - Traffic signal','P.D. only','04 - Sideswipe',Ottawa_south,0,cluster4
2940,Weekday,Mid_Night,highway,'03 - Snow','07 - Dark','03 - Loose snow','10 - No control','P.D. only','07 - SMV other',Ottawa_west,0,cluster0
2941,Weekday,Early_Morning,Road,'03 - Snow','07 - Dark','03 - Loose snow','01 - Traffic signal','P.D. only','05 - Turning movement',downtown,0,cluster4
2942,Weekday,Noon,Road,'03 - Snow','03 - Dawn','03 - Loose snow','01 - Traffic signal','P.D. only','03 - Rear end',downtown,0,cluster0
2943,Weekday,Noon,Road,'03 - Snow','01 - Daylight','03 - Loose snow','10 - No control','P.D. only','03 - Rear end',Ottawa_east,0,cluster0
2944,Weekday,Noon,Road,'03 - Snow','01 - Daylight','02 - Wet','01 - Traffic signal','P.D. only','02 - Angle',downtown,0,cluster5
2945,Weekday,Evening,Road,'05 - Drifting Snow','01 - Daylight','05 - Packed snow','01 - Traffic signal','P.D. only','02 - Angle',downtown,0,cluster5
2946,Weekday,Evening,Road,'03 - Snow','01 - Daylight','03 - Loose snow','01 - Traffic signal','P.D. only','03 - Rear end',mid_town,0,cluster0
2947,Weekday,Evening,Road,'03 - Snow','01 - Daylight','05 - Packed snow','10 - No control','P.D. only','06 - SMV unattended vehicle',downtown,0,cluster0
2948,Weekday,Evening,Road,'03 - Snow','01 - Daylight','03 - Loose snow','01 - Traffic signal','P.D. only','03 - Rear end',mid_town,0,cluster0
2949,Weekday,Evening,Road,'03 - Snow','01 - Daylight','05 - Packed snow','02 - Stop sign','P.D. only','03 - Rear end',Ottawa_east,0,cluster0
2950,Weekday,Evening,Road,'03 - Snow','01 - Daylight','03 - Loose snow','01 - Traffic signal','P.D. only','03 - Rear end',downtown,0,cluster0
2951,Weekday,Evening,Road,'03 - Snow','01 - Daylight','03 - Loose snow','10 - No control',Injury,'02 - Angle',mid_town,0,cluster0
2952,Weekday,Night,Road,'03 - Snow','01 - Daylight','03 - Loose snow','10 - No control',Injury,'01 - Approaching',downtown,0,cluster0
2953,Weekday,Evening,Road,'03 - Snow','01 - Daylight','05 - Packed snow','10 - No control','P.D. only','02 - Angle',downtown,0,cluster0
2954,Weekday,Night,Road,'03 - Snow','01 - Daylight','06 - Ice','10 - No control','P.D. only','06 - SMV unattended vehicle',downtown,0,cluster1
2955,Weekday,Night,Road,'03 - Snow','01 - Daylight','03 - Loose snow','01 - Traffic signal','P.D. only','02 - Angle',Ottawa_east,0,cluster0
2956,Weekday,Night,Road,'03 - Snow','01 - Daylight','03 - Loose snow','02 - Stop sign','P.D. only','05 - Turning movement',Ottawa_west,0,cluster0
2957,Weekday,Night,Road,'03 - Snow','01 - Daylight','03 - Loose snow','01 - Traffic signal','P.D. only','03 - Rear end',Ottawa_south,0,cluster0
2958,Weekday,Night,Road,'03 - Snow','01 - Daylight','05 - Packed snow','01 - Traffic signal','P.D. only','03 - Rear end',mid_town,0,cluster0
2959,Weekday,Night,Road,'03 - Snow','01 - Daylight','04 - Slush','01 - Traffic signal','P.D. only','03 - Rear end',downtown,0,cluster1
2960,Weekday,Evening,Road,'03 - Snow','01 - Daylight','05 - Packed snow','10 - No control','P.D. only','04 - Sideswipe',downtown,0,cluster0
2961,Weekday,Night,Road,'03 - Snow','01 - Daylight','04 - Slush','01 - Traffic signal','P.D. only','03 - Rear end',mid_town,0,cluster0
2962,Weekday,Evening,Road,'02 - Rain','01 - Daylight','03 - Loose snow','01 - Traffic signal','P.D. only','03 - Rear end',downtown,0,cluster0
2963,Weekday,Night,Road,'03 - Snow','01 - Daylight','06 - Ice','10 - No control','P.D. only','06 - SMV unattended vehicle',downtown,0,cluster1
2964,Weekday,Night,Road,'03 - Snow','01 - Daylight','03 - Loose snow','10 - No control','P.D. only','04 - Sideswipe',downtown,0,cluster0
2965,Weekday,Night,Road,'03 - Snow','01 - Daylight','05 - Packed snow','01 - Traffic signal','P.D. only','03 - Rear end',downtown,0,cluster1
2966,Weekday,Night,highway,'03 - Snow','01 - Daylight','03 - Loose snow','01 - Traffic signal','P.D. only','02 - Angle',Ottawa_west,0,cluster0
2967,Weekday,Night,Road,'03 - Snow','01 - Daylight','05 - Packed snow','10 - No control','P.D. only','02 - Angle',downtown,0,cluster1
2968,Weekday,Evening,Road,'03 - Snow','01 - Daylight','03 - Loose snow','01 - Traffic signal','P.D. only','02 - Angle',mid_town,0,cluster0
2969,Weekday,Night,Road,'03 - Snow','01 - Daylight','05 - Packed snow','02 - Stop sign','P.D. only','03 - Rear end',mid_town,0,cluster0
2970,Weekday,Night,Road,'03 - Snow','05 - Dusk','05 - Packed snow','02 - Stop sign','P.D. only','02 - Angle',downtown,0,cluster1
2971,Weekday,Night,Road,'03 - Snow','05 - Dusk','03 - Loose snow','10 - No control','P.D. only','03 - Rear end',downtown,0,cluster1
2972,Weekday,Night,Road,'03 - Snow','01 - Daylight','05 - Packed snow','10 - No control','P.D. only','02 - Angle',Ottawa_east,0,cluster0
2973,Weekday,Night,Road,'03 - Snow','07 - Dark','03 - Loose snow','10 - No control','P.D. only','06 - SMV unattended vehicle',downtown,0,cluster0
2974,Weekday,Evening,Road,'03 - Snow','01 - Daylight','03 - Loose snow','01 - Traffic signal','P.D. only','03 - Rear end',mid_town,0,cluster0
2975,Weekday,Night,Road,'03 - Snow','05 - Dusk','03 - Loose snow','01 - Traffic signal','P.D. only','03 - Rear end',downtown,0,cluster1
2976,Weekday,Night,Road,'03 - Snow','07 - Dark','05 - Packed snow','10 - No control','P.D. only','04 - Sideswipe',mid_town,0,cluster0
2977,Weekday,Night,Road,'03 - Snow','05 - Dusk','05 - Packed snow','02 - Stop sign','P.D. only','02 - Angle',mid_town,0,cluster0
2978,Weekday,Night,Road,'03 - Snow','07 - Dark','03 - Loose snow','01 - Traffic signal','P.D. only','03 - Rear end',downtown,0,cluster1
2979,Weekday,Evening,Road,'03 - Snow','01 - Daylight','03 - Loose snow','01 - Traffic signal','P.D. only','04 - Sideswipe',downtown,0,cluster0
2980,Weekday,Night,Road,'03 - Snow','05 - Dusk','05 - Packed snow','10 - No control','P.D. only','02 - Angle',Ottawa_east,0,cluster0
2981,Weekday,Night,Road,'03 - Snow','05 - Dusk','05 - Packed snow','10 - No control','P.D. only','03 - Rear end',downtown,0,cluster1
2982,Weekday,Night,Road,'05 - Drifting Snow','07 - Dark','05 - Packed snow','10 - No control','P.D. only','03 - Rear end',Ottawa_east,0,cluster1