Instance_number,DATE,TIME,Road_type,ENVIRONMENT,LIGHT,SURFACE_CONDITION,TRAFFIC_CONTROL,COLLISION_CLASSIFICATION,IMPACT_TYPE,Location,NO_OF_PEDESTRIANS,Cluster
3922,Weekday,Night,Road,'01 - Clear','01 - Daylight','01 - Dry','02 - Stop sign','P.D. only','03 - Rear end',Ottawa_east,0,cluster1
3923,Weekday,Night,Road,'01 - Clear','01 - Daylight','01 - Dry','10 - No control','P.D. only','04 - Sideswipe',downtown,0,cluster1
3924,Weekday,Mid_Night,Road,'01 - Clear','07 - Dark','01 - Dry','02 - Stop sign','P.D. only','99 - Other',downtown,0,cluster4
3925,Weekday,Mid_Night,Road,'01 - Clear','07 - Dark','01 - Dry','10 - No control','P.D. only','06 - SMV unattended vehicle',Ottawa_west,0,cluster4
3926,Weekday,Mid_Night,Road,'01 - Clear','07 - Dark','01 - Dry','01 - Traffic signal','P.D. only','04 - Sideswipe',downtown,0,cluster4
3927,Weekday,Mid_Night,Road,'01 - Clear','07 - Dark','01 - Dry','10 - No control','P.D. only','05 - Turning movement',downtown,0,cluster4
3928,Weekday,Evening,Road,'01 - Clear','01 - Daylight','01 - Dry','10 - No control','P.D. only','06 - SMV unattended vehicle',downtown,0,cluster1
3929,Weekday,Mid_Night,Road,'01 - Clear','07 - Dark','01 - Dry','02 - Stop sign','P.D. only','02 - Angle',Ottawa_south,0,cluster4
3930,Weekday,Mid_Night,Road,'01 - Clear','07 - Dark','01 - Dry','10 - No control','P.D. only','05 - Turning movement',downtown,0,cluster4
3931,Weekday,Noon,Road,'01 - Clear','01 - Daylight','01 - Dry','10 - No control','P.D. only','07 - SMV other',mid_town,1,cluster2
3932,Weekday,Noon,Road,'01 - Clear','01 - Daylight','01 - Dry','01 - Traffic signal','P.D. only','03 - Rear end',Ottawa_east,0,cluster1
3933,Weekday,Noon,Road,'01 - Clear','01 - Daylight','01 - Dry','01 - Traffic signal','P.D. only','05 - Turning movement',mid_town,0,cluster2
3934,Weekday,Noon,Road,'03 - Snow','03 - Dawn','03 - Loose snow','01 - Traffic signal',Injury,'05 - Turning movement',mid_town,0,cluster0
3935,Weekday,Noon,Road,'03 - Snow','01 - Daylight','03 - Loose snow','10 - No control','P.D. only','03 - Rear end',Ottawa_east,0,cluster0
3936,Weekday,Noon,Road,'03 - Snow','01 - Daylight','03 - Loose snow','01 - Traffic signal','P.D. only','05 - Turning movement',Ottawa_west,0,cluster0
3937,Weekday,Noon,Road,'03 - Snow','01 - Daylight','03 - Loose snow','10 - No control','P.D. only','07 - SMV other',mid_town,0,cluster0
3938,Weekday,Noon,Road,'03 - Snow','01 - Daylight','03 - Loose snow','10 - No control','P.D. only','07 - SMV other',Ottawa_south,0,cluster0
3939,Weekday,Noon,Road,'03 - Snow','01 - Daylight','03 - Loose snow','02 - Stop sign','P.D. only','05 - Turning movement',downtown,0,cluster0
3940,Weekday,Noon,Road,'03 - Snow','01 - Daylight','03 - Loose snow','10 - No control','P.D. only','07 - SMV other',mid_town,0,cluster0
3941,Weekday,Noon,Road,'03 - Snow','01 - Daylight','05 - Packed snow','01 - Traffic signal','P.D. only','02 - Angle',Ottawa_west,0,cluster0
3942,Weekday,Noon,Road,'03 - Snow','01 - Daylight','03 - Loose snow','10 - No control',Injury,'01 - Approaching',downtown,0,cluster0
3943,Weekday,Mid_Night,Road,'03 - Snow','00 - Unknown','03 - Loose snow','10 - No control','P.D. only','06 - SMV unattended vehicle',downtown,0,cluster0
3944,Weekday,Noon,Road,'03 - Snow','01 - Daylight','06 - Ice','10 - No control',Injury,'03 - Rear end',Ottawa_south,0,cluster0
3945,Weekday,Night,Road,'01 - Clear','05 - Dusk','01 - Dry','10 - No control','P.D. only','07 - SMV other',Ottawa_east,0,cluster1
3946,Weekday,Noon,Road,'03 - Snow','01 - Daylight','03 - Loose snow','10 - No control','P.D. only','07 - SMV other',mid_town,0,cluster0
3947,Weekday,Noon,Road,'03 - Snow','01 - Daylight','03 - Loose snow','01 - Traffic signal','P.D. only','03 - Rear end',mid_town,0,cluster0
3948,Weekday,Noon,Road,'03 - Snow','01 - Daylight','03 - Loose snow','02 - Stop sign',Injury,'02 - Angle',downtown,0,cluster0
3949,Weekday,Afternoon,Road,'03 - Snow','01 - Daylight','03 - Loose snow','10 - No control','P.D. only','02 - Angle',downtown,0,cluster0
3950,Weekday,Afternoon,Road,'03 - Snow','01 - Daylight','05 - Packed snow','10 - No control','P.D. only','03 - Rear end',downtown,0,cluster1
3951,Weekday,Afternoon,Road,'03 - Snow','01 - Daylight','03 - Loose snow','10 - No control','P.D. only','03 - Rear end',downtown,0,cluster0
3952,Weekday,Afternoon,Road,'03 - Snow','01 - Daylight','04 - Slush','10 - No control','P.D. only','99 - Other',mid_town,0,cluster0
3953,Weekday,Afternoon,Road,'03 - Snow','01 - Daylight','03 - Loose snow','10 - No control','P.D. only','02 - Angle',mid_town,0,cluster0
3954,Weekday,Afternoon,Road,'03 - Snow','01 - Daylight','03 - Loose snow','01 - Traffic signal','P.D. only','03 - Rear end',downtown,0,cluster0
3955,Weekday,Afternoon,Road,'03 - Snow','01 - Daylight','03 - Loose snow','10 - No control','P.D. only','03 - Rear end',downtown,0,cluster0
3956,Weekday,Noon,Road,'03 - Snow','01 - Daylight','04 - Slush','10 - No control','P.D. only','04 - Sideswipe',mid_town,0,cluster0
3957,Weekday,Afternoon,Road,'03 - Snow','01 - Daylight','03 - Loose snow','10 - No control','P.D. only','04 - Sideswipe',downtown,0,cluster0
3958,Weekday,Afternoon,Road,'03 - Snow','01 - Daylight','03 - Loose snow','10 - No control','P.D. only','07 - SMV other',mid_town,0,cluster0
3959,Weekday,Afternoon,Road,'01 - Clear','01 - Daylight','03 - Loose snow','10 - No control','P.D. only','04 - Sideswipe',downtown,0,cluster1
3960,Weekday,Afternoon,Road,'03 - Snow','01 - Daylight','03 - Loose snow','10 - No control','P.D. only','05 - Turning movement',Ottawa_east,0,cluster0
3961,Weekday,Afternoon,Road,'03 - Snow','01 - Daylight','03 - Loose snow','10 - No control','P.D. only','03 - Rear end',downtown,0,cluster0
3962,Weekday,Afternoon,Road,'03 - Snow','01 - Daylight','03 - Loose snow','11 - Roundabout','P.D. only','07 - SMV other',Ottawa_east,0,cluster0
3963,Weekday,Afternoon,Road,'03 - Snow','01 - Daylight','03 - Loose snow','10 - No control','P.D. only','07 - SMV other',Ottawa_east,0,cluster0
3964,Weekday,Afternoon,Road,'03 - Snow','01 - Daylight','05 - Packed snow','02 - Stop sign','P.D. only','02 - Angle',downtown,0,cluster0
3965,Weekday,Evening,Road,'03 - Snow','01 - Daylight','03 - Loose snow','01 - Traffic signal','P.D. only','07 - SMV other',Ottawa_west,0,cluster0
3966,Weekday,Afternoon,Road,'03 - Snow','01 - Daylight','03 - Loose snow','10 - No control','P.D. only','06 - SMV unattended vehicle',downtown,0,cluster0
3967,Weekday,Noon,Road,'03 - Snow','01 - Daylight','03 - Loose snow','10 - No control','P.D. only','04 - Sideswipe',downtown,0,cluster0
3968,Weekday,Evening,Road,'03 - Snow','01 - Daylight','03 - Loose snow','01 - Traffic signal','P.D. only','02 - Angle',downtown,0,cluster0
3969,Weekday,Afternoon,Road,'03 - Snow','01 - Daylight','03 - Loose snow','10 - No control','P.D. only','06 - SMV unattended vehicle',downtown,0,cluster0
3970,Weekday,Evening,Road,'03 - Snow','01 - Daylight','02 - Wet','10 - No control','P.D. only','06 - SMV unattended vehicle',mid_town,0,cluster0
3971,Weekday,Night,highway,'03 - Snow','01 - Daylight','03 - Loose snow','01 - Traffic signal','P.D. only','02 - Angle',downtown,0,cluster5
3972,Weekday,Night,Road,'03 - Snow','05 - Dusk','03 - Loose snow','10 - No control','P.D. only','04 - Sideswipe',Ottawa_east,0,cluster0
3973,Weekday,Night,Road,'03 - Snow','01 - Daylight','04 - Slush','10 - No control',Injury,'03 - Rear end',Ottawa_east,0,cluster1
3974,Weekday,Night,Road,'03 - Snow','01 - Daylight','05 - Packed snow','10 - No control','P.D. only','06 - SMV unattended vehicle',downtown,0,cluster1
3975,Weekday,Noon,highway,'03 - Snow','01 - Daylight','03 - Loose snow','01 - Traffic signal','P.D. only','04 - Sideswipe',mid_town,0,cluster0
3976,Weekday,Afternoon,Road,'01 - Clear','01 - Daylight','01 - Dry','10 - No control','P.D. only','02 - Angle',downtown,0,cluster1
3977,Weekday,Night,Road,'03 - Snow','01 - Daylight','05 - Packed snow','10 - No control',Injury,'07 - SMV other',Ottawa_east,1,cluster0
3978,Weekday,Noon,Road,'05 - Drifting Snow','03 - Dawn','05 - Packed snow','01 - Traffic signal','P.D. only','02 - Angle',mid_town,0,cluster0
3979,Weekday,Night,Road,'03 - Snow','01 - Daylight','05 - Packed snow','02 - Stop sign','P.D. only','07 - SMV other',Ottawa_east,0,cluster0
3980,Weekday,Night,Road,'03 - Snow','01 - Daylight','02 - Wet','01 - Traffic signal',Injury,'05 - Turning movement',Ottawa_south,0,cluster5
3981,Weekday,Night,Road,'05 - Drifting Snow','01 - Daylight','03 - Loose snow','10 - No control',Injury,'07 - SMV other',mid_town,0,cluster0
3982,Weekday,Night,Road,'03 - Snow','01 - Daylight','02 - Wet','01 - Traffic signal','P.D. only','03 - Rear end',mid_town,0,cluster5
3983,Weekday,Afternoon,Road,'03 - Snow','01 - Daylight','03 - Loose snow','02 - Stop sign','P.D. only','03 - Rear end',mid_town,0,cluster0
3984,Weekday,Night,highway,'03 - Snow','05 - Dusk','04 - Slush','10 - No control',Injury,'01 - Approaching',Ottawa_west,0,cluster0
3985,Weekday,Night,Road,'03 - Snow','07 - Dark','03 - Loose snow','01 - Traffic signal','P.D. only','06 - SMV unattended vehicle',downtown,0,cluster4
3986,Weekday,Night,Road,'03 - Snow','05 - Dusk','02 - Wet','10 - No control','P.D. only','03 - Rear end',downtown,0,cluster1
3987,Weekday,Mid_Night,Road,'01 - Clear','07 - Dark','01 - Dry','01 - Traffic signal','P.D. only','03 - Rear end',Ottawa_south,0,cluster4
3988,Weekday,Night,Road,'03 - Snow','01 - Daylight','05 - Packed snow','03 - Yield sign','P.D. only','02 - Angle',Ottawa_east,0,cluster0
3989,Weekday,Mid_Night,Road,'03 - Snow','07 - Dark','04 - Slush','10 - No control','P.D. only','04 - Sideswipe',Ottawa_east,0,cluster0
3990,Weekday,Noon,Road,'01 - Clear','01 - Daylight','01 - Dry','02 - Stop sign','P.D. only','03 - Rear end',downtown,0,cluster1
3991,Weekday,Night,Road,'03 - Snow','01 - Daylight','04 - Slush','01 - Traffic signal','P.D. only','02 - Angle',mid_town,0,cluster0
3992,Weekday,Mid_Night,Road,'03 - Snow','00 - Unknown','03 - Loose snow','10 - No control','P.D. only','06 - SMV unattended vehicle',downtown,0,cluster0
3993,Weekday,Night,Road,'01 - Clear','01 - Daylight','01 - Dry','01 - Traffic signal','P.D. only','99 - Other',mid_town,0,cluster1
3994,Weekday,Mid_Night,Road,'03 - Snow','07 - Dark','06 - Ice','01 - Traffic signal',Injury,'03 - Rear end',downtown,0,cluster4
3995,Weekday,Mid_Night,Road,'03 - Snow','07 - Dark','06 - Ice','01 - Traffic signal',Injury,'03 - Rear end',downtown,0,cluster4
3996,Weekday,Mid_Night,Road,'03 - Snow','07 - Dark','06 - Ice','01 - Traffic signal',Injury,'03 - Rear end',Ottawa_east,0,cluster4
3997,Weekday,Night,Road,'03 - Snow','07 - Dark','03 - Loose snow','01 - Traffic signal','P.D. only','03 - Rear end',Ottawa_east,0,cluster0
3998,Weekday,Mid_Night,Road,'03 - Snow','07 - Dark','05 - Packed snow','10 - No control','P.D. only','07 - SMV other',Ottawa_west,0,cluster0
3999,Weekday,Mid_Night,Road,'05 - Drifting Snow','07 - Dark','03 - Loose snow','10 - No control','P.D. only','06 - SMV unattended vehicle',Ottawa_west,0,cluster0
4000,Weekday,Night,Road,'02 - Rain','01 - Daylight','02 - Wet','10 - No control',Injury,'01 - Approaching',downtown,0,cluster1
4001,Weekday,Mid_Night,Road,'02 - Rain','07 - Dark','02 - Wet','02 - Stop sign',Injury,'07 - SMV other',Ottawa_west,0,cluster4
4002,Weekday,Mid_Night,Road,'01 - Clear','07 - Dark','01 - Dry','10 - No control','P.D. only','07 - SMV other',Ottawa_south,0,cluster4
4003,Weekday,Night,Road,'01 - Clear','01 - Daylight','01 - Dry','01 - Traffic signal','P.D. only','04 - Sideswipe',mid_town,0,cluster1
4004,Weekday,Mid_Night,Road,'02 - Rain','07 - Dark','02 - Wet','01 - Traffic signal','P.D. only','02 - Angle',downtown,0,cluster4
4005,Weekday,Mid_Night,Road,'01 - Clear','07 - Dark','99 - Other','10 - No control',Injury,'07 - SMV other',Ottawa_south,0,cluster4
4006,Weekends,Mid_Night,Road,'01 - Clear','07 - Dark','01 - Dry','01 - Traffic signal','P.D. only','02 - Angle',downtown,0,cluster4
4007,Weekends,Early_Morning,Road,'01 - Clear','07 - Dark','01 - Dry','10 - No control','P.D. only','07 - SMV other',downtown,0,cluster1
4008,Weekends,Early_Morning,Road,'01 - Clear','07 - Dark','02 - Wet','10 - No control',Injury,'07 - SMV other',Ottawa_west,1,cluster3
4009,Weekends,Early_Morning,Road,'01 - Clear','07 - Dark','01 - Dry','10 - No control','P.D. only','01 - Approaching',downtown,0,cluster1
4010,Weekday,Mid_Night,Road,'01 - Clear','05 - Dusk','01 - Dry','10 - No control','P.D. only','07 - SMV other',Ottawa_east,0,cluster1
4011,Weekends,Noon,Road,'01 - Clear','01 - Daylight','01 - Dry','10 - No control','P.D. only','07 - SMV other',downtown,0,cluster1
4012,Weekends,Afternoon,Road,'01 - Clear','01 - Daylight','01 - Dry','10 - No control','P.D. only','07 - SMV other',downtown,0,cluster1
4013,Weekends,Evening,highway,'03 - Snow','01 - Daylight','02 - Wet','02 - Stop sign','P.D. only','03 - Rear end',Ottawa_east,0,cluster3
4014,Weekends,Afternoon,Road,'01 - Clear','01 - Daylight','02 - Wet','01 - Traffic signal','P.D. only','04 - Sideswipe',downtown,0,cluster3
4015,Weekends,Evening,Road,'01 - Clear','01 - Daylight','01 - Dry','01 - Traffic signal',Injury,'02 - Angle',downtown,0,cluster3
4016,Weekends,Evening,Road,'01 - Clear','01 - Daylight','01 - Dry','01 - Traffic signal','P.D. only','06 - SMV unattended vehicle',downtown,0,cluster3
4017,Weekends,Night,Road,'01 - Clear','01 - Daylight','01 - Dry','01 - Traffic signal','P.D. only','03 - Rear end',downtown,0,cluster1
4018,Weekends,Evening,Road,'01 - Clear','01 - Daylight','01 - Dry','01 - Traffic signal','P.D. only','05 - Turning movement',mid_town,0,cluster2
4019,Weekends,Night,Road,'01 - Clear','01 - Daylight','01 - Dry','10 - No control','P.D. only','03 - Rear end',Ottawa_east,0,cluster1
4020,Weekday,Evening,Road,'01 - Clear','01 - Daylight','01 - Dry','01 - Traffic signal','P.D. only','03 - Rear end',downtown,0,cluster1
4021,Weekday,Mid_Night,Road,'03 - Snow','07 - Dark','03 - Loose snow','10 - No control','P.D. only','99 - Other',downtown,0,cluster0
4022,Weekends,Night,Road,'01 - Clear','01 - Daylight','01 - Dry','10 - No control','P.D. only','04 - Sideswipe',downtown,0,cluster1
4023,Weekends,Night,Road,'01 - Clear','01 - Daylight','01 - Dry','10 - No control','P.D. only','03 - Rear end',downtown,0,cluster1
4024,Weekends,Mid_Night,Road,'01 - Clear','07 - Dark','01 - Dry','01 - Traffic signal','P.D. only','05 - Turning movement',downtown,0,cluster4
4025,Weekday,Evening,Road,'02 - Rain','01 - Daylight','02 - Wet','01 - Traffic signal','P.D. only','99 - Other',downtown,0,cluster5
4026,Weekends,Mid_Night,Road,'01 - Clear','07 - Dark','01 - Dry','02 - Stop sign',Injury,'02 - Angle',mid_town,0,cluster4
4027,Weekends,Mid_Night,Road,'01 - Clear','05 - Dusk','02 - Wet','10 - No control','P.D. only','07 - SMV other',Ottawa_west,0,cluster3
4028,Weekends,Mid_Night,Road,'01 - Clear','07 - Dark','01 - Dry','10 - No control','P.D. only','06 - SMV unattended vehicle',Ottawa_east,0,cluster4
4029,Weekends,Night,Road,'01 - Clear','01 - Daylight','01 - Dry','02 - Stop sign',Injury,'02 - Angle',downtown,0,cluster1
4030,Weekends,Early_Morning,Road,'01 - Clear','07 - Dark','01 - Dry','01 - Traffic signal','P.D. only','02 - Angle',downtown,0,cluster4
4031,Weekends,Evening,Road,'01 - Clear','01 - Daylight','01 - Dry','10 - No control','P.D. only','04 - Sideswipe',Ottawa_east,0,cluster2
4032,Weekends,Afternoon,Road,'01 - Clear','01 - Daylight','01 - Dry','01 - Traffic signal','P.D. only','05 - Turning movement',downtown,0,cluster4
4033,Weekends,Evening,Road,'01 - Clear','01 - Daylight','01 - Dry','01 - Traffic signal',Injury,'03 - Rear end',Ottawa_west,0,cluster2
4034,Weekends,Evening,Road,'01 - Clear','01 - Daylight','01 - Dry','01 - Traffic signal','P.D. only','05 - Turning movement',Ottawa_south,0,cluster2
4035,Weekends,Mid_Night,Road,'01 - Clear','07 - Dark','01 - Dry','10 - No control','P.D. only','03 - Rear end',Ottawa_west,0,cluster1
4036,Weekends,Evening,Road,'01 - Clear','01 - Daylight','01 - Dry','01 - Traffic signal','P.D. only','03 - Rear end',mid_town,0,cluster2
4037,Weekends,Evening,Road,'01 - Clear','01 - Daylight','01 - Dry','10 - No control',Injury,'04 - Sideswipe',downtown,0,cluster3
4038,Weekends,Night,Road,'01 - Clear','01 - Daylight','01 - Dry','10 - No control',Injury,'05 - Turning movement',mid_town,0,cluster1
4039,Weekends,Night,Road,'01 - Clear','01 - Daylight','01 - Dry','10 - No control','P.D. only','02 - Angle',mid_town,0,cluster1
4040,Weekends,Night,Road,'01 - Clear','01 - Daylight','01 - Dry','10 - No control','P.D. only','06 - SMV unattended vehicle',downtown,0,cluster1
4041,Weekends,Night,Road,'01 - Clear','01 - Daylight','01 - Dry','10 - No control','P.D. only','02 - Angle',downtown,0,cluster1
4042,Weekends,Night,Road,'01 - Clear','01 - Daylight','01 - Dry','10 - No control','P.D. only','03 - Rear end',downtown,0,cluster1
4043,Weekends,Night,Road,'01 - Clear','01 - Daylight','01 - Dry','02 - Stop sign',Injury,'02 - Angle',Ottawa_west,0,cluster1
4044,Weekends,Night,Road,'01 - Clear','01 - Daylight','01 - Dry','02 - Stop sign',Injury,'07 - SMV other',downtown,2,cluster1
4045,Weekends,Night,Road,'01 - Clear','01 - Daylight','01 - Dry','10 - No control','P.D. only','06 - SMV unattended vehicle',downtown,0,cluster1
4046,Weekends,Night,Road,'01 - Clear','01 - Daylight','01 - Dry','01 - Traffic signal','P.D. only','03 - Rear end',downtown,0,cluster1
4047,Weekday,Noon,Road,'01 - Clear','01 - Daylight','01 - Dry','10 - No control','P.D. only','06 - SMV unattended vehicle',downtown,0,cluster1
4048,Weekends,Night,Road,'01 - Clear','01 - Daylight','01 - Dry','10 - No control','P.D. only','07 - SMV other',Ottawa_south,0,cluster1
4049,Weekends,Mid_Night,Road,'01 - Clear','05 - Dusk','01 - Dry','01 - Traffic signal',Injury,'03 - Rear end',downtown,0,cluster4
4050,Weekday,Noon,Road,'01 - Clear','01 - Daylight','01 - Dry','01 - Traffic signal',Injury,'03 - Rear end',downtown,0,cluster1
4051,Weekday,Noon,Road,'01 - Clear','01 - Daylight','01 - Dry','01 - Traffic signal','P.D. only','03 - Rear end',mid_town,0,cluster2
4052,Weekday,Noon,Road,'01 - Clear','01 - Daylight','01 - Dry','01 - Traffic signal','P.D. only','04 - Sideswipe',mid_town,0,cluster2
4053,Weekends,Night,Road,'01 - Clear','01 - Daylight','01 - Dry','10 - No control','P.D. only','07 - SMV other',Ottawa_west,0,cluster1
4054,Weekday,Noon,Road,'01 - Clear','01 - Daylight','01 - Dry','10 - No control',Injury,'03 - Rear end',Ottawa_west,0,cluster1
4055,Weekday,Noon,Road,'01 - Clear','01 - Daylight','01 - Dry','10 - No control','P.D. only','03 - Rear end',downtown,0,cluster1
4056,Weekday,Noon,Road,'01 - Clear','01 - Daylight','01 - Dry','01 - Traffic signal',Injury,'04 - Sideswipe',mid_town,0,cluster2
4057,Weekday,Afternoon,Road,'01 - Clear','01 - Daylight','01 - Dry','10 - No control',Injury,'05 - Turning movement',downtown,0,cluster1
4058,Weekday,Afternoon,Road,'01 - Clear','01 - Daylight','01 - Dry','01 - Traffic signal','P.D. only','03 - Rear end',downtown,0,cluster1
4059,Weekday,Afternoon,Road,'01 - Clear','01 - Daylight','01 - Dry','10 - No control','P.D. only','07 - SMV other',Ottawa_south,0,cluster1
4060,Weekends,Mid_Night,Road,'01 - Clear','07 - Dark','01 - Dry','10 - No control','P.D. only','02 - Angle',downtown,0,cluster4
4061,Weekday,Evening,Road,'01 - Clear','01 - Daylight','01 - Dry','01 - Traffic signal','P.D. only','03 - Rear end',Ottawa_west,0,cluster2
4062,Weekends,Night,Road,'01 - Clear','01 - Daylight','01 - Dry','10 - No control','P.D. only','02 - Angle',Ottawa_west,0,cluster1
4063,Weekday,Evening,Road,'01 - Clear','01 - Daylight','01 - Dry','01 - Traffic signal','P.D. only','04 - Sideswipe',mid_town,0,cluster2
4064,Weekday,Night,Road,'01 - Clear','01 - Daylight','01 - Dry','10 - No control','P.D. only','05 - Turning movement',Ottawa_west,0,cluster1
4065,Weekday,Night,Road,'01 - Clear','01 - Daylight','01 - Dry','10 - No control',Injury,'03 - Rear end',Ottawa_west,0,cluster1
4066,Weekday,Night,Road,'01 - Clear','01 - Daylight','01 - Dry','01 - Traffic signal','P.D. only','02 - Angle',Ottawa_south,0,cluster1
4067,Weekday,Mid_Night,Road,'01 - Clear','07 - Dark','01 - Dry','10 - No control','P.D. only','06 - SMV unattended vehicle',downtown,0,cluster4
4068,Weekends,Evening,Road,'01 - Clear','01 - Daylight','01 - Dry','01 - Traffic signal',Injury,'03 - Rear end',mid_town,0,cluster2
4069,Weekday,Night,Road,'01 - Clear','01 - Daylight','01 - Dry','01 - Traffic signal','P.D. only','04 - Sideswipe',downtown,0,cluster1
4070,Weekday,Night,Road,'01 - Clear','01 - Daylight','01 - Dry','01 - Traffic signal','P.D. only','05 - Turning movement',mid_town,0,cluster1
4071,Weekday,Evening,Road,'01 - Clear','01 - Daylight','01 - Dry','10 - No control','P.D. only','03 - Rear end',mid_town,0,cluster2
4072,Weekday,Afternoon,Road,'01 - Clear','01 - Daylight','01 - Dry','10 - No control','P.D. only','05 - Turning movement',downtown,0,cluster1
4073,Weekday,Mid_Night,Road,'01 - Clear','01 - Daylight','01 - Dry','01 - Traffic signal','P.D. only','03 - Rear end',Ottawa_west,0,cluster1
4074,Weekday,Mid_Night,Road,'01 - Clear','07 - Dark','01 - Dry','10 - No control','P.D. only','07 - SMV other',Ottawa_west,0,cluster4
4075,Weekday,Mid_Night,Road,'01 - Clear','07 - Dark','01 - Dry','01 - Traffic signal','P.D. only','04 - Sideswipe',mid_town,0,cluster4
4076,Weekday,Night,Road,'01 - Clear','01 - Daylight','01 - Dry','10 - No control',Injury,'04 - Sideswipe',downtown,0,cluster1
4077,Weekday,Mid_Night,Road,'01 - Clear','07 - Dark','01 - Dry','10 - No control','P.D. only','06 - SMV unattended vehicle',Ottawa_south,0,cluster4
4078,Weekday,Mid_Night,Road,'01 - Clear','07 - Dark','08 - Loose sand or gravel','10 - No control','P.D. only','03 - Rear end',Ottawa_west,0,cluster1
4079,Weekday,Mid_Night,Road,'01 - Clear','07 - Dark','01 - Dry','01 - Traffic signal','P.D. only','05 - Turning movement',downtown,0,cluster4
4080,Weekday,Early_Morning,Road,'01 - Clear','07 - Dark','01 - Dry','10 - No control',Injury,'07 - SMV other',Ottawa_south,0,cluster1
4081,Weekday,Noon,Road,'01 - Clear','01 - Daylight','01 - Dry','01 - Traffic signal','P.D. only','02 - Angle',Ottawa_south,0,cluster1
4082,Weekday,Noon,Road,'01 - Clear','01 - Daylight','01 - Dry','01 - Traffic signal',Injury,'07 - SMV other',Ottawa_south,1,cluster5
4083,Weekday,Noon,Road,'01 - Clear','01 - Daylight','01 - Dry','01 - Traffic signal',Injury,'07 - SMV other',downtown,1,cluster5
4084,Weekday,Night,Road,'01 - Clear','01 - Daylight','01 - Dry','01 - Traffic signal','P.D. only','03 - Rear end',mid_town,0,cluster1
4085,Weekday,Mid_Night,Road,'01 - Clear','07 - Dark','01 - Dry','10 - No control','P.D. only','02 - Angle',mid_town,0,cluster2
4086,Weekday,Noon,Road,'01 - Clear','01 - Daylight','01 - Dry','01 - Traffic signal',Injury,'04 - Sideswipe',downtown,0,cluster1
4087,Weekday,Noon,Road,'01 - Clear','01 - Daylight','01 - Dry','01 - Traffic signal','P.D. only','03 - Rear end',Ottawa_west,0,cluster1
4088,Weekday,Noon,Road,'01 - Clear','01 - Daylight','01 - Dry','10 - No control','P.D. only','04 - Sideswipe',downtown,0,cluster1
4089,Weekday,Afternoon,Road,'01 - Clear','01 - Daylight','01 - Dry','10 - No control','P.D. only','06 - SMV unattended vehicle',downtown,0,cluster1
4090,Weekday,Evening,Road,'01 - Clear','01 - Daylight','01 - Dry','02 - Stop sign','P.D. only','02 - Angle',mid_town,0,cluster2
4091,Weekday,Afternoon,Road,'01 - Clear','01 - Daylight','01 - Dry','10 - No control','P.D. only','07 - SMV other',downtown,0,cluster1
4092,Weekday,Evening,Road,'01 - Clear','01 - Daylight','01 - Dry','01 - Traffic signal',Injury,'03 - Rear end',mid_town,0,cluster2
4093,Weekday,Evening,Road,'01 - Clear','01 - Daylight','01 - Dry','01 - Traffic signal','P.D. only','04 - Sideswipe',mid_town,0,cluster2
4094,Weekday,Evening,Road,'01 - Clear','01 - Daylight','01 - Dry','10 - No control','P.D. only','02 - Angle',downtown,0,cluster1
4095,Weekday,Evening,Road,'01 - Clear','01 - Daylight','01 - Dry','01 - Traffic signal','P.D. only','04 - Sideswipe',mid_town,0,cluster2
4096,Weekday,Evening,Road,'01 - Clear','01 - Daylight','01 - Dry','01 - Traffic signal','P.D. only','04 - Sideswipe',downtown,0,cluster1
4097,Weekday,Night,Road,'01 - Clear','01 - Daylight','01 - Dry','01 - Traffic signal','P.D. only','03 - Rear end',downtown,0,cluster1
4098,Weekday,Evening,Road,'01 - Clear','01 - Daylight','01 - Dry','01 - Traffic signal','P.D. only','04 - Sideswipe',Ottawa_west,0,cluster2
4099,Weekday,Evening,Road,'01 - Clear','01 - Daylight','01 - Dry','01 - Traffic signal','P.D. only','03 - Rear end',downtown,0,cluster1
4100,Weekday,Night,Road,'01 - Clear','01 - Daylight','01 - Dry','10 - No control','P.D. only','01 - Approaching',Ottawa_south,0,cluster1
4101,Weekday,Night,Road,'01 - Clear','01 - Daylight','01 - Dry','10 - No control','P.D. only','03 - Rear end',mid_town,0,cluster1
4102,Weekday,Night,Road,'01 - Clear','01 - Daylight','01 - Dry','10 - No control','P.D. only','04 - Sideswipe',downtown,0,cluster1
4103,Weekday,Night,Road,'01 - Clear','01 - Daylight','01 - Dry','01 - Traffic signal',Injury,'05 - Turning movement',Ottawa_east,0,cluster1
4104,Weekday,Evening,Road,'01 - Clear','01 - Daylight','01 - Dry','10 - No control','P.D. only','03 - Rear end',downtown,0,cluster1
4105,Weekday,Night,highway,'01 - Clear','01 - Daylight','01 - Dry','10 - No control','P.D. only','03 - Rear end',mid_town,0,cluster1
4106,Weekday,Night,Road,'01 - Clear','01 - Daylight','01 - Dry','01 - Traffic signal','P.D. only','03 - Rear end',mid_town,0,cluster1
4107,Weekday,Night,Road,'01 - Clear','01 - Daylight','01 - Dry','01 - Traffic signal','P.D. only','03 - Rear end',mid_town,0,cluster1