Instance_number,DATE,TIME,Road_type,ENVIRONMENT,LIGHT,SURFACE_CONDITION,TRAFFIC_CONTROL,COLLISION_CLASSIFICATION,IMPACT_TYPE,Location,NO_OF_PEDESTRIANS,Cluster
4674,Weekday,Mid_Night,Road,'01 - Clear','07 - Dark','01 - Dry','02 - Stop sign',Injury,'07 - SMV other',downtown,1,cluster4
4675,Weekday,Afternoon,Road,'01 - Clear','01 - Daylight','01 - Dry','10 - No control','P.D. only','03 - Rear end',Ottawa_east,0,cluster1
4676,Weekday,Evening,Road,'01 - Clear','01 - Daylight','01 - Dry','10 - No control','P.D. only','02 - Angle',downtown,0,cluster1
4677,Weekday,Evening,Road,'01 - Clear','01 - Daylight','01 - Dry','10 - No control','P.D. only','04 - Sideswipe',downtown,0,cluster1
4678,Weekday,Evening,Road,'01 - Clear','01 - Daylight','01 - Dry','10 - No control','P.D. only','03 - Rear end',downtown,0,cluster1
4679,Weekday,Evening,Road,'01 - Clear','01 - Daylight','01 - Dry','02 - Stop sign',Injury,'02 - Angle',downtown,0,cluster1
4680,Weekday,Afternoon,Road,'01 - Clear','01 - Daylight','01 - Dry','10 - No control','P.D. only','06 - SMV unattended vehicle',Ottawa_south,0,cluster1
4681,Weekday,Evening,Road,'01 - Clear','01 - Daylight','01 - Dry','02 - Stop sign','P.D. only','05 - Turning movement',Ottawa_south,0,cluster2
4682,Weekday,Night,Road,'01 - Clear','01 - Daylight','01 - Dry','01 - Traffic signal','P.D. only','03 - Rear end',downtown,0,cluster1
4683,Weekends,Mid_Night,Road,'02 - Rain','05 - Dusk','02 - Wet','01 - Traffic signal',Injury,'03 - Rear end',mid_town,0,cluster3
4684,Weekday,Night,Road,'01 - Clear','01 - Daylight','01 - Dry','10 - No control',Injury,'03 - Rear end',mid_town,0,cluster1
4685,Weekends,Evening,Road,'01 - Clear','01 - Daylight','02 - Wet','10 - No control','P.D. only','06 - SMV unattended vehicle',mid_town,0,cluster3
4686,Weekday,Afternoon,Road,'01 - Clear','01 - Daylight','01 - Dry','02 - Stop sign',Injury,'04 - Sideswipe',mid_town,0,cluster2
4687,Weekday,Night,Road,'01 - Clear','01 - Daylight','01 - Dry','03 - Yield sign','P.D. only','04 - Sideswipe',Ottawa_east,0,cluster1
4688,Weekday,Evening,Road,'02 - Rain','01 - Daylight','02 - Wet','01 - Traffic signal',Injury,'03 - Rear end',downtown,0,cluster3
4689,Weekday,Evening,Road,'01 - Clear','01 - Daylight','01 - Dry','02 - Stop sign','P.D. only','02 - Angle',Ottawa_south,0,cluster2
4690,Weekday,Night,Road,'01 - Clear','01 - Daylight','01 - Dry','01 - Traffic signal','P.D. only','05 - Turning movement',mid_town,0,cluster1
4691,Weekday,Evening,Road,'01 - Clear','01 - Daylight','01 - Dry','10 - No control','P.D. only','06 - SMV unattended vehicle',downtown,0,cluster1
4692,Weekends,Mid_Night,Road,'01 - Clear','07 - Dark','01 - Dry','01 - Traffic signal','P.D. only','05 - Turning movement',mid_town,0,cluster4
4693,Weekday,Night,highway,'01 - Clear','01 - Daylight','01 - Dry','10 - No control',Injury,'03 - Rear end',downtown,0,cluster1
4694,Weekday,Evening,Road,'01 - Clear','01 - Daylight','01 - Dry','01 - Traffic signal','P.D. only','07 - SMV other',downtown,0,cluster5
4695,Weekday,Night,Road,'01 - Clear','01 - Daylight','01 - Dry','01 - Traffic signal','P.D. only','02 - Angle',downtown,0,cluster1
4696,Weekday,Night,Road,'01 - Clear','01 - Daylight','01 - Dry','10 - No control','P.D. only','03 - Rear end',downtown,0,cluster1
4697,Weekday,Evening,Road,'01 - Clear','01 - Daylight','01 - Dry','10 - No control','P.D. only','99 - Other',mid_town,0,cluster2
4698,Weekday,Night,Road,'01 - Clear','01 - Daylight','01 - Dry','10 - No control',Injury,'02 - Angle',mid_town,0,cluster1
4699,Weekday,Mid_Night,Road,'01 - Clear','07 - Dark','01 - Dry','01 - Traffic signal','P.D. only','04 - Sideswipe',downtown,0,cluster4
4700,Weekday,Evening,Road,'01 - Clear','01 - Daylight','01 - Dry','10 - No control','P.D. only','03 - Rear end',downtown,0,cluster1
4701,Weekday,Night,Road,'01 - Clear','01 - Daylight','01 - Dry','10 - No control','P.D. only','06 - SMV unattended vehicle',mid_town,0,cluster1
4702,Weekday,Evening,Road,'01 - Clear','01 - Daylight','01 - Dry','10 - No control','P.D. only','01 - Approaching',Ottawa_west,0,cluster2
4703,Weekday,Afternoon,Road,'01 - Clear','01 - Daylight','01 - Dry','10 - No control','P.D. only','06 - SMV unattended vehicle',Ottawa_west,0,cluster1
4704,Weekday,Night,highway,'01 - Clear','01 - Daylight','01 - Dry','10 - No control','P.D. only','03 - Rear end',downtown,0,cluster1
4705,Weekday,Mid_Night,Road,'01 - Clear','07 - Dark','01 - Dry','01 - Traffic signal','P.D. only','05 - Turning movement',downtown,0,cluster4
4706,Weekends,Mid_Night,Road,'01 - Clear','07 - Dark','02 - Wet','01 - Traffic signal','P.D. only','05 - Turning movement',mid_town,0,cluster4
4707,Weekday,Night,Road,'01 - Clear','01 - Daylight','01 - Dry','01 - Traffic signal','P.D. only','05 - Turning movement',mid_town,0,cluster1
4708,Weekday,Mid_Night,Road,'01 - Clear','07 - Dark','01 - Dry','01 - Traffic signal','P.D. only','02 - Angle',mid_town,0,cluster4
4709,Weekends,Noon,Road,'01 - Clear','01 - Daylight','01 - Dry','10 - No control','P.D. only','07 - SMV other',downtown,0,cluster1
4710,Weekday,Night,Road,'01 - Clear','01 - Daylight','01 - Dry','02 - Stop sign','P.D. only','02 - Angle',mid_town,0,cluster1
4711,Weekday,Night,Road,'01 - Clear','01 - Daylight','01 - Dry','02 - Stop sign','P.D. only','07 - SMV other',downtown,0,cluster1
4712,Weekday,Night,Road,'01 - Clear','01 - Daylight','01 - Dry','10 - No control',Injury,'03 - Rear end',Ottawa_west,0,cluster1
4713,Weekday,Night,Road,'01 - Clear','01 - Daylight','01 - Dry','02 - Stop sign','P.D. only','05 - Turning movement',Ottawa_west,0,cluster1
4714,Weekends,Evening,Road,'01 - Clear','01 - Daylight','01 - Dry','01 - Traffic signal','P.D. only','03 - Rear end',mid_town,0,cluster2
4715,Weekday,Noon,Road,'01 - Clear','01 - Daylight','01 - Dry','01 - Traffic signal','P.D. only','03 - Rear end',Ottawa_east,0,cluster1
4716,Weekday,Mid_Night,Road,'01 - Clear','01 - Daylight','01 - Dry','01 - Traffic signal','P.D. only','03 - Rear end',mid_town,0,cluster2
4717,Weekends,Evening,Road,'01 - Clear','01 - Daylight','01 - Dry','01 - Traffic signal','P.D. only','03 - Rear end',Ottawa_east,0,cluster2
4718,Weekday,Noon,Road,'01 - Clear','01 - Daylight','01 - Dry','10 - No control',Injury,'02 - Angle',downtown,0,cluster1
4719,Weekday,Evening,Road,'02 - Rain','01 - Daylight','02 - Wet','10 - No control','P.D. only','03 - Rear end',downtown,0,cluster3
4720,Weekday,Night,Road,'01 - Clear','01 - Daylight','01 - Dry','02 - Stop sign','P.D. only','05 - Turning movement',downtown,0,cluster1
4721,Weekday,Night,Road,'02 - Rain','01 - Daylight','02 - Wet','10 - No control','P.D. only','04 - Sideswipe',mid_town,0,cluster0
4722,Weekends,Evening,Road,'01 - Clear','01 - Daylight','01 - Dry','01 - Traffic signal',Injury,'03 - Rear end',downtown,0,cluster3
4723,Weekday,Noon,Road,'01 - Clear','01 - Daylight','01 - Dry','02 - Stop sign','P.D. only','02 - Angle',downtown,0,cluster1
4724,Weekends,Night,Road,'01 - Clear','01 - Daylight','01 - Dry','10 - No control','P.D. only','06 - SMV unattended vehicle',Ottawa_west,0,cluster1
4725,Weekday,Evening,Road,'01 - Clear','01 - Daylight','02 - Wet','10 - No control','P.D. only','03 - Rear end',mid_town,0,cluster2
4726,Weekday,Afternoon,Road,'01 - Clear','01 - Daylight','01 - Dry','10 - No control','P.D. only','06 - SMV unattended vehicle',Ottawa_east,0,cluster1
4727,Weekday,Afternoon,Road,'01 - Clear','01 - Daylight','01 - Dry','10 - No control',Injury,'07 - SMV other',downtown,0,cluster1
4728,Weekday,Night,Road,'01 - Clear','01 - Daylight','01 - Dry','02 - Stop sign','P.D. only','02 - Angle',Ottawa_south,0,cluster1
4729,Weekday,Night,Road,'01 - Clear','01 - Daylight','01 - Dry','10 - No control','P.D. only','04 - Sideswipe',downtown,0,cluster1
4730,Weekday,Night,Road,'01 - Clear','01 - Daylight','02 - Wet','01 - Traffic signal','P.D. only','04 - Sideswipe',mid_town,0,cluster5
4731,Weekends,Night,Road,'01 - Clear','01 - Daylight','01 - Dry','10 - No control',Injury,'03 - Rear end',mid_town,0,cluster1
4732,Weekday,Afternoon,Road,'01 - Clear','01 - Daylight','01 - Dry','01 - Traffic signal','P.D. only','07 - SMV other',downtown,1,cluster5
4733,Weekday,Evening,Road,'02 - Rain','01 - Daylight','02 - Wet','01 - Traffic signal','P.D. only','03 - Rear end',downtown,0,cluster3
4734,Weekday,Night,Road,'01 - Clear','01 - Daylight','01 - Dry','01 - Traffic signal',Injury,'05 - Turning movement',Ottawa_west,0,cluster1
4735,Weekday,Evening,Road,'01 - Clear','01 - Daylight','01 - Dry','10 - No control','P.D. only','04 - Sideswipe',mid_town,0,cluster2
4736,Weekday,Noon,highway,'01 - Clear','01 - Daylight','01 - Dry','10 - No control','P.D. only','03 - Rear end',mid_town,0,cluster2
4737,Weekday,Night,Road,'01 - Clear','01 - Daylight','01 - Dry','02 - Stop sign','P.D. only','03 - Rear end',downtown,0,cluster1
4738,Weekday,Night,Road,'01 - Clear','01 - Daylight','01 - Dry','01 - Traffic signal','P.D. only','05 - Turning movement',downtown,0,cluster1
4739,Weekday,Night,Road,'01 - Clear','01 - Daylight','01 - Dry','01 - Traffic signal','P.D. only','03 - Rear end',mid_town,0,cluster1
4740,Weekday,Night,Road,'01 - Clear','01 - Daylight','01 - Dry','10 - No control','P.D. only','03 - Rear end',mid_town,0,cluster1
4741,Weekday,Night,Road,'01 - Clear','01 - Daylight','01 - Dry','01 - Traffic signal','P.D. only','03 - Rear end',Ottawa_east,0,cluster1
4742,Weekday,Night,Road,'01 - Clear','01 - Daylight','01 - Dry','10 - No control','P.D. only','06 - SMV unattended vehicle',downtown,0,cluster1
4743,Weekday,Night,Road,'01 - Clear','01 - Daylight','01 - Dry','10 - No control','P.D. only','03 - Rear end',mid_town,0,cluster1
4744,Weekday,Night,Road,'01 - Clear','01 - Daylight','01 - Dry','01 - Traffic signal','P.D. only','02 - Angle',downtown,0,cluster1
4745,Weekday,Night,Road,'01 - Clear','01 - Daylight','01 - Dry','10 - No control','P.D. only','07 - SMV other',Ottawa_south,0,cluster1
4746,Weekday,Night,Road,'01 - Clear','01 - Daylight','01 - Dry','02 - Stop sign',Injury,'03 - Rear end',downtown,0,cluster1
4747,Weekday,Night,Road,'01 - Clear','01 - Daylight','01 - Dry','02 - Stop sign','P.D. only','03 - Rear end',Ottawa_west,0,cluster1
4748,Weekday,Night,Road,'01 - Clear','05 - Dusk','01 - Dry','01 - Traffic signal','P.D. only','04 - Sideswipe',downtown,0,cluster1
4749,Weekday,Mid_Night,Road,'02 - Rain','07 - Dark','02 - Wet','01 - Traffic signal','P.D. only','04 - Sideswipe',downtown,0,cluster4
4750,Weekday,Mid_Night,Road,'01 - Clear','01 - Daylight','01 - Dry','10 - No control','P.D. only','99 - Other',mid_town,0,cluster2
4751,Weekday,Early_Morning,Road,'02 - Rain','07 - Dark','02 - Wet','02 - Stop sign','P.D. only','02 - Angle',downtown,0,cluster4
4752,Weekday,Early_Morning,Road,'02 - Rain','07 - Dark','02 - Wet','10 - No control',Injury,'07 - SMV other',Ottawa_south,0,cluster0
4753,Weekday,Early_Morning,Road,'02 - Rain','07 - Dark','02 - Wet','10 - No control','P.D. only','07 - SMV other',Ottawa_west,0,cluster0
4754,Weekday,Noon,Road,'02 - Rain','03 - Dawn','02 - Wet','01 - Traffic signal','P.D. only','05 - Turning movement',Ottawa_west,0,cluster4
4755,Weekday,Noon,Road,'01 - Clear','01 - Daylight','02 - Wet','01 - Traffic signal','P.D. only','03 - Rear end',downtown,0,cluster5
4756,Weekday,Noon,Road,'01 - Clear','01 - Daylight','02 - Wet','10 - No control','P.D. only','03 - Rear end',downtown,0,cluster1
4757,Weekday,Early_Morning,Road,'00 - Unknown','07 - Dark','00 - Unknown','10 - No control','P.D. only','06 - SMV unattended vehicle',Ottawa_south,0,cluster0
4758,Weekday,Noon,Road,'02 - Rain','01 - Daylight','02 - Wet','01 - Traffic signal','P.D. only','03 - Rear end',mid_town,0,cluster2
4759,Weekday,Afternoon,Road,'01 - Clear','01 - Daylight','02 - Wet','01 - Traffic signal','P.D. only','05 - Turning movement',Ottawa_east,0,cluster5
4760,Weekday,Noon,Road,'01 - Clear','01 - Daylight','01 - Dry','11 - Roundabout','P.D. only','07 - SMV other',Ottawa_south,0,cluster1
4761,Weekday,Afternoon,Road,'02 - Rain','01 - Daylight','02 - Wet','01 - Traffic signal','P.D. only','04 - Sideswipe',mid_town,0,cluster5
4762,Weekday,Afternoon,Road,'02 - Rain','01 - Daylight','02 - Wet','02 - Stop sign','P.D. only','02 - Angle',downtown,0,cluster5
4763,Weekday,Noon,Road,'01 - Clear','01 - Daylight','01 - Dry','01 - Traffic signal','P.D. only','99 - Other',mid_town,0,cluster2
4764,Weekday,Noon,Road,'02 - Rain','01 - Daylight','02 - Wet','10 - No control','P.D. only','05 - Turning movement',Ottawa_south,0,cluster0
4765,Weekday,Evening,Road,'01 - Clear','01 - Daylight','01 - Dry','10 - No control','P.D. only','04 - Sideswipe',downtown,0,cluster1
4766,Weekday,Evening,Road,'01 - Clear','01 - Daylight','01 - Dry','01 - Traffic signal','P.D. only','03 - Rear end',Ottawa_west,0,cluster2
4767,Weekday,Evening,Road,'01 - Clear','01 - Daylight','01 - Dry','10 - No control',Injury,'03 - Rear end',Ottawa_west,0,cluster2
4768,Weekday,Evening,Road,'01 - Clear','01 - Daylight','01 - Dry','01 - Traffic signal','P.D. only','03 - Rear end',mid_town,0,cluster2
4769,Weekday,Night,Road,'01 - Clear','01 - Daylight','01 - Dry','01 - Traffic signal','P.D. only','04 - Sideswipe',mid_town,0,cluster1
4770,Weekday,Evening,Road,'01 - Clear','01 - Daylight','01 - Dry','02 - Stop sign','P.D. only','05 - Turning movement',downtown,0,cluster1
4771,Weekday,Evening,Road,'02 - Rain','01 - Daylight','02 - Wet','01 - Traffic signal','P.D. only','03 - Rear end',downtown,0,cluster3
4772,Weekday,Evening,Road,'01 - Clear','01 - Daylight','01 - Dry','01 - Traffic signal','P.D. only','04 - Sideswipe',downtown,0,cluster1
4773,Weekday,Evening,Road,'01 - Clear','01 - Daylight','01 - Dry','10 - No control','P.D. only','03 - Rear end',downtown,0,cluster1
4774,Weekday,Evening,Road,'01 - Clear','01 - Daylight','01 - Dry','01 - Traffic signal','P.D. only','03 - Rear end',downtown,0,cluster1
4775,Weekday,Evening,Road,'01 - Clear','01 - Daylight','02 - Wet','02 - Stop sign',Injury,'02 - Angle',downtown,0,cluster3
4776,Weekday,Evening,Road,'01 - Clear','01 - Daylight','01 - Dry','01 - Traffic signal','P.D. only','03 - Rear end',mid_town,0,cluster2
4777,Weekday,Night,Road,'01 - Clear','01 - Daylight','01 - Dry','10 - No control','P.D. only','06 - SMV unattended vehicle',downtown,0,cluster1
4778,Weekday,Evening,Road,'01 - Clear','01 - Daylight','02 - Wet','01 - Traffic signal','P.D. only','05 - Turning movement',mid_town,0,cluster2
4779,Weekday,Night,Road,'01 - Clear','01 - Daylight','01 - Dry','10 - No control','P.D. only','06 - SMV unattended vehicle',Ottawa_south,0,cluster1
4780,Weekday,Night,Road,'01 - Clear','01 - Daylight','01 - Dry','10 - No control','P.D. only','05 - Turning movement',mid_town,0,cluster1
4781,Weekday,Night,Road,'01 - Clear','01 - Daylight','01 - Dry','01 - Traffic signal','P.D. only','03 - Rear end',downtown,0,cluster1
4782,Weekday,Night,Road,'01 - Clear','01 - Daylight','01 - Dry','10 - No control','P.D. only','03 - Rear end',Ottawa_south,0,cluster1
4783,Weekday,Mid_Night,Road,'01 - Clear','07 - Dark','01 - Dry','10 - No control',Injury,'07 - SMV other',downtown,1,cluster4
4784,Weekday,Mid_Night,Road,'01 - Clear','07 - Dark','01 - Dry','01 - Traffic signal','P.D. only','05 - Turning movement',Ottawa_east,0,cluster4
4785,Weekday,Night,Road,'01 - Clear','01 - Daylight','01 - Dry','10 - No control','P.D. only','06 - SMV unattended vehicle',downtown,0,cluster1
4786,Weekends,Evening,Road,'01 - Clear','01 - Daylight','01 - Dry','10 - No control','P.D. only','05 - Turning movement',downtown,0,cluster3
4787,Weekday,Afternoon,Road,'01 - Clear','01 - Daylight','01 - Dry','01 - Traffic signal','P.D. only','03 - Rear end',downtown,0,cluster1
4788,Weekday,Night,Road,'01 - Clear','01 - Daylight','01 - Dry','02 - Stop sign',Injury,'02 - Angle',Ottawa_west,0,cluster1
4789,Weekday,Night,Road,'01 - Clear','01 - Daylight','01 - Dry','01 - Traffic signal','P.D. only','03 - Rear end',mid_town,0,cluster1
4790,Weekday,Mid_Night,Road,'01 - Clear','05 - Dusk','01 - Dry','10 - No control','P.D. only','06 - SMV unattended vehicle',downtown,0,cluster1
4791,Weekends,Night,Road,'01 - Clear','01 - Daylight','01 - Dry','10 - No control','P.D. only','07 - SMV other',downtown,0,cluster1
4792,Weekday,Afternoon,highway,'01 - Clear','01 - Daylight','01 - Dry','10 - No control','P.D. only','04 - Sideswipe',downtown,0,cluster1
4793,Weekday,Night,Road,'01 - Clear','01 - Daylight','01 - Dry','02 - Stop sign','P.D. only','02 - Angle',downtown,0,cluster1
4794,Weekday,Night,Road,'01 - Clear','01 - Daylight','01 - Dry','01 - Traffic signal','P.D. only','03 - Rear end',mid_town,0,cluster1
4795,Weekends,Night,Road,'01 - Clear','01 - Daylight','01 - Dry','10 - No control',Injury,'03 - Rear end',Ottawa_south,0,cluster1
4796,Weekday,Evening,Road,'01 - Clear','01 - Daylight','01 - Dry','01 - Traffic signal',Injury,'03 - Rear end',Ottawa_west,0,cluster2
4797,Weekday,Night,Road,'01 - Clear','01 - Daylight','01 - Dry','01 - Traffic signal','P.D. only','03 - Rear end',Ottawa_east,0,cluster1
4798,Weekday,Night,Road,'01 - Clear','01 - Daylight','01 - Dry','01 - Traffic signal',Injury,'05 - Turning movement',mid_town,0,cluster1
4799,Weekday,Evening,Road,'01 - Clear','01 - Daylight','01 - Dry','10 - No control','P.D. only','06 - SMV unattended vehicle',mid_town,0,cluster2
4800,Weekday,Mid_Night,Road,'01 - Clear','07 - Dark','01 - Dry','01 - Traffic signal','P.D. only','04 - Sideswipe',downtown,0,cluster4
4801,Weekday,Night,Road,'01 - Clear','01 - Daylight','01 - Dry','01 - Traffic signal','P.D. only','05 - Turning movement',Ottawa_east,0,cluster1
4802,Weekends,Night,Road,'01 - Clear','01 - Daylight','01 - Dry','10 - No control','P.D. only','02 - Angle',mid_town,0,cluster1
4803,Weekday,Evening,Road,'01 - Clear','01 - Daylight','01 - Dry','01 - Traffic signal',Injury,'03 - Rear end',mid_town,0,cluster2
4804,Weekday,Night,Road,'01 - Clear','01 - Daylight','01 - Dry','01 - Traffic signal','P.D. only','05 - Turning movement',downtown,0,cluster1
4805,Weekday,Mid_Night,Road,'01 - Clear','07 - Dark','01 - Dry','02 - Stop sign',Injury,'07 - SMV other',Ottawa_south,0,cluster4
4806,Weekday,Early_Morning,Road,'01 - Clear','07 - Dark','01 - Dry','10 - No control','P.D. only','06 - SMV unattended vehicle',mid_town,0,cluster2
4807,Weekends,Evening,Road,'01 - Clear','01 - Daylight','01 - Dry','02 - Stop sign','P.D. only','03 - Rear end',mid_town,0,cluster2
4808,Weekday,Evening,Road,'01 - Clear','01 - Daylight','01 - Dry','10 - No control','P.D. only','04 - Sideswipe',downtown,0,cluster1
4809,Weekday,Night,Road,'01 - Clear','01 - Daylight','01 - Dry','10 - No control','P.D. only','05 - Turning movement',mid_town,0,cluster1
4810,Weekday,Early_Morning,Road,'01 - Clear','07 - Dark','01 - Dry','10 - No control','P.D. only','07 - SMV other',mid_town,0,cluster2
4811,Weekday,Noon,Road,'01 - Clear','01 - Daylight','01 - Dry','10 - No control','P.D. only','03 - Rear end',downtown,0,cluster1
4812,Weekday,Noon,Road,'01 - Clear','01 - Daylight','01 - Dry','10 - No control',Injury,'04 - Sideswipe',downtown,0,cluster1
4813,Weekday,Noon,Road,'01 - Clear','01 - Daylight','01 - Dry','10 - No control',Injury,'05 - Turning movement',mid_town,0,cluster2
4814,Weekday,Noon,Road,'01 - Clear','01 - Daylight','01 - Dry','10 - No control',Injury,'07 - SMV other',Ottawa_west,1,cluster1
4815,Weekday,Noon,Road,'01 - Clear','01 - Daylight','01 - Dry','01 - Traffic signal',Injury,'07 - SMV other',downtown,1,cluster5
4816,Weekday,Noon,Road,'01 - Clear','01 - Daylight','01 - Dry','01 - Traffic signal','P.D. only','04 - Sideswipe',downtown,0,cluster1
4817,Weekday,Afternoon,Road,'01 - Clear','01 - Daylight','01 - Dry','01 - Traffic signal','P.D. only','05 - Turning movement',mid_town,0,cluster2
4818,Weekday,Noon,Road,'01 - Clear','01 - Daylight','01 - Dry','01 - Traffic signal','P.D. only','03 - Rear end',downtown,0,cluster1
4819,Weekday,Afternoon,Road,'01 - Clear','01 - Daylight','01 - Dry','10 - No control','P.D. only','06 - SMV unattended vehicle',downtown,0,cluster1
4820,Weekday,Afternoon,Road,'01 - Clear','01 - Daylight','01 - Dry','10 - No control','P.D. only','06 - SMV unattended vehicle',downtown,0,cluster1
4821,Weekday,Afternoon,Road,'01 - Clear','01 - Daylight','01 - Dry','10 - No control','P.D. only','04 - Sideswipe',mid_town,0,cluster2
4822,Weekday,Evening,Road,'01 - Clear','01 - Daylight','01 - Dry','01 - Traffic signal',Injury,'04 - Sideswipe',mid_town,0,cluster2
4823,Weekday,Evening,highway,'01 - Clear','01 - Daylight','01 - Dry','10 - No control','P.D. only','03 - Rear end',mid_town,0,cluster2
4824,Weekday,Night,Road,'01 - Clear','01 - Daylight','01 - Dry','01 - Traffic signal','P.D. only','03 - Rear end',downtown,0,cluster1
4825,Weekday,Evening,Road,'01 - Clear','01 - Daylight','01 - Dry','01 - Traffic signal','P.D. only','02 - Angle',mid_town,0,cluster2
4826,Weekday,Evening,Road,'01 - Clear','01 - Daylight','01 - Dry','10 - No control','P.D. only','03 - Rear end',downtown,0,cluster1
4827,Weekday,Evening,Road,'01 - Clear','01 - Daylight','01 - Dry','10 - No control','P.D. only','03 - Rear end',Ottawa_south,0,cluster2
4828,Weekday,Noon,Road,'01 - Clear','01 - Daylight','01 - Dry','01 - Traffic signal','P.D. only','07 - SMV other',downtown,0,cluster5
4829,Weekday,Evening,Road,'01 - Clear','01 - Daylight','01 - Dry','10 - No control','P.D. only','07 - SMV other',downtown,0,cluster1
4830,Weekday,Evening,Road,'01 - Clear','01 - Daylight','01 - Dry','10 - No control','P.D. only','06 - SMV unattended vehicle',downtown,0,cluster1
4831,Weekday,Evening,highway,'01 - Clear','01 - Daylight','01 - Dry','01 - Traffic signal',Injury,'02 - Angle',Ottawa_west,0,cluster2
4832,Weekday,Evening,Road,'01 - Clear','01 - Daylight','01 - Dry','01 - Traffic signal','P.D. only','03 - Rear end',mid_town,0,cluster2
4833,Weekday,Evening,Road,'01 - Clear','01 - Daylight','01 - Dry','02 - Stop sign','P.D. only','05 - Turning movement',Ottawa_west,0,cluster2
4834,Weekday,Evening,Road,'01 - Clear','01 - Daylight','01 - Dry','02 - Stop sign','P.D. only','04 - Sideswipe',mid_town,0,cluster2
4835,Weekday,Night,Road,'01 - Clear','01 - Daylight','01 - Dry','10 - No control',Injury,'03 - Rear end',mid_town,0,cluster1
4836,Weekday,Mid_Night,Road,'01 - Clear','07 - Dark','01 - Dry','01 - Traffic signal','P.D. only','02 - Angle',downtown,0,cluster4
4837,Weekday,Night,Road,'01 - Clear','01 - Daylight','01 - Dry','10 - No control','P.D. only','01 - Approaching',Ottawa_south,0,cluster1
4838,Weekday,Night,Road,'01 - Clear','01 - Daylight','01 - Dry','10 - No control','P.D. only','03 - Rear end',Ottawa_east,0,cluster1
4839,Weekday,Night,Road,'01 - Clear','01 - Daylight','01 - Dry','01 - Traffic signal','P.D. only','03 - Rear end',downtown,0,cluster1
4840,Weekday,Night,Road,'01 - Clear','01 - Daylight','01 - Dry','01 - Traffic signal',Injury,'03 - Rear end',Ottawa_south,0,cluster1
4841,Weekday,Night,Road,'01 - Clear','01 - Daylight','01 - Dry','10 - No control','P.D. only','06 - SMV unattended vehicle',downtown,0,cluster1
4842,Weekday,Night,Road,'01 - Clear','01 - Daylight','01 - Dry','01 - Traffic signal','P.D. only','03 - Rear end',downtown,0,cluster1
4843,Weekday,Night,Road,'01 - Clear','01 - Daylight','01 - Dry','10 - No control','P.D. only','03 - Rear end',mid_town,0,cluster1
4844,Weekday,Night,Road,'01 - Clear','01 - Daylight','01 - Dry','01 - Traffic signal','P.D. only','04 - Sideswipe',downtown,0,cluster1
4845,Weekday,Night,Road,'01 - Clear','01 - Daylight','01 - Dry','10 - No control',Injury,'05 - Turning movement',downtown,0,cluster1
4846,Weekday,Night,Road,'01 - Clear','01 - Daylight','01 - Dry','02 - Stop sign','P.D. only','99 - Other',Ottawa_south,0,cluster1
4847,Weekday,Night,Road,'01 - Clear','01 - Daylight','01 - Dry','10 - No control','P.D. only','04 - Sideswipe',Ottawa_east,0,cluster1
4848,Weekday,Mid_Night,Road,'01 - Clear','07 - Dark','01 - Dry','02 - Stop sign','P.D. only','03 - Rear end',Ottawa_west,0,cluster4
4849,Weekday,Night,Road,'01 - Clear','01 - Daylight','01 - Dry','10 - No control','P.D. only','05 - Turning movement',Ottawa_south,0,cluster1
4850,Weekday,Night,Road,'01 - Clear','01 - Daylight','01 - Dry','10 - No control','P.D. only','03 - Rear end',Ottawa_east,0,cluster1
4851,Weekday,Night,Road,'01 - Clear','01 - Daylight','01 - Dry','10 - No control',Injury,'02 - Angle',Ottawa_east,0,cluster1
4852,Weekday,Night,Road,'01 - Clear','01 - Daylight','01 - Dry','01 - Traffic signal','P.D. only','05 - Turning movement',downtown,0,cluster1
4853,Weekday,Noon,Road,'01 - Clear','01 - Daylight','01 - Dry','10 - No control','P.D. only','06 - SMV unattended vehicle',Ottawa_west,0,cluster1
4854,Weekday,Night,Road,'01 - Clear','01 - Daylight','01 - Dry','01 - Traffic signal','P.D. only','05 - Turning movement',downtown,0,cluster1
4855,Weekday,Night,Road,'01 - Clear','01 - Daylight','01 - Dry','02 - Stop sign','P.D. only','05 - Turning movement',Ottawa_south,0,cluster1
4856,Weekends,Night,Road,'01 - Clear','01 - Daylight','01 - Dry','01 - Traffic signal','P.D. only','05 - Turning movement',downtown,0,cluster1
4857,Weekends,Night,Road,'01 - Clear','01 - Daylight','01 - Dry','01 - Traffic signal','P.D. only','05 - Turning movement',Ottawa_south,0,cluster1
4858,Weekends,Night,Road,'01 - Clear','01 - Daylight','01 - Dry','10 - No control','P.D. only','06 - SMV unattended vehicle',downtown,0,cluster1
4859,Weekday,Mid_Night,Road,'01 - Clear','07 - Dark','01 - Dry','01 - Traffic signal','P.D. only','03 - Rear end',mid_town,0,cluster4
4860,Weekends,Evening,Road,'01 - Clear','01 - Daylight','01 - Dry','10 - No control','P.D. only','06 - SMV unattended vehicle',mid_town,0,cluster2