Instance_number,DATE,TIME,Road_type,ENVIRONMENT,LIGHT,SURFACE_CONDITION,TRAFFIC_CONTROL,COLLISION_CLASSIFICATION,IMPACT_TYPE,Location,NO_OF_PEDESTRIANS,Cluster
6369,Weekends,Night,Road,'02 - Rain','01 - Daylight','02 - Wet','01 - Traffic signal','P.D. only','04 - Sideswipe',downtown,0,cluster5
6370,Weekends,Evening,Road,'01 - Clear','01 - Daylight','01 - Dry','01 - Traffic signal','P.D. only','03 - Rear end',Ottawa_south,0,cluster2
6371,Weekends,Evening,Road,'01 - Clear','01 - Daylight','01 - Dry','01 - Traffic signal','P.D. only','02 - Angle',mid_town,0,cluster2
6372,Weekends,Night,highway,'01 - Clear','01 - Daylight','01 - Dry','01 - Traffic signal','P.D. only','04 - Sideswipe',downtown,0,cluster1
6373,Weekends,Evening,Road,'01 - Clear','01 - Daylight','01 - Dry','02 - Stop sign',Injury,'01 - Approaching',downtown,0,cluster3
6374,Weekends,Evening,Road,'01 - Clear','01 - Daylight','01 - Dry','01 - Traffic signal',Injury,'05 - Turning movement',downtown,0,cluster3
6375,Weekends,Night,Road,'01 - Clear','01 - Daylight','01 - Dry','10 - No control','P.D. only','04 - Sideswipe',downtown,0,cluster1
6376,Weekends,Night,highway,'01 - Clear','01 - Daylight','01 - Dry','01 - Traffic signal','P.D. only','03 - Rear end',mid_town,0,cluster1
6377,Weekends,Night,Road,'01 - Clear','01 - Daylight','01 - Dry','02 - Stop sign',Injury,'07 - SMV other',Ottawa_south,0,cluster1
6378,Weekends,Night,Road,'01 - Clear','01 - Daylight','01 - Dry','10 - No control',Injury,'05 - Turning movement',Ottawa_south,0,cluster1
6379,Weekends,Night,Road,'01 - Clear','01 - Daylight','01 - Dry','10 - No control',Injury,'03 - Rear end',Ottawa_west,0,cluster1
6380,Weekends,Night,Road,'01 - Clear','01 - Daylight','01 - Dry','01 - Traffic signal','P.D. only','04 - Sideswipe',downtown,0,cluster1
6381,Weekends,Night,Road,'01 - Clear','01 - Daylight','01 - Dry','10 - No control','P.D. only','99 - Other',Ottawa_east,0,cluster1
6382,Weekends,Mid_Night,Road,'01 - Clear','01 - Daylight','01 - Dry','01 - Traffic signal',Injury,'03 - Rear end',mid_town,0,cluster2
6383,Weekends,Mid_Night,Road,'02 - Rain','07 - Dark','02 - Wet','10 - No control','P.D. only','07 - SMV other',Ottawa_east,0,cluster3
6384,Weekends,Mid_Night,Road,'02 - Rain','07 - Dark','02 - Wet','01 - Traffic signal','P.D. only','03 - Rear end',downtown,0,cluster3
6385,Weekends,Mid_Night,Road,'02 - Rain','07 - Dark','02 - Wet','01 - Traffic signal','P.D. only','02 - Angle',mid_town,0,cluster4
6386,Weekends,Mid_Night,Road,'01 - Clear','07 - Dark','01 - Dry','10 - No control','P.D. only','07 - SMV other',Ottawa_south,0,cluster4
6387,Weekday,Morning,Road,'07 - Fog/mist/smoke/dust','01 - Daylight','02 - Wet','10 - No control',Injury,'07 - SMV other',Ottawa_south,0,cluster0
6388,Weekday,Noon,Road,'01 - Clear','01 - Daylight','01 - Dry','03 - Yield sign',Injury,'02 - Angle',Ottawa_east,0,cluster1
6389,Weekday,Noon,Road,'01 - Clear','01 - Daylight','01 - Dry','01 - Traffic signal',Injury,'05 - Turning movement',downtown,0,cluster4
6390,Weekday,Noon,Road,'01 - Clear','01 - Daylight','02 - Wet','01 - Traffic signal',Injury,'03 - Rear end',mid_town,0,cluster2
6391,Weekday,Night,Road,'01 - Clear','01 - Daylight','01 - Dry','02 - Stop sign','P.D. only','02 - Angle',downtown,0,cluster1
6392,Weekday,Mid_Night,Road,'01 - Clear','05 - Dusk','01 - Dry','01 - Traffic signal','P.D. only','03 - Rear end',downtown,0,cluster4
6393,Weekday,Evening,Road,'01 - Clear','01 - Daylight','01 - Dry','01 - Traffic signal','P.D. only','02 - Angle',mid_town,0,cluster2
6394,Weekends,Night,Road,'01 - Clear','01 - Daylight','01 - Dry','01 - Traffic signal',Injury,'02 - Angle',mid_town,0,cluster1
6395,Weekday,Evening,Road,'01 - Clear','01 - Daylight','01 - Dry','02 - Stop sign','P.D. only','05 - Turning movement',downtown,0,cluster1
6396,Weekday,Evening,Road,'01 - Clear','01 - Daylight','01 - Dry','10 - No control',Injury,'02 - Angle',downtown,0,cluster1
6397,Weekday,Mid_Night,Road,'01 - Clear','07 - Dark','01 - Dry','10 - No control','P.D. only','02 - Angle',Ottawa_east,0,cluster4
6398,Weekday,Night,Road,'01 - Clear','01 - Daylight','01 - Dry','10 - No control','P.D. only','06 - SMV unattended vehicle',Ottawa_east,0,cluster1
6399,Weekends,Night,Road,'01 - Clear','01 - Daylight','01 - Dry','10 - No control','P.D. only','03 - Rear end',downtown,0,cluster1
6400,Weekends,Night,Road,'01 - Clear','01 - Daylight','01 - Dry','10 - No control',Injury,'05 - Turning movement',mid_town,0,cluster1
6401,Weekday,Evening,Road,'01 - Clear','01 - Daylight','01 - Dry','01 - Traffic signal','P.D. only','03 - Rear end',mid_town,0,cluster2
6402,Weekday,Noon,Road,'01 - Clear','01 - Daylight','01 - Dry','02 - Stop sign',Injury,'05 - Turning movement',mid_town,0,cluster2
6403,Weekends,Mid_Night,Road,'01 - Clear','07 - Dark','01 - Dry','10 - No control','P.D. only','04 - Sideswipe',mid_town,0,cluster2
6404,Weekday,Mid_Night,Road,'01 - Clear','05 - Dusk','01 - Dry','10 - No control','P.D. only','06 - SMV unattended vehicle',Ottawa_east,0,cluster1
6405,Weekday,Night,Road,'01 - Clear','01 - Daylight','01 - Dry','10 - No control','P.D. only','06 - SMV unattended vehicle',Ottawa_west,0,cluster1
6406,Weekends,Night,Road,'01 - Clear','01 - Daylight','01 - Dry','01 - Traffic signal',Injury,'03 - Rear end',mid_town,0,cluster1
6407,Weekday,Evening,highway,'01 - Clear','01 - Daylight','01 - Dry','01 - Traffic signal','P.D. only','02 - Angle',downtown,0,cluster1
6408,Weekday,Noon,Road,'01 - Clear','01 - Daylight','01 - Dry','01 - Traffic signal','P.D. only','05 - Turning movement',mid_town,0,cluster2
6409,Weekends,Night,Road,'01 - Clear','01 - Daylight','01 - Dry','02 - Stop sign','P.D. only','05 - Turning movement',mid_town,0,cluster1
6410,Weekday,Noon,Road,'01 - Clear','01 - Daylight','01 - Dry','01 - Traffic signal',Injury,'03 - Rear end',Ottawa_south,0,cluster1
6411,Weekends,Night,Road,'01 - Clear','01 - Daylight','01 - Dry','02 - Stop sign','P.D. only','02 - Angle',Ottawa_south,0,cluster1
6412,Weekday,Mid_Night,Road,'01 - Clear','07 - Dark','01 - Dry','01 - Traffic signal','P.D. only','03 - Rear end',downtown,0,cluster4
6413,Weekday,Night,Road,'01 - Clear','01 - Daylight','01 - Dry','10 - No control','P.D. only','03 - Rear end',mid_town,0,cluster1
6414,Weekday,Noon,Road,'01 - Clear','01 - Daylight','01 - Dry','10 - No control',Injury,'04 - Sideswipe',downtown,0,cluster1
6415,Weekends,Night,Road,'01 - Clear','01 - Daylight','01 - Dry','10 - No control','P.D. only','06 - SMV unattended vehicle',Ottawa_west,0,cluster1
6416,Weekday,Mid_Night,Road,'01 - Clear','05 - Dusk','01 - Dry','01 - Traffic signal',Injury,'05 - Turning movement',downtown,0,cluster4
6417,Weekday,Evening,Road,'01 - Clear','01 - Daylight','01 - Dry','01 - Traffic signal','P.D. only','04 - Sideswipe',downtown,0,cluster1
6418,Weekday,Morning,Road,'01 - Clear','07 - Dark','01 - Dry','02 - Stop sign','P.D. only','07 - SMV other',mid_town,0,cluster2
6419,Weekends,Mid_Night,Road,'01 - Clear','07 - Dark','01 - Dry','01 - Traffic signal','P.D. only','05 - Turning movement',downtown,0,cluster4
6420,Weekday,Afternoon,Road,'01 - Clear','01 - Daylight','01 - Dry','10 - No control','P.D. only','07 - SMV other',mid_town,0,cluster2
6421,Weekends,Mid_Night,Road,'01 - Clear','01 - Daylight','01 - Dry','02 - Stop sign',Injury,'02 - Angle',downtown,0,cluster1
6422,Weekday,Noon,Road,'01 - Clear','01 - Daylight','01 - Dry','01 - Traffic signal','P.D. only','99 - Other',downtown,0,cluster1
6423,Weekday,Mid_Night,Road,'01 - Clear','05 - Dusk','01 - Dry','01 - Traffic signal','P.D. only','03 - Rear end',mid_town,0,cluster2
6424,Weekends,Night,Road,'01 - Clear','01 - Daylight','01 - Dry','10 - No control','P.D. only','06 - SMV unattended vehicle',downtown,0,cluster1
6425,Weekends,Night,Road,'01 - Clear','01 - Daylight','01 - Dry','10 - No control','P.D. only','05 - Turning movement',Ottawa_east,0,cluster1
6426,Weekday,Afternoon,Road,'01 - Clear','01 - Daylight','01 - Dry','10 - No control','P.D. only','03 - Rear end',Ottawa_west,0,cluster1
6427,Weekends,Mid_Night,Road,'01 - Clear','07 - Dark','01 - Dry','10 - No control','P.D. only','03 - Rear end',Ottawa_east,0,cluster1
6428,Weekday,Mid_Night,Road,'01 - Clear','01 - Daylight','01 - Dry','10 - No control',Injury,'03 - Rear end',downtown,0,cluster1
6429,Weekday,Mid_Night,Road,'01 - Clear','07 - Dark','01 - Dry','01 - Traffic signal','P.D. only','03 - Rear end',downtown,0,cluster4
6430,Weekends,Night,highway,'01 - Clear','01 - Daylight','01 - Dry','01 - Traffic signal','P.D. only','03 - Rear end',mid_town,0,cluster1
6431,Weekday,Evening,Road,'01 - Clear','01 - Daylight','01 - Dry','01 - Traffic signal','P.D. only','05 - Turning movement',downtown,0,cluster4
6432,Weekday,Noon,Road,'01 - Clear','01 - Daylight','01 - Dry','02 - Stop sign','P.D. only','02 - Angle',downtown,0,cluster1
6433,Weekends,Mid_Night,highway,'01 - Clear','07 - Dark','01 - Dry','10 - No control','P.D. only','03 - Rear end',downtown,0,cluster1
6434,Weekday,Mid_Night,Road,'01 - Clear','01 - Daylight','01 - Dry','10 - No control','P.D. only','06 - SMV unattended vehicle',downtown,0,cluster1
6435,Weekends,Early_Morning,Road,'01 - Clear','07 - Dark','01 - Dry','10 - No control','P.D. only','06 - SMV unattended vehicle',downtown,0,cluster1
6436,Weekends,Night,Road,'01 - Clear','01 - Daylight','01 - Dry','01 - Traffic signal','P.D. only','02 - Angle',Ottawa_east,0,cluster1
6437,Weekday,Evening,Road,'01 - Clear','01 - Daylight','02 - Wet','01 - Traffic signal','P.D. only','03 - Rear end',Ottawa_west,0,cluster2
6438,Weekday,Evening,Road,'01 - Clear','01 - Daylight','01 - Dry','01 - Traffic signal',Injury,'05 - Turning movement',mid_town,0,cluster2
6439,Weekday,Evening,Road,'01 - Clear','01 - Daylight','01 - Dry','01 - Traffic signal','P.D. only','05 - Turning movement',downtown,0,cluster4
6440,Weekday,Evening,Road,'01 - Clear','01 - Daylight','01 - Dry','01 - Traffic signal','P.D. only','03 - Rear end',Ottawa_south,0,cluster2
6441,Weekday,Evening,Road,'01 - Clear','01 - Daylight','01 - Dry','10 - No control','P.D. only','02 - Angle',mid_town,0,cluster2
6442,Weekday,Evening,Road,'01 - Clear','01 - Daylight','01 - Dry','01 - Traffic signal','P.D. only','03 - Rear end',mid_town,0,cluster2
6443,Weekday,Evening,Road,'01 - Clear','01 - Daylight','01 - Dry','01 - Traffic signal',Injury,'03 - Rear end',mid_town,0,cluster2
6444,Weekday,Noon,Road,'01 - Clear','01 - Daylight','01 - Dry','01 - Traffic signal',Injury,'05 - Turning movement',downtown,0,cluster4
6445,Weekday,Evening,Road,'01 - Clear','01 - Daylight','01 - Dry','01 - Traffic signal','P.D. only','03 - Rear end',mid_town,0,cluster2
6446,Weekday,Night,Road,'01 - Clear','01 - Daylight','01 - Dry','10 - No control','P.D. only','03 - Rear end',mid_town,0,cluster1
6447,Weekday,Night,Road,'01 - Clear','01 - Daylight','01 - Dry','01 - Traffic signal',Injury,'07 - SMV other',downtown,1,cluster5
6448,Weekday,Night,Road,'01 - Clear','01 - Daylight','01 - Dry','10 - No control','P.D. only','05 - Turning movement',mid_town,0,cluster1
6449,Weekday,Night,Road,'01 - Clear','01 - Daylight','01 - Dry','10 - No control','P.D. only','07 - SMV other',Ottawa_west,0,cluster1
6450,Weekday,Night,Road,'01 - Clear','01 - Daylight','01 - Dry','10 - No control','P.D. only','02 - Angle',mid_town,0,cluster1
6451,Weekday,Night,Road,'01 - Clear','01 - Daylight','01 - Dry','01 - Traffic signal','P.D. only','04 - Sideswipe',mid_town,0,cluster1
6452,Weekday,Night,Road,'01 - Clear','01 - Daylight','02 - Wet','01 - Traffic signal','P.D. only','03 - Rear end',Ottawa_west,0,cluster5
6453,Weekday,Night,Road,'02 - Rain','01 - Daylight','02 - Wet','10 - No control','P.D. only','03 - Rear end',Ottawa_west,0,cluster1
6454,Weekday,Night,Road,'02 - Rain','01 - Daylight','02 - Wet','10 - No control','P.D. only','03 - Rear end',mid_town,0,cluster1
6455,Weekends,Evening,Road,'01 - Clear','01 - Daylight','01 - Dry','10 - No control','P.D. only','03 - Rear end',downtown,0,cluster3
6456,Weekday,Night,Road,'01 - Clear','01 - Daylight','01 - Dry','01 - Traffic signal','P.D. only','03 - Rear end',Ottawa_east,0,cluster1
6457,Weekday,Noon,Road,'01 - Clear','01 - Daylight','01 - Dry','10 - No control','P.D. only','04 - Sideswipe',downtown,0,cluster1
6458,Weekday,Night,Road,'01 - Clear','01 - Daylight','02 - Wet','02 - Stop sign','P.D. only','03 - Rear end',Ottawa_west,0,cluster1
6459,Weekday,Night,Road,'02 - Rain','01 - Daylight','02 - Wet','01 - Traffic signal','P.D. only','02 - Angle',Ottawa_west,0,cluster5
6460,Weekday,Night,Road,'01 - Clear','01 - Daylight','01 - Dry','10 - No control','P.D. only','02 - Angle',mid_town,0,cluster1
6461,Weekday,Night,Road,'01 - Clear','01 - Daylight','01 - Dry','10 - No control','P.D. only','07 - SMV other',downtown,0,cluster1
6462,Weekday,Night,Road,'01 - Clear','01 - Daylight','02 - Wet','10 - No control','P.D. only','05 - Turning movement',mid_town,0,cluster1
6463,Weekday,Mid_Night,Road,'01 - Clear','01 - Daylight','01 - Dry','03 - Yield sign','P.D. only','02 - Angle',downtown,0,cluster1
6464,Weekends,Mid_Night,Road,'01 - Clear','01 - Daylight','01 - Dry','10 - No control','P.D. only','06 - SMV unattended vehicle',Ottawa_south,0,cluster1
6465,Weekday,Mid_Night,Road,'01 - Clear','01 - Daylight','01 - Dry','10 - No control',Injury,'07 - SMV other',Ottawa_south,0,cluster1
6466,Weekday,Mid_Night,Road,'01 - Clear','01 - Daylight','01 - Dry','10 - No control',Injury,'99 - Other',Ottawa_east,0,cluster1
6467,Weekday,Mid_Night,Road,'01 - Clear','07 - Dark','01 - Dry','10 - No control',Injury,'04 - Sideswipe',downtown,0,cluster4
6468,Weekday,Mid_Night,Road,'01 - Clear','07 - Dark','01 - Dry','01 - Traffic signal',Injury,'05 - Turning movement',mid_town,0,cluster4
6469,Weekday,Night,Road,'01 - Clear','01 - Daylight','01 - Dry','10 - No control',Injury,'07 - SMV other',downtown,1,cluster1
6470,Weekday,Mid_Night,Road,'01 - Clear','07 - Dark','01 - Dry','10 - No control',Injury,'07 - SMV other',Ottawa_east,0,cluster4
6471,Weekday,Early_Morning,Road,'01 - Clear','07 - Dark','01 - Dry','10 - No control','P.D. only','07 - SMV other',mid_town,0,cluster2
6472,Weekday,Morning,Road,'01 - Clear','03 - Dawn','01 - Dry','10 - No control','P.D. only','06 - SMV unattended vehicle',Ottawa_west,0,cluster1
6473,Weekday,Morning,Road,'01 - Clear','03 - Dawn','01 - Dry','01 - Traffic signal',Injury,'05 - Turning movement',mid_town,0,cluster4
6474,Weekday,Noon,Road,'01 - Clear','01 - Daylight','01 - Dry','01 - Traffic signal','P.D. only','03 - Rear end',mid_town,0,cluster2
6475,Weekday,Noon,Road,'01 - Clear','01 - Daylight','01 - Dry','01 - Traffic signal','P.D. only','04 - Sideswipe',downtown,0,cluster1
6476,Weekday,Night,Road,'01 - Clear','01 - Daylight','01 - Dry','01 - Traffic signal','P.D. only','05 - Turning movement',Ottawa_south,0,cluster1
6477,Weekday,Afternoon,Road,'01 - Clear','01 - Daylight','01 - Dry','10 - No control','P.D. only','07 - SMV other',downtown,0,cluster1
6478,Weekday,Afternoon,Road,'01 - Clear','01 - Daylight','01 - Dry','10 - No control','P.D. only','04 - Sideswipe',downtown,0,cluster1
6479,Weekday,Evening,Road,'01 - Clear','01 - Daylight','01 - Dry','01 - Traffic signal','P.D. only','99 - Other',Ottawa_west,0,cluster2
6480,Weekday,Mid_Night,Road,'01 - Clear','07 - Dark','99 - Other','10 - No control','P.D. only','07 - SMV other',Ottawa_south,0,cluster4
6481,Weekday,Evening,Road,'01 - Clear','01 - Daylight','01 - Dry','01 - Traffic signal','P.D. only','05 - Turning movement',downtown,0,cluster4
6482,Weekday,Evening,Road,'01 - Clear','01 - Daylight','01 - Dry','01 - Traffic signal','P.D. only','03 - Rear end',downtown,0,cluster1
6483,Weekday,Evening,Road,'02 - Rain','01 - Daylight','02 - Wet','01 - Traffic signal','P.D. only','03 - Rear end',downtown,0,cluster3
6484,Weekday,Evening,Road,'01 - Clear','01 - Daylight','01 - Dry','01 - Traffic signal','P.D. only','99 - Other',mid_town,0,cluster2
6485,Weekday,Night,Road,'01 - Clear','01 - Daylight','01 - Dry','10 - No control','P.D. only','07 - SMV other',Ottawa_west,0,cluster1
6486,Weekday,Evening,Road,'02 - Rain','01 - Daylight','02 - Wet','01 - Traffic signal','P.D. only','03 - Rear end',mid_town,0,cluster2
6487,Weekday,Evening,Road,'02 - Rain','01 - Daylight','02 - Wet','01 - Traffic signal','P.D. only','03 - Rear end',mid_town,0,cluster2
6488,Weekday,Noon,Road,'01 - Clear','01 - Daylight','01 - Dry','02 - Stop sign','P.D. only','03 - Rear end',downtown,0,cluster1
6489,Weekday,Evening,Road,'02 - Rain','01 - Daylight','02 - Wet','02 - Stop sign',Injury,'02 - Angle',mid_town,0,cluster0
6490,Weekday,Night,Road,'02 - Rain','01 - Daylight','02 - Wet','01 - Traffic signal','P.D. only','03 - Rear end',mid_town,0,cluster5
6491,Weekday,Night,Road,'02 - Rain','01 - Daylight','02 - Wet','10 - No control','P.D. only','07 - SMV other',Ottawa_east,0,cluster5
6492,Weekday,Evening,Road,'01 - Clear','01 - Daylight','01 - Dry','01 - Traffic signal','P.D. only','03 - Rear end',downtown,0,cluster1
6493,Weekday,Night,Road,'02 - Rain','01 - Daylight','02 - Wet','10 - No control','P.D. only','07 - SMV other',Ottawa_east,0,cluster5
6494,Weekday,Night,Road,'01 - Clear','01 - Daylight','01 - Dry','01 - Traffic signal',Injury,'04 - Sideswipe',downtown,0,cluster1
6495,Weekday,Night,Road,'02 - Rain','01 - Daylight','02 - Wet','10 - No control',Injury,'02 - Angle',mid_town,0,cluster0
6496,Weekday,Night,Road,'02 - Rain','01 - Daylight','02 - Wet','01 - Traffic signal','P.D. only','05 - Turning movement',Ottawa_west,0,cluster5
6497,Weekday,Night,Road,'01 - Clear','01 - Daylight','02 - Wet','01 - Traffic signal','P.D. only','03 - Rear end',mid_town,0,cluster5
6498,Weekday,Night,Road,'02 - Rain','01 - Daylight','02 - Wet','01 - Traffic signal',Injury,'05 - Turning movement',Ottawa_west,0,cluster5
6499,Weekday,Night,Road,'01 - Clear','01 - Daylight','01 - Dry','10 - No control','P.D. only','04 - Sideswipe',downtown,0,cluster1
6500,Weekday,Night,Road,'01 - Clear','01 - Daylight','01 - Dry','01 - Traffic signal','P.D. only','03 - Rear end',Ottawa_east,0,cluster1
6501,Weekday,Mid_Night,Road,'01 - Clear','05 - Dusk','01 - Dry','01 - Traffic signal',Injury,'03 - Rear end',Ottawa_west,0,cluster4
6502,Weekday,Mid_Night,Road,'01 - Clear','07 - Dark','01 - Dry','10 - No control','P.D. only','02 - Angle',Ottawa_south,0,cluster4
6503,Weekday,Mid_Night,Road,'01 - Clear','07 - Dark','01 - Dry','10 - No control','P.D. only','07 - SMV other',downtown,0,cluster4
6504,Weekday,Early_Morning,Road,'01 - Clear','07 - Dark','01 - Dry','01 - Traffic signal','P.D. only','07 - SMV other',downtown,0,cluster4
6505,Weekday,Noon,highway,'01 - Clear','01 - Daylight','01 - Dry','10 - No control','P.D. only','04 - Sideswipe',Ottawa_south,0,cluster1
6506,Weekday,Noon,Road,'01 - Clear','01 - Daylight','01 - Dry','01 - Traffic signal',Injury,'07 - SMV other',downtown,1,cluster5
6507,Weekday,Noon,Road,'01 - Clear','01 - Daylight','01 - Dry','02 - Stop sign','P.D. only','02 - Angle',downtown,0,cluster1
6508,Weekday,Noon,Road,'01 - Clear','01 - Daylight','01 - Dry','02 - Stop sign','P.D. only','07 - SMV other',Ottawa_west,0,cluster1
6509,Weekday,Afternoon,Road,'01 - Clear','01 - Daylight','01 - Dry','01 - Traffic signal','P.D. only','04 - Sideswipe',downtown,0,cluster1
6510,Weekday,Afternoon,Road,'01 - Clear','01 - Daylight','01 - Dry','01 - Traffic signal','P.D. only','05 - Turning movement',Ottawa_east,0,cluster4
6511,Weekday,Noon,Road,'01 - Clear','01 - Daylight','01 - Dry','10 - No control','P.D. only','06 - SMV unattended vehicle',downtown,0,cluster1
6512,Weekday,Evening,Road,'01 - Clear','01 - Daylight','01 - Dry','10 - No control','P.D. only','07 - SMV other',Ottawa_south,0,cluster2
6513,Weekday,Evening,Road,'01 - Clear','01 - Daylight','01 - Dry','01 - Traffic signal','P.D. only','05 - Turning movement',downtown,0,cluster4
6514,Weekday,Night,Road,'01 - Clear','01 - Daylight','01 - Dry','01 - Traffic signal',Injury,'03 - Rear end',downtown,0,cluster1
6515,Weekday,Evening,Road,'01 - Clear','01 - Daylight','01 - Dry','01 - Traffic signal','P.D. only','03 - Rear end',mid_town,0,cluster2
6516,Weekday,Evening,Road,'01 - Clear','01 - Daylight','01 - Dry','01 - Traffic signal','P.D. only','03 - Rear end',mid_town,0,cluster2
6517,Weekday,Evening,Road,'01 - Clear','01 - Daylight','01 - Dry','10 - No control',Injury,'99 - Other',downtown,0,cluster1
6518,Weekday,Evening,Road,'01 - Clear','01 - Daylight','01 - Dry','10 - No control','P.D. only','03 - Rear end',Ottawa_east,0,cluster2
6519,Weekday,Mid_Night,Road,'01 - Clear','07 - Dark','01 - Dry','10 - No control','P.D. only','07 - SMV other',mid_town,0,cluster2
6520,Weekday,Noon,Road,'01 - Clear','01 - Daylight','01 - Dry','01 - Traffic signal','P.D. only','03 - Rear end',downtown,0,cluster1
6521,Weekends,Early_Morning,Road,'01 - Clear','07 - Dark','01 - Dry','01 - Traffic signal',Injury,'05 - Turning movement',downtown,0,cluster4
6522,Weekends,Early_Morning,Road,'01 - Clear','07 - Dark','01 - Dry','10 - No control','P.D. only','07 - SMV other',Ottawa_east,0,cluster1
6523,Weekends,Early_Morning,Road,'01 - Clear','07 - Dark','01 - Dry','01 - Traffic signal','P.D. only','05 - Turning movement',downtown,0,cluster4
6524,Weekday,Evening,Road,'01 - Clear','01 - Daylight','01 - Dry','01 - Traffic signal',Injury,'02 - Angle',Ottawa_west,0,cluster2
6525,Weekday,Morning,Road,'01 - Clear','01 - Daylight','01 - Dry','02 - Stop sign',Injury,'02 - Angle',downtown,0,cluster1
6526,Weekends,Mid_Night,Road,'01 - Clear','05 - Dusk','01 - Dry','02 - Stop sign','P.D. only','02 - Angle',mid_town,0,cluster2
6527,Weekends,Evening,Road,'01 - Clear','01 - Daylight','01 - Dry','01 - Traffic signal','P.D. only','03 - Rear end',mid_town,0,cluster2
6528,Weekday,Noon,Road,'01 - Clear','01 - Daylight','01 - Dry','10 - No control','P.D. only','07 - SMV other',Ottawa_west,0,cluster1
6529,Weekday,Afternoon,Road,'01 - Clear','01 - Daylight','01 - Dry','10 - No control','P.D. only','02 - Angle',downtown,0,cluster1
6530,Weekends,Noon,Road,'01 - Clear','01 - Daylight','01 - Dry','02 - Stop sign',Injury,'07 - SMV other',downtown,0,cluster1
6531,Weekends,Mid_Night,Road,'01 - Clear','07 - Dark','01 - Dry','01 - Traffic signal','P.D. only','03 - Rear end',mid_town,0,cluster4
6532,Weekends,Evening,Road,'01 - Clear','01 - Daylight','01 - Dry','02 - Stop sign',Injury,'03 - Rear end',Ottawa_west,0,cluster2
6533,Weekday,Afternoon,Road,'01 - Clear','01 - Daylight','01 - Dry','03 - Yield sign','P.D. only','05 - Turning movement',downtown,0,cluster1
6534,Weekday,Noon,Road,'07 - Fog/mist/smoke/dust','01 - Daylight','01 - Dry','10 - No control','P.D. only','03 - Rear end',Ottawa_west,0,cluster1
6535,Weekday,Afternoon,Road,'01 - Clear','01 - Daylight','01 - Dry','01 - Traffic signal','P.D. only','03 - Rear end',downtown,0,cluster1
6536,Weekday,Afternoon,Road,'01 - Clear','01 - Daylight','01 - Dry','10 - No control',Injury,'04 - Sideswipe',downtown,0,cluster1
6537,Weekends,Morning,Road,'01 - Clear','03 - Dawn','01 - Dry','02 - Stop sign','P.D. only','07 - SMV other',mid_town,0,cluster2
6538,Weekends,Early_Morning,Road,'01 - Clear','07 - Dark','01 - Dry','10 - No control','P.D. only','07 - SMV other',Ottawa_west,0,cluster1
6539,Weekends,Evening,Road,'01 - Clear','01 - Daylight','01 - Dry','10 - No control',Injury,'05 - Turning movement',downtown,0,cluster3
6540,Weekday,Evening,Road,'01 - Clear','01 - Daylight','01 - Dry','01 - Traffic signal','P.D. only','03 - Rear end',mid_town,0,cluster2
6541,Weekday,Night,Road,'01 - Clear','01 - Daylight','01 - Dry','10 - No control','P.D. only','06 - SMV unattended vehicle',mid_town,0,cluster1
6542,Weekday,Night,Road,'01 - Clear','01 - Daylight','01 - Dry','01 - Traffic signal','P.D. only','05 - Turning movement',Ottawa_south,0,cluster1
6543,Weekends,Evening,Road,'01 - Clear','01 - Daylight','01 - Dry','10 - No control','P.D. only','04 - Sideswipe',mid_town,0,cluster2
6544,Weekends,Early_Morning,Road,'01 - Clear','07 - Dark','01 - Dry','10 - No control','P.D. only','07 - SMV other',Ottawa_south,0,cluster1
6545,Weekday,Early_Morning,Road,'01 - Clear','07 - Dark','01 - Dry','10 - No control','P.D. only','06 - SMV unattended vehicle',Ottawa_east,0,cluster1
6546,Weekday,Evening,Road,'01 - Clear','01 - Daylight','01 - Dry','10 - No control','P.D. only','02 - Angle',Ottawa_west,0,cluster2
6547,Weekends,Evening,Road,'01 - Clear','01 - Daylight','01 - Dry','10 - No control',Injury,'05 - Turning movement',mid_town,0,cluster2
6548,Weekends,Evening,Road,'01 - Clear','01 - Daylight','01 - Dry','10 - No control',Injury,'03 - Rear end',mid_town,0,cluster2
6549,Weekends,Evening,Road,'01 - Clear','01 - Daylight','01 - Dry','01 - Traffic signal','P.D. only','05 - Turning movement',mid_town,0,cluster2
6550,Weekends,Evening,Road,'01 - Clear','01 - Daylight','01 - Dry','01 - Traffic signal','P.D. only','04 - Sideswipe',mid_town,0,cluster2
6551,Weekends,Early_Morning,Road,'01 - Clear','07 - Dark','01 - Dry','10 - No control','P.D. only','07 - SMV other',Ottawa_south,0,cluster1
6552,Weekends,Evening,Road,'01 - Clear','01 - Daylight','01 - Dry','01 - Traffic signal','P.D. only','03 - Rear end',Ottawa_east,0,cluster2
6553,Weekends,Night,Road,'01 - Clear','01 - Daylight','01 - Dry','10 - No control','P.D. only','06 - SMV unattended vehicle',downtown,0,cluster1
6554,Weekends,Night,Road,'01 - Clear','01 - Daylight','01 - Dry','01 - Traffic signal',Injury,'02 - Angle',downtown,0,cluster1
6555,Weekends,Night,Road,'01 - Clear','01 - Daylight','01 - Dry','01 - Traffic signal','P.D. only','03 - Rear end',mid_town,0,cluster1