Instance_number,DATE,TIME,Road_type,ENVIRONMENT,LIGHT,SURFACE_CONDITION,TRAFFIC_CONTROL,COLLISION_CLASSIFICATION,IMPACT_TYPE,Location,NO_OF_PEDESTRIANS,Cluster
8059,Weekday,Night,Road,'01 - Clear','01 - Daylight','01 - Dry','10 - No control','P.D. only','03 - Rear end',mid_town,0,cluster1
8060,Weekday,Night,Road,'01 - Clear','01 - Daylight','01 - Dry','01 - Traffic signal',Injury,'02 - Angle',downtown,0,cluster1
8061,Weekday,Evening,Road,'01 - Clear','01 - Daylight','01 - Dry','01 - Traffic signal','P.D. only','05 - Turning movement',downtown,0,cluster4
8062,Weekday,Night,Road,'01 - Clear','01 - Daylight','01 - Dry','01 - Traffic signal','P.D. only','05 - Turning movement',downtown,0,cluster1
8063,Weekday,Night,Road,'01 - Clear','01 - Daylight','01 - Dry','01 - Traffic signal',Injury,'03 - Rear end',mid_town,0,cluster1
8064,Weekday,Night,Road,'01 - Clear','01 - Daylight','01 - Dry','02 - Stop sign','P.D. only','05 - Turning movement',Ottawa_west,0,cluster1
8065,Weekday,Night,Road,'01 - Clear','01 - Daylight','01 - Dry','02 - Stop sign','P.D. only','04 - Sideswipe',downtown,0,cluster1
8066,Weekday,Night,Road,'01 - Clear','01 - Daylight','01 - Dry','10 - No control',Injury,'03 - Rear end',downtown,0,cluster1
8067,Weekday,Night,Road,'01 - Clear','01 - Daylight','01 - Dry','01 - Traffic signal','P.D. only','05 - Turning movement',mid_town,0,cluster1
8068,Weekday,Night,Road,'01 - Clear','01 - Daylight','01 - Dry','10 - No control','P.D. only','03 - Rear end',Ottawa_west,0,cluster1
8069,Weekday,Night,Road,'01 - Clear','01 - Daylight','01 - Dry','01 - Traffic signal','P.D. only','02 - Angle',downtown,0,cluster1
8070,Weekday,Night,Road,'01 - Clear','01 - Daylight','01 - Dry','01 - Traffic signal','P.D. only','04 - Sideswipe',mid_town,0,cluster1
8071,Weekday,Night,Road,'01 - Clear','01 - Daylight','01 - Dry','01 - Traffic signal',Injury,'04 - Sideswipe',downtown,0,cluster1
8072,Weekday,Night,Road,'01 - Clear','01 - Daylight','01 - Dry','10 - No control','P.D. only','03 - Rear end',mid_town,0,cluster1
8073,Weekday,Evening,Road,'01 - Clear','01 - Daylight','01 - Dry','10 - No control',Injury,'05 - Turning movement',mid_town,0,cluster2
8074,Weekday,Mid_Night,Road,'01 - Clear','01 - Daylight','01 - Dry','02 - Stop sign','P.D. only','07 - SMV other',Ottawa_west,0,cluster1
8075,Weekday,Mid_Night,Road,'01 - Clear','05 - Dusk','01 - Dry','02 - Stop sign','P.D. only','02 - Angle',downtown,0,cluster4
8076,Weekday,Night,Road,'01 - Clear','01 - Daylight','01 - Dry','01 - Traffic signal','P.D. only','03 - Rear end',downtown,0,cluster1
8077,Weekday,Mid_Night,Road,'01 - Clear','05 - Dusk','01 - Dry','10 - No control','P.D. only','02 - Angle',downtown,0,cluster1
8078,Weekday,Mid_Night,Road,'01 - Clear','07 - Dark','01 - Dry','10 - No control','P.D. only','03 - Rear end',downtown,0,cluster1
8079,Weekday,Mid_Night,Road,'01 - Clear','07 - Dark','01 - Dry','10 - No control',Injury,'04 - Sideswipe',downtown,0,cluster4
8080,Weekday,Mid_Night,Road,'01 - Clear','07 - Dark','01 - Dry','10 - No control','P.D. only','07 - SMV other',Ottawa_west,0,cluster4
8081,Weekday,Noon,Road,'01 - Clear','01 - Daylight','01 - Dry','01 - Traffic signal',Injury,'05 - Turning movement',Ottawa_east,0,cluster4
8082,Weekday,Noon,Road,'02 - Rain','01 - Daylight','02 - Wet','10 - No control','P.D. only','07 - SMV other',Ottawa_west,0,cluster0
8083,Weekday,Mid_Night,Road,'01 - Clear','00 - Unknown','01 - Dry','10 - No control','P.D. only','06 - SMV unattended vehicle',downtown,0,cluster1
8084,Weekday,Noon,Road,'02 - Rain','01 - Daylight','02 - Wet','10 - No control',Injury,'03 - Rear end',downtown,0,cluster1
8085,Weekday,Evening,Road,'02 - Rain','01 - Daylight','02 - Wet','01 - Traffic signal','P.D. only','03 - Rear end',mid_town,0,cluster2
8086,Weekday,Evening,Road,'02 - Rain','01 - Daylight','02 - Wet','01 - Traffic signal','P.D. only','04 - Sideswipe',downtown,0,cluster5
8087,Weekday,Noon,Road,'02 - Rain','01 - Daylight','02 - Wet','10 - No control',Injury,'07 - SMV other',mid_town,0,cluster0
8088,Weekday,Noon,Road,'02 - Rain','01 - Daylight','02 - Wet','10 - No control','P.D. only','02 - Angle',downtown,0,cluster1
8089,Weekday,Noon,Road,'02 - Rain','01 - Daylight','02 - Wet','01 - Traffic signal','P.D. only','03 - Rear end',mid_town,0,cluster2
8090,Weekday,Noon,Road,'01 - Clear','01 - Daylight','01 - Dry','01 - Traffic signal','P.D. only','03 - Rear end',downtown,0,cluster1
8091,Weekday,Afternoon,Road,'02 - Rain','01 - Daylight','02 - Wet','10 - No control','P.D. only','03 - Rear end',downtown,0,cluster1
8092,Weekday,Afternoon,Road,'02 - Rain','01 - Daylight','02 - Wet','01 - Traffic signal','P.D. only','03 - Rear end',downtown,0,cluster5
8093,Weekday,Afternoon,Road,'02 - Rain','01 - Daylight','02 - Wet','01 - Traffic signal','P.D. only','03 - Rear end',downtown,0,cluster5
8094,Weekday,Afternoon,Road,'02 - Rain','01 - Daylight','02 - Wet','10 - No control','P.D. only','03 - Rear end',downtown,0,cluster1
8095,Weekday,Afternoon,Road,'01 - Clear','01 - Daylight','01 - Dry','01 - Traffic signal','P.D. only','02 - Angle',downtown,0,cluster1
8096,Weekday,Afternoon,Road,'02 - Rain','01 - Daylight','02 - Wet','10 - No control','P.D. only','01 - Approaching',mid_town,0,cluster0
8097,Weekday,Afternoon,highway,'02 - Rain','01 - Daylight','02 - Wet','10 - No control','P.D. only','07 - SMV other',mid_town,0,cluster0
8098,Weekday,Evening,Road,'02 - Rain','01 - Daylight','02 - Wet','02 - Stop sign',Injury,'99 - Other',downtown,0,cluster3
8099,Weekday,Evening,Road,'01 - Clear','01 - Daylight','01 - Dry','10 - No control','P.D. only','04 - Sideswipe',downtown,0,cluster1
8100,Weekday,Evening,highway,'02 - Rain','01 - Daylight','02 - Wet','10 - No control','P.D. only','03 - Rear end',downtown,0,cluster3
8101,Weekday,Evening,Road,'02 - Rain','01 - Daylight','02 - Wet','01 - Traffic signal',Injury,'03 - Rear end',Ottawa_west,0,cluster2
8102,Weekday,Evening,Road,'02 - Rain','01 - Daylight','02 - Wet','01 - Traffic signal','P.D. only','07 - SMV other',downtown,0,cluster5
8103,Weekday,Evening,Road,'01 - Clear','01 - Daylight','02 - Wet','02 - Stop sign','P.D. only','02 - Angle',mid_town,0,cluster2
8104,Weekday,Night,Road,'01 - Clear','01 - Daylight','01 - Dry','01 - Traffic signal',Injury,'03 - Rear end',downtown,0,cluster1
8105,Weekends,Evening,Road,'01 - Clear','01 - Daylight','01 - Dry','01 - Traffic signal',Injury,'07 - SMV other',downtown,0,cluster3
8106,Weekday,Mid_Night,Road,'01 - Clear','05 - Dusk','01 - Dry','10 - No control','P.D. only','06 - SMV unattended vehicle',downtown,0,cluster1
8107,Weekday,Night,Road,'01 - Clear','01 - Daylight','01 - Dry','03 - Yield sign','P.D. only','01 - Approaching',mid_town,0,cluster1
8108,Weekends,Evening,Road,'01 - Clear','01 - Daylight','01 - Dry','10 - No control','P.D. only','02 - Angle',downtown,0,cluster3
8109,Weekday,Night,Road,'01 - Clear','01 - Daylight','01 - Dry','10 - No control',Injury,'07 - SMV other',Ottawa_south,0,cluster1
8110,Weekday,Night,Road,'01 - Clear','01 - Daylight','01 - Dry','10 - No control','P.D. only','99 - Other',downtown,0,cluster1
8111,Weekends,Mid_Night,highway,'01 - Clear','07 - Dark','01 - Dry','10 - No control',Injury,'04 - Sideswipe',mid_town,0,cluster2
8112,Weekday,Evening,highway,'01 - Clear','01 - Daylight','01 - Dry','01 - Traffic signal',Injury,'03 - Rear end',mid_town,0,cluster2
8113,Weekday,Evening,Road,'01 - Clear','01 - Daylight','01 - Dry','01 - Traffic signal',Injury,'05 - Turning movement',Ottawa_west,0,cluster2
8114,Weekends,Evening,Road,'01 - Clear','01 - Daylight','01 - Dry','01 - Traffic signal','P.D. only','02 - Angle',mid_town,0,cluster2
8115,Weekday,Night,Road,'01 - Clear','01 - Daylight','01 - Dry','02 - Stop sign','P.D. only','05 - Turning movement',Ottawa_south,0,cluster1
8116,Weekday,Evening,Road,'01 - Clear','01 - Daylight','01 - Dry','02 - Stop sign',Injury,'07 - SMV other',downtown,1,cluster1
8117,Weekends,Evening,Road,'01 - Clear','01 - Daylight','01 - Dry','01 - Traffic signal',Injury,'05 - Turning movement',downtown,0,cluster3
8118,Weekday,Mid_Night,highway,'01 - Clear','07 - Dark','01 - Dry','01 - Traffic signal',Injury,'03 - Rear end',mid_town,0,cluster4
8119,Weekday,Night,Road,'02 - Rain','01 - Daylight','02 - Wet','10 - No control','P.D. only','03 - Rear end',Ottawa_south,0,cluster1
8120,Weekends,Evening,Road,'01 - Clear','01 - Daylight','01 - Dry','01 - Traffic signal','P.D. only','03 - Rear end',mid_town,0,cluster2
8121,Weekday,Evening,Road,'02 - Rain','01 - Daylight','02 - Wet','10 - No control','P.D. only','06 - SMV unattended vehicle',mid_town,0,cluster0
8122,Weekday,Afternoon,Road,'01 - Clear','01 - Daylight','02 - Wet','01 - Traffic signal','P.D. only','03 - Rear end',downtown,0,cluster5
8123,Weekday,Night,Road,'01 - Clear','01 - Daylight','01 - Dry','02 - Stop sign','P.D. only','02 - Angle',mid_town,0,cluster1
8124,Weekday,Mid_Night,Road,'01 - Clear','05 - Dusk','01 - Dry','01 - Traffic signal','P.D. only','05 - Turning movement',Ottawa_east,0,cluster4
8125,Weekday,Evening,Road,'01 - Clear','01 - Daylight','01 - Dry','01 - Traffic signal','P.D. only','03 - Rear end',downtown,0,cluster1
8126,Weekends,Mid_Night,Road,'01 - Clear','07 - Dark','01 - Dry','10 - No control','P.D. only','02 - Angle',Ottawa_east,0,cluster4
8127,Weekday,Night,Road,'01 - Clear','01 - Daylight','01 - Dry','03 - Yield sign','P.D. only','04 - Sideswipe',Ottawa_east,0,cluster1
8128,Weekday,Evening,Road,'01 - Clear','01 - Daylight','01 - Dry','10 - No control','P.D. only','03 - Rear end',mid_town,0,cluster2
8129,Weekday,Evening,highway,'00 - Unknown','01 - Daylight','00 - Unknown','10 - No control','P.D. only','03 - Rear end',downtown,0,cluster1
8130,Weekday,Mid_Night,Road,'01 - Clear','07 - Dark','01 - Dry','02 - Stop sign','P.D. only','07 - SMV other',Ottawa_west,0,cluster4
8131,Weekends,Evening,Road,'01 - Clear','01 - Daylight','01 - Dry','02 - Stop sign','P.D. only','03 - Rear end',Ottawa_east,0,cluster2
8132,Weekday,Mid_Night,Road,'02 - Rain','05 - Dusk','02 - Wet','10 - No control','P.D. only','06 - SMV unattended vehicle',downtown,0,cluster1
8133,Weekends,Early_Morning,Road,'01 - Clear','07 - Dark','01 - Dry','02 - Stop sign','P.D. only','07 - SMV other',Ottawa_south,0,cluster4
8134,Weekday,Night,Road,'01 - Clear','01 - Daylight','01 - Dry','01 - Traffic signal',Injury,'05 - Turning movement',Ottawa_west,0,cluster1
8135,Weekday,Night,Road,'01 - Clear','01 - Daylight','01 - Dry','10 - No control',Injury,'03 - Rear end',downtown,0,cluster1
8136,Weekday,Night,Road,'01 - Clear','01 - Daylight','01 - Dry','10 - No control','P.D. only','06 - SMV unattended vehicle',downtown,0,cluster1
8137,Weekday,Night,Road,'01 - Clear','01 - Daylight','01 - Dry','10 - No control',Injury,'03 - Rear end',downtown,0,cluster1
8138,Weekday,Night,Road,'01 - Clear','01 - Daylight','01 - Dry','01 - Traffic signal','P.D. only','04 - Sideswipe',downtown,0,cluster1
8139,Weekday,Mid_Night,Road,'01 - Clear','07 - Dark','01 - Dry','10 - No control','P.D. only','06 - SMV unattended vehicle',downtown,0,cluster4
8140,Weekday,Night,Road,'01 - Clear','01 - Daylight','01 - Dry','10 - No control','P.D. only','03 - Rear end',mid_town,0,cluster1
8141,Weekday,Night,Road,'01 - Clear','01 - Daylight','01 - Dry','01 - Traffic signal','P.D. only','03 - Rear end',mid_town,0,cluster1
8142,Weekday,Mid_Night,Road,'01 - Clear','05 - Dusk','01 - Dry','10 - No control','P.D. only','03 - Rear end',Ottawa_east,0,cluster1
8143,Weekday,Night,highway,'01 - Clear','01 - Daylight','01 - Dry','01 - Traffic signal','P.D. only','04 - Sideswipe',downtown,0,cluster1
8144,Weekday,Mid_Night,Road,'01 - Clear','07 - Dark','01 - Dry','10 - No control','P.D. only','03 - Rear end',downtown,0,cluster1
8145,Weekday,Noon,Road,'01 - Clear','01 - Daylight','01 - Dry','02 - Stop sign','P.D. only','05 - Turning movement',mid_town,0,cluster2
8146,Weekday,Noon,Road,'01 - Clear','01 - Daylight','01 - Dry','10 - No control','P.D. only','02 - Angle',downtown,0,cluster1
8147,Weekday,Noon,Road,'01 - Clear','01 - Daylight','01 - Dry','10 - No control','P.D. only','07 - SMV other',Ottawa_west,0,cluster1
8148,Weekday,Noon,Road,'01 - Clear','01 - Daylight','01 - Dry','01 - Traffic signal','P.D. only','03 - Rear end',downtown,0,cluster1
8149,Weekday,Noon,Road,'01 - Clear','01 - Daylight','01 - Dry','02 - Stop sign','P.D. only','02 - Angle',downtown,0,cluster1
8150,Weekday,Noon,Road,'01 - Clear','01 - Daylight','01 - Dry','10 - No control','P.D. only','03 - Rear end',Ottawa_west,0,cluster1
8151,Weekday,Noon,Road,'01 - Clear','01 - Daylight','01 - Dry','10 - No control','P.D. only','03 - Rear end',downtown,0,cluster1
8152,Weekday,Noon,Road,'01 - Clear','01 - Daylight','01 - Dry','01 - Traffic signal','P.D. only','03 - Rear end',downtown,0,cluster1
8153,Weekday,Noon,Road,'01 - Clear','01 - Daylight','01 - Dry','10 - No control','P.D. only','03 - Rear end',mid_town,0,cluster2
8154,Weekday,Afternoon,Road,'01 - Clear','01 - Daylight','01 - Dry','01 - Traffic signal','P.D. only','05 - Turning movement',downtown,0,cluster4
8155,Weekday,Afternoon,Road,'01 - Clear','01 - Daylight','01 - Dry','01 - Traffic signal','P.D. only','02 - Angle',Ottawa_west,0,cluster1
8156,Weekday,Noon,Road,'01 - Clear','01 - Daylight','01 - Dry','10 - No control','P.D. only','07 - SMV other',mid_town,0,cluster2
8157,Weekday,Night,Road,'02 - Rain','01 - Daylight','02 - Wet','02 - Stop sign','P.D. only','03 - Rear end',mid_town,0,cluster1
8158,Weekday,Evening,Road,'01 - Clear','01 - Daylight','01 - Dry','10 - No control','P.D. only','03 - Rear end',Ottawa_east,0,cluster2
8159,Weekday,Evening,Road,'01 - Clear','01 - Daylight','01 - Dry','10 - No control','P.D. only','02 - Angle',downtown,0,cluster1
8160,Weekday,Evening,Road,'01 - Clear','01 - Daylight','01 - Dry','01 - Traffic signal',Injury,'03 - Rear end',mid_town,0,cluster2
8161,Weekday,Evening,Road,'01 - Clear','01 - Daylight','01 - Dry','02 - Stop sign','P.D. only','02 - Angle',downtown,0,cluster1
8162,Weekday,Evening,Road,'01 - Clear','01 - Daylight','01 - Dry','10 - No control','P.D. only','06 - SMV unattended vehicle',Ottawa_south,0,cluster2
8163,Weekday,Evening,Road,'01 - Clear','01 - Daylight','01 - Dry','01 - Traffic signal','P.D. only','03 - Rear end',downtown,0,cluster1
8164,Weekday,Evening,Road,'01 - Clear','01 - Daylight','01 - Dry','01 - Traffic signal',Injury,'05 - Turning movement',mid_town,0,cluster2
8165,Weekday,Evening,Road,'01 - Clear','01 - Daylight','01 - Dry','01 - Traffic signal','P.D. only','04 - Sideswipe',downtown,0,cluster1
8166,Weekday,Evening,Road,'01 - Clear','01 - Daylight','01 - Dry','01 - Traffic signal','P.D. only','05 - Turning movement',downtown,0,cluster4
8167,Weekday,Evening,Road,'01 - Clear','01 - Daylight','01 - Dry','10 - No control','P.D. only','03 - Rear end',Ottawa_east,0,cluster2
8168,Weekday,Night,Road,'01 - Clear','01 - Daylight','01 - Dry','10 - No control','P.D. only','02 - Angle',mid_town,0,cluster1
8169,Weekday,Night,Road,'01 - Clear','01 - Daylight','01 - Dry','10 - No control',Injury,'07 - SMV other',Ottawa_south,0,cluster1
8170,Weekday,Night,Road,'01 - Clear','01 - Daylight','01 - Dry','03 - Yield sign','P.D. only','02 - Angle',Ottawa_east,0,cluster1
8171,Weekday,Night,Road,'01 - Clear','01 - Daylight','01 - Dry','01 - Traffic signal','P.D. only','02 - Angle',Ottawa_south,0,cluster1
8172,Weekday,Night,Road,'01 - Clear','01 - Daylight','01 - Dry','10 - No control','P.D. only','04 - Sideswipe',downtown,0,cluster1
8173,Weekday,Night,Road,'01 - Clear','01 - Daylight','01 - Dry','10 - No control','P.D. only','07 - SMV other',Ottawa_west,0,cluster1
8174,Weekday,Night,Road,'01 - Clear','01 - Daylight','01 - Dry','01 - Traffic signal','P.D. only','02 - Angle',downtown,0,cluster1
8175,Weekday,Night,Road,'01 - Clear','01 - Daylight','01 - Dry','10 - No control','P.D. only','02 - Angle',downtown,0,cluster1
8176,Weekday,Night,Road,'01 - Clear','01 - Daylight','01 - Dry','10 - No control',Injury,'03 - Rear end',Ottawa_west,0,cluster1
8177,Weekday,Night,Road,'01 - Clear','01 - Daylight','01 - Dry','10 - No control','P.D. only','03 - Rear end',downtown,0,cluster1
8178,Weekday,Night,Road,'01 - Clear','01 - Daylight','01 - Dry','01 - Traffic signal','P.D. only','03 - Rear end',downtown,0,cluster1
8179,Weekday,Night,Road,'01 - Clear','01 - Daylight','01 - Dry','02 - Stop sign','P.D. only','05 - Turning movement',downtown,0,cluster1
8180,Weekday,Night,Road,'01 - Clear','01 - Daylight','01 - Dry','01 - Traffic signal',Injury,'07 - SMV other',downtown,1,cluster5
8181,Weekday,Night,Road,'01 - Clear','01 - Daylight','01 - Dry','10 - No control',Injury,'07 - SMV other',mid_town,0,cluster1
8182,Weekday,Night,Road,'01 - Clear','01 - Daylight','01 - Dry','02 - Stop sign','P.D. only','02 - Angle',Ottawa_east,0,cluster1
8183,Weekday,Mid_Night,Road,'01 - Clear','00 - Unknown','01 - Dry','10 - No control','P.D. only','06 - SMV unattended vehicle',mid_town,0,cluster2
8184,Weekday,Night,Road,'01 - Clear','01 - Daylight','01 - Dry','10 - No control','P.D. only','04 - Sideswipe',mid_town,0,cluster1
8185,Weekday,Mid_Night,Road,'01 - Clear','01 - Daylight','01 - Dry','10 - No control','P.D. only','05 - Turning movement',mid_town,0,cluster2
8186,Weekday,Evening,Road,'01 - Clear','01 - Daylight','01 - Dry','01 - Traffic signal','P.D. only','02 - Angle',mid_town,0,cluster2
8187,Weekday,Night,Road,'01 - Clear','01 - Daylight','01 - Dry','10 - No control','P.D. only','03 - Rear end',downtown,0,cluster1
8188,Weekday,Mid_Night,highway,'01 - Clear','05 - Dusk','01 - Dry','01 - Traffic signal',Injury,'03 - Rear end',downtown,0,cluster4
8189,Weekday,Night,Road,'01 - Clear','01 - Daylight','01 - Dry','01 - Traffic signal','P.D. only','02 - Angle',downtown,0,cluster1
8190,Weekday,Mid_Night,Road,'01 - Clear','07 - Dark','01 - Dry','10 - No control',Injury,'03 - Rear end',Ottawa_west,0,cluster1
8191,Weekday,Mid_Night,Road,'01 - Clear','07 - Dark','01 - Dry','01 - Traffic signal','P.D. only','02 - Angle',downtown,0,cluster4
8192,Weekday,Night,Road,'01 - Clear','01 - Daylight','01 - Dry','10 - No control','P.D. only','06 - SMV unattended vehicle',downtown,0,cluster1
8193,Weekday,Mid_Night,Road,'01 - Clear','07 - Dark','01 - Dry','10 - No control',Injury,'07 - SMV other',mid_town,0,cluster2
8194,Weekday,Mid_Night,Road,'01 - Clear','07 - Dark','01 - Dry','10 - No control','P.D. only','07 - SMV other',Ottawa_west,0,cluster4
8195,Weekday,Early_Morning,Road,'01 - Clear','07 - Dark','01 - Dry','01 - Traffic signal','P.D. only','07 - SMV other',Ottawa_west,0,cluster4
8196,Weekday,Noon,Road,'01 - Clear','03 - Dawn','01 - Dry','10 - No control','P.D. only','07 - SMV other',Ottawa_south,0,cluster1
8197,Weekday,Noon,Road,'01 - Clear','01 - Daylight','01 - Dry','10 - No control','P.D. only','06 - SMV unattended vehicle',Ottawa_east,0,cluster1
8198,Weekday,Noon,Road,'01 - Clear','01 - Daylight','01 - Dry','01 - Traffic signal',Injury,'05 - Turning movement',downtown,0,cluster4
8199,Weekday,Noon,Road,'01 - Clear','01 - Daylight','01 - Dry','01 - Traffic signal','P.D. only','05 - Turning movement',downtown,0,cluster4
8200,Weekday,Noon,Road,'01 - Clear','01 - Daylight','01 - Dry','10 - No control','P.D. only','02 - Angle',mid_town,0,cluster2
8201,Weekday,Noon,Road,'01 - Clear','01 - Daylight','01 - Dry','01 - Traffic signal','P.D. only','04 - Sideswipe',mid_town,0,cluster2
8202,Weekday,Afternoon,Road,'01 - Clear','01 - Daylight','01 - Dry','01 - Traffic signal',Injury,'05 - Turning movement',downtown,0,cluster4
8203,Weekday,Afternoon,Road,'01 - Clear','01 - Daylight','01 - Dry','02 - Stop sign','P.D. only','02 - Angle',Ottawa_west,0,cluster1
8204,Weekday,Afternoon,Road,'01 - Clear','01 - Daylight','01 - Dry','01 - Traffic signal','P.D. only','04 - Sideswipe',Ottawa_east,0,cluster1
8205,Weekday,Afternoon,Road,'01 - Clear','01 - Daylight','01 - Dry','01 - Traffic signal','P.D. only','05 - Turning movement',mid_town,0,cluster2
8206,Weekday,Afternoon,Road,'01 - Clear','01 - Daylight','01 - Dry','01 - Traffic signal',Injury,'07 - SMV other',Ottawa_south,0,cluster5
8207,Weekday,Afternoon,Road,'01 - Clear','01 - Daylight','01 - Dry','10 - No control','P.D. only','04 - Sideswipe',downtown,0,cluster1
8208,Weekday,Afternoon,Road,'01 - Clear','01 - Daylight','01 - Dry','10 - No control',Injury,'03 - Rear end',Ottawa_east,0,cluster1
8209,Weekday,Afternoon,Road,'01 - Clear','01 - Daylight','01 - Dry','03 - Yield sign',Injury,'02 - Angle',Ottawa_east,0,cluster1
8210,Weekday,Evening,Road,'01 - Clear','01 - Daylight','01 - Dry','01 - Traffic signal',Injury,'07 - SMV other',downtown,2,cluster5
8211,Weekday,Evening,Road,'01 - Clear','01 - Daylight','01 - Dry','01 - Traffic signal',Injury,'05 - Turning movement',downtown,0,cluster4
8212,Weekday,Evening,Road,'01 - Clear','01 - Daylight','01 - Dry','01 - Traffic signal','P.D. only','05 - Turning movement',mid_town,0,cluster2
8213,Weekday,Mid_Night,Road,'01 - Clear','00 - Unknown','01 - Dry','10 - No control','P.D. only','06 - SMV unattended vehicle',downtown,0,cluster1
8214,Weekday,Evening,Road,'01 - Clear','01 - Daylight','01 - Dry','10 - No control','P.D. only','04 - Sideswipe',downtown,0,cluster1
8215,Weekday,Evening,Road,'01 - Clear','01 - Daylight','01 - Dry','01 - Traffic signal','P.D. only','03 - Rear end',Ottawa_west,0,cluster2
8216,Weekday,Evening,Road,'01 - Clear','01 - Daylight','01 - Dry','01 - Traffic signal','P.D. only','03 - Rear end',downtown,0,cluster1
8217,Weekday,Night,Road,'01 - Clear','01 - Daylight','01 - Dry','01 - Traffic signal','P.D. only','03 - Rear end',Ottawa_east,0,cluster1
8218,Weekday,Night,Road,'01 - Clear','01 - Daylight','01 - Dry','01 - Traffic signal',Injury,'07 - SMV other',downtown,1,cluster5
8219,Weekday,Evening,highway,'01 - Clear','01 - Daylight','01 - Dry','01 - Traffic signal',Injury,'03 - Rear end',downtown,0,cluster1
8220,Weekday,Night,Road,'01 - Clear','01 - Daylight','01 - Dry','01 - Traffic signal','P.D. only','05 - Turning movement',downtown,0,cluster1
8221,Weekday,Night,Road,'01 - Clear','01 - Daylight','01 - Dry','10 - No control','P.D. only','03 - Rear end',downtown,0,cluster1
8222,Weekday,Evening,Road,'01 - Clear','01 - Daylight','01 - Dry','10 - No control','P.D. only','02 - Angle',downtown,0,cluster1
8223,Weekday,Night,Road,'01 - Clear','01 - Daylight','01 - Dry','02 - Stop sign','P.D. only','07 - SMV other',downtown,0,cluster1
8224,Weekday,Night,Road,'01 - Clear','01 - Daylight','01 - Dry','10 - No control','P.D. only','02 - Angle',downtown,0,cluster1
8225,Weekday,Night,Road,'01 - Clear','01 - Daylight','01 - Dry','01 - Traffic signal','P.D. only','03 - Rear end',downtown,0,cluster1
8226,Weekday,Night,Road,'01 - Clear','01 - Daylight','01 - Dry','10 - No control','P.D. only','03 - Rear end',Ottawa_south,0,cluster1
8227,Weekday,Night,Road,'01 - Clear','01 - Daylight','01 - Dry','10 - No control','P.D. only','03 - Rear end',mid_town,0,cluster1
8228,Weekday,Night,Road,'01 - Clear','01 - Daylight','01 - Dry','10 - No control',Injury,'07 - SMV other',Ottawa_west,0,cluster1
8229,Weekday,Mid_Night,Road,'01 - Clear','07 - Dark','01 - Dry','10 - No control','P.D. only','03 - Rear end',mid_town,0,cluster2
8230,Weekends,Afternoon,Road,'01 - Clear','01 - Daylight','01 - Dry','02 - Stop sign',Injury,'02 - Angle',downtown,0,cluster1
8231,Weekday,Afternoon,Road,'01 - Clear','01 - Daylight','01 - Dry','02 - Stop sign','P.D. only','02 - Angle',downtown,0,cluster1
8232,Weekday,Mid_Night,Road,'01 - Clear','07 - Dark','01 - Dry','01 - Traffic signal','P.D. only','03 - Rear end',Ottawa_west,0,cluster4
8233,Weekday,Mid_Night,Road,'01 - Clear','07 - Dark','01 - Dry','01 - Traffic signal','P.D. only','02 - Angle',downtown,0,cluster4
8234,Weekends,Early_Morning,Road,'01 - Clear','07 - Dark','01 - Dry','10 - No control','P.D. only','07 - SMV other',Ottawa_south,0,cluster1
8235,Weekday,Mid_Night,Road,'01 - Clear','07 - Dark','01 - Dry','10 - No control','P.D. only','03 - Rear end',downtown,0,cluster1
8236,Weekends,Evening,Road,'01 - Clear','01 - Daylight','01 - Dry','01 - Traffic signal','P.D. only','02 - Angle',downtown,0,cluster3
8237,Weekday,Evening,Road,'02 - Rain','01 - Daylight','02 - Wet','10 - No control','P.D. only','03 - Rear end',mid_town,0,cluster2
8238,Weekday,Night,Road,'01 - Clear','01 - Daylight','01 - Dry','10 - No control',Injury,'07 - SMV other',Ottawa_south,1,cluster1
8239,Weekday,Mid_Night,Road,'01 - Clear','00 - Unknown','01 - Dry','10 - No control','P.D. only','06 - SMV unattended vehicle',downtown,0,cluster1
8240,Weekday,Night,Road,'01 - Clear','01 - Daylight','01 - Dry','10 - No control','P.D. only','03 - Rear end',downtown,0,cluster1
8241,Weekday,Evening,Road,'01 - Clear','01 - Daylight','01 - Dry','10 - No control','P.D. only','02 - Angle',downtown,0,cluster1
8242,Weekday,Evening,Road,'01 - Clear','01 - Daylight','02 - Wet','10 - No control',Injury,'07 - SMV other',Ottawa_south,0,cluster0
8243,Weekends,Evening,Road,'02 - Rain','01 - Daylight','02 - Wet','10 - No control','P.D. only','03 - Rear end',downtown,0,cluster3
8244,Weekends,Mid_Night,Road,'01 - Clear','00 - Unknown','01 - Dry','10 - No control','P.D. only','06 - SMV unattended vehicle',mid_town,0,cluster2
8245,Weekday,Night,Road,'01 - Clear','01 - Daylight','01 - Dry','01 - Traffic signal','P.D. only','03 - Rear end',Ottawa_west,0,cluster1
8246,Weekday,Mid_Night,Road,'01 - Clear','01 - Daylight','01 - Dry','10 - No control','P.D. only','07 - SMV other',mid_town,0,cluster2
8247,Weekends,Evening,Road,'01 - Clear','01 - Daylight','01 - Dry','10 - No control','P.D. only','06 - SMV unattended vehicle',downtown,0,cluster3