Instance_number,DATE,TIME,Road_type,ENVIRONMENT,LIGHT,SURFACE_CONDITION,TRAFFIC_CONTROL,COLLISION_CLASSIFICATION,IMPACT_TYPE,Location,NO_OF_PEDESTRIANS,Cluster
8248,Weekday,Evening,Road,'01 - Clear','01 - Daylight','01 - Dry','01 - Traffic signal','P.D. only','04 - Sideswipe',downtown,0,cluster1
8249,Weekday,Mid_Night,Road,'01 - Clear','07 - Dark','01 - Dry','01 - Traffic signal','P.D. only','03 - Rear end',mid_town,0,cluster4
8250,Weekday,Evening,Road,'01 - Clear','01 - Daylight','02 - Wet','02 - Stop sign','P.D. only','02 - Angle',downtown,0,cluster3
8251,Weekday,Night,Road,'01 - Clear','05 - Dusk','02 - Wet','10 - No control',Injury,'07 - SMV other',mid_town,0,cluster5
8252,Weekday,Mid_Night,Road,'01 - Clear','07 - Dark','01 - Dry','01 - Traffic signal',Injury,'03 - Rear end',mid_town,0,cluster4
8253,Weekends,Evening,Road,'01 - Clear','01 - Daylight','01 - Dry','01 - Traffic signal','P.D. only','03 - Rear end',Ottawa_south,0,cluster2
8254,Weekday,Evening,Road,'01 - Clear','01 - Daylight','01 - Dry','01 - Traffic signal','P.D. only','02 - Angle',Ottawa_west,0,cluster2
8255,Weekends,Evening,Road,'01 - Clear','01 - Daylight','01 - Dry','03 - Yield sign','P.D. only','02 - Angle',Ottawa_east,0,cluster2
8256,Weekends,Evening,Road,'01 - Clear','01 - Daylight','01 - Dry','10 - No control','P.D. only','06 - SMV unattended vehicle',downtown,0,cluster3
8257,Weekends,Night,Road,'01 - Clear','01 - Daylight','01 - Dry','10 - No control','P.D. only','06 - SMV unattended vehicle',Ottawa_south,0,cluster1
8258,Weekday,Noon,Road,'01 - Clear','01 - Daylight','01 - Dry','01 - Traffic signal','P.D. only','03 - Rear end',Ottawa_west,0,cluster1
8259,Weekday,Noon,Road,'01 - Clear','03 - Dawn','01 - Dry','10 - No control','P.D. only','06 - SMV unattended vehicle',mid_town,0,cluster2
8260,Weekends,Night,Road,'01 - Clear','01 - Daylight','01 - Dry','10 - No control','P.D. only','06 - SMV unattended vehicle',downtown,0,cluster1
8261,Weekday,Evening,Road,'02 - Rain','01 - Daylight','02 - Wet','10 - No control','P.D. only','02 - Angle',downtown,0,cluster3
8262,Weekday,Mid_Night,Road,'02 - Rain','05 - Dusk','02 - Wet','01 - Traffic signal','P.D. only','04 - Sideswipe',Ottawa_west,0,cluster4
8263,Weekends,Night,Road,'01 - Clear','01 - Daylight','01 - Dry','10 - No control','P.D. only','03 - Rear end',mid_town,0,cluster1
8264,Weekday,Evening,Road,'01 - Clear','01 - Daylight','01 - Dry','10 - No control','P.D. only','06 - SMV unattended vehicle',mid_town,0,cluster2
8265,Weekends,Night,Road,'01 - Clear','01 - Daylight','01 - Dry','03 - Yield sign','P.D. only','02 - Angle',downtown,0,cluster1
8266,Weekday,Noon,Road,'01 - Clear','01 - Daylight','01 - Dry','02 - Stop sign','P.D. only','02 - Angle',Ottawa_east,0,cluster1
8267,Weekday,Mid_Night,Road,'01 - Clear','07 - Dark','01 - Dry','10 - No control','P.D. only','03 - Rear end',downtown,0,cluster1
8268,Weekends,Evening,Road,'01 - Clear','01 - Daylight','01 - Dry','10 - No control','P.D. only','06 - SMV unattended vehicle',downtown,0,cluster3
8269,Weekday,Night,Road,'02 - Rain','01 - Daylight','02 - Wet','10 - No control','P.D. only','03 - Rear end',mid_town,0,cluster1
8270,Weekday,Mid_Night,Road,'01 - Clear','07 - Dark','02 - Wet','01 - Traffic signal','P.D. only','03 - Rear end',mid_town,0,cluster4
8271,Weekday,Mid_Night,Road,'00 - Unknown','07 - Dark','00 - Unknown','10 - No control','P.D. only','07 - SMV other',Ottawa_south,0,cluster0
8272,Weekday,Night,Road,'01 - Clear','01 - Daylight','01 - Dry','10 - No control','P.D. only','06 - SMV unattended vehicle',downtown,0,cluster1
8273,Weekday,Noon,Road,'01 - Clear','01 - Daylight','01 - Dry','01 - Traffic signal','P.D. only','02 - Angle',downtown,0,cluster1
8274,Weekends,Evening,Road,'01 - Clear','01 - Daylight','01 - Dry','01 - Traffic signal','P.D. only','02 - Angle',downtown,0,cluster3
8275,Weekday,Afternoon,Road,'01 - Clear','01 - Daylight','01 - Dry','10 - No control',Injury,'03 - Rear end',downtown,0,cluster1
8276,Weekends,Night,Road,'01 - Clear','01 - Daylight','01 - Dry','10 - No control','P.D. only','06 - SMV unattended vehicle',downtown,0,cluster1
8277,Weekday,Evening,Road,'02 - Rain','01 - Daylight','02 - Wet','01 - Traffic signal',Injury,'03 - Rear end',Ottawa_west,0,cluster2
8278,Weekends,Night,Road,'01 - Clear','01 - Daylight','01 - Dry','10 - No control','P.D. only','04 - Sideswipe',mid_town,0,cluster1
8279,Weekday,Mid_Night,Road,'01 - Clear','07 - Dark','01 - Dry','10 - No control','P.D. only','05 - Turning movement',mid_town,0,cluster4
8280,Weekday,Night,Road,'01 - Clear','01 - Daylight','01 - Dry','10 - No control','P.D. only','03 - Rear end',mid_town,0,cluster1
8281,Weekday,Afternoon,Road,'01 - Clear','01 - Daylight','01 - Dry','01 - Traffic signal','P.D. only','03 - Rear end',downtown,0,cluster1
8282,Weekends,Evening,Road,'01 - Clear','01 - Daylight','01 - Dry','01 - Traffic signal','P.D. only','03 - Rear end',downtown,0,cluster3
8283,Weekday,Night,Road,'01 - Clear','01 - Daylight','01 - Dry','10 - No control','P.D. only','06 - SMV unattended vehicle',Ottawa_south,0,cluster1
8284,Weekends,Mid_Night,Road,'01 - Clear','01 - Daylight','01 - Dry','01 - Traffic signal','P.D. only','05 - Turning movement',mid_town,0,cluster4
8285,Weekday,Evening,Road,'01 - Clear','01 - Daylight','01 - Dry','01 - Traffic signal','P.D. only','03 - Rear end',downtown,0,cluster1
8286,Weekday,Night,Road,'02 - Rain','01 - Daylight','02 - Wet','01 - Traffic signal','P.D. only','03 - Rear end',mid_town,0,cluster5
8287,Weekday,Mid_Night,Road,'01 - Clear','05 - Dusk','01 - Dry','10 - No control','P.D. only','03 - Rear end',downtown,0,cluster1
8288,Weekends,Evening,Road,'01 - Clear','01 - Daylight','01 - Dry','10 - No control','P.D. only','07 - SMV other',Ottawa_east,0,cluster2
8289,Weekday,Night,Road,'01 - Clear','01 - Daylight','01 - Dry','01 - Traffic signal','P.D. only','03 - Rear end',mid_town,0,cluster1
8290,Weekday,Evening,Road,'01 - Clear','01 - Daylight','01 - Dry','10 - No control','P.D. only','06 - SMV unattended vehicle',downtown,0,cluster1
8291,Weekday,Night,Road,'02 - Rain','01 - Daylight','02 - Wet','08 - Traffic gate','P.D. only','07 - SMV other',Ottawa_south,0,cluster5
8292,Weekends,Evening,Road,'01 - Clear','01 - Daylight','01 - Dry','01 - Traffic signal','P.D. only','03 - Rear end',Ottawa_west,0,cluster2
8293,Weekday,Noon,Road,'01 - Clear','01 - Daylight','01 - Dry','10 - No control','P.D. only','06 - SMV unattended vehicle',mid_town,0,cluster2
8294,Weekday,Night,Road,'02 - Rain','01 - Daylight','02 - Wet','01 - Traffic signal','P.D. only','02 - Angle',Ottawa_east,0,cluster5
8295,Weekends,Mid_Night,Road,'02 - Rain','07 - Dark','02 - Wet','02 - Stop sign',Injury,'07 - SMV other',Ottawa_south,0,cluster3
8296,Weekday,Mid_Night,Road,'01 - Clear','07 - Dark','01 - Dry','02 - Stop sign','P.D. only','02 - Angle',downtown,0,cluster4
8297,Weekday,Mid_Night,Road,'01 - Clear','07 - Dark','01 - Dry','10 - No control','P.D. only','03 - Rear end',mid_town,0,cluster2
8298,Weekends,Evening,Road,'01 - Clear','01 - Daylight','01 - Dry','01 - Traffic signal','P.D. only','04 - Sideswipe',downtown,0,cluster3
8299,Weekday,Night,Road,'02 - Rain','01 - Daylight','01 - Dry','10 - No control','P.D. only','03 - Rear end',Ottawa_west,0,cluster1
8300,Weekday,Mid_Night,Road,'01 - Clear','07 - Dark','01 - Dry','10 - No control','P.D. only','06 - SMV unattended vehicle',downtown,0,cluster4
8301,Weekends,Mid_Night,Road,'01 - Clear','05 - Dusk','01 - Dry','10 - No control',Injury,'05 - Turning movement',downtown,0,cluster4
8302,Weekday,Mid_Night,highway,'07 - Fog/mist/smoke/dust','07 - Dark','01 - Dry','01 - Traffic signal',Injury,'02 - Angle',downtown,0,cluster4
8303,Weekday,Evening,Road,'01 - Clear','01 - Daylight','01 - Dry','01 - Traffic signal',Injury,'05 - Turning movement',downtown,0,cluster4
8304,Weekends,Night,Road,'01 - Clear','01 - Daylight','01 - Dry','01 - Traffic signal',Injury,'04 - Sideswipe',downtown,0,cluster1
8305,Weekday,Early_Morning,Road,'01 - Clear','07 - Dark','01 - Dry','01 - Traffic signal','P.D. only','07 - SMV other',Ottawa_south,0,cluster4
8306,Weekends,Mid_Night,Road,'01 - Clear','01 - Daylight','01 - Dry','10 - No control','P.D. only','05 - Turning movement',mid_town,0,cluster2
8307,Weekday,Morning,Road,'01 - Clear','07 - Dark','01 - Dry','10 - No control','P.D. only','06 - SMV unattended vehicle',downtown,0,cluster1
8308,Weekday,Mid_Night,Road,'01 - Clear','07 - Dark','01 - Dry','01 - Traffic signal','P.D. only','05 - Turning movement',mid_town,0,cluster4
8309,Weekday,Mid_Night,Road,'01 - Clear','07 - Dark','01 - Dry','01 - Traffic signal','P.D. only','03 - Rear end',mid_town,0,cluster4
8310,Weekends,Mid_Night,highway,'01 - Clear','05 - Dusk','01 - Dry','10 - No control','P.D. only','04 - Sideswipe',downtown,0,cluster1
8311,Weekends,Mid_Night,Road,'01 - Clear','07 - Dark','01 - Dry','10 - No control',Injury,'07 - SMV other',downtown,0,cluster4
8312,Weekday,Mid_Night,Road,'01 - Clear','05 - Dusk','01 - Dry','10 - No control','P.D. only','07 - SMV other',mid_town,0,cluster2
8313,Weekday,Evening,Road,'01 - Clear','01 - Daylight','01 - Dry','01 - Traffic signal','P.D. only','03 - Rear end',mid_town,0,cluster2
8314,Weekends,Night,Road,'01 - Clear','01 - Daylight','01 - Dry','02 - Stop sign',Injury,'07 - SMV other',mid_town,0,cluster1
8315,Weekday,Noon,Road,'01 - Clear','01 - Daylight','01 - Dry','01 - Traffic signal','P.D. only','05 - Turning movement',Ottawa_east,0,cluster4
8316,Weekends,Mid_Night,Road,'02 - Rain','07 - Dark','02 - Wet','02 - Stop sign','P.D. only','07 - SMV other',downtown,0,cluster3
8317,Weekday,Mid_Night,Road,'01 - Clear','05 - Dusk','01 - Dry','10 - No control','P.D. only','05 - Turning movement',downtown,0,cluster4
8318,Weekday,Noon,Road,'01 - Clear','03 - Dawn','01 - Dry','01 - Traffic signal',Injury,'02 - Angle',downtown,0,cluster4
8319,Weekday,Night,Road,'02 - Rain','01 - Daylight','02 - Wet','01 - Traffic signal','P.D. only','03 - Rear end',mid_town,0,cluster5
8320,Weekday,Mid_Night,Road,'07 - Fog/mist/smoke/dust','05 - Dusk','01 - Dry','10 - No control',Injury,'07 - SMV other',mid_town,0,cluster0
8321,Weekends,Night,Road,'01 - Clear','01 - Daylight','01 - Dry','01 - Traffic signal',Injury,'05 - Turning movement',mid_town,0,cluster1
8322,Weekday,Early_Morning,Road,'01 - Clear','07 - Dark','01 - Dry','10 - No control','P.D. only','07 - SMV other',downtown,0,cluster1
8323,Weekends,Mid_Night,Road,'01 - Clear','07 - Dark','02 - Wet','02 - Stop sign','P.D. only','02 - Angle',downtown,0,cluster3
8324,Weekday,Night,Road,'01 - Clear','01 - Daylight','01 - Dry','10 - No control','P.D. only','07 - SMV other',Ottawa_west,0,cluster1
8325,Weekday,Noon,Road,'01 - Clear','01 - Daylight','01 - Dry','10 - No control','P.D. only','02 - Angle',mid_town,0,cluster2
8326,Weekday,Mid_Night,Road,'07 - Fog/mist/smoke/dust','07 - Dark','01 - Dry','01 - Traffic signal','P.D. only','05 - Turning movement',Ottawa_south,0,cluster4
8327,Weekday,Noon,Road,'01 - Clear','01 - Daylight','01 - Dry','01 - Traffic signal',Injury,'05 - Turning movement',Ottawa_east,0,cluster4
8328,Weekends,Night,Road,'01 - Clear','01 - Daylight','01 - Dry','01 - Traffic signal','P.D. only','03 - Rear end',downtown,0,cluster1
8329,Weekday,Evening,highway,'01 - Clear','01 - Daylight','01 - Dry','10 - No control','P.D. only','04 - Sideswipe',mid_town,0,cluster2
8330,Weekday,Noon,Road,'01 - Clear','01 - Daylight','01 - Dry','10 - No control','P.D. only','03 - Rear end',mid_town,0,cluster2
8331,Weekday,Evening,Road,'01 - Clear','01 - Daylight','01 - Dry','01 - Traffic signal','P.D. only','04 - Sideswipe',downtown,0,cluster1
8332,Weekday,Noon,Road,'01 - Clear','01 - Daylight','01 - Dry','10 - No control',Injury,'07 - SMV other',Ottawa_west,0,cluster1
8333,Weekday,Afternoon,Road,'01 - Clear','01 - Daylight','01 - Dry','10 - No control','P.D. only','07 - SMV other',Ottawa_east,0,cluster1
8334,Weekends,Night,Road,'01 - Clear','01 - Daylight','01 - Dry','01 - Traffic signal','P.D. only','07 - SMV other',Ottawa_west,0,cluster5
8335,Weekends,Mid_Night,Road,'02 - Rain','07 - Dark','02 - Wet','10 - No control',Injury,'06 - SMV unattended vehicle',Ottawa_east,0,cluster3
8336,Weekday,Noon,Road,'01 - Clear','01 - Daylight','01 - Dry','10 - No control','P.D. only','04 - Sideswipe',Ottawa_south,0,cluster1
8337,Weekday,Night,Road,'01 - Clear','01 - Daylight','01 - Dry','10 - No control',Injury,'03 - Rear end',mid_town,0,cluster1
8338,Weekday,Noon,Road,'01 - Clear','01 - Daylight','01 - Dry','10 - No control','P.D. only','07 - SMV other',Ottawa_west,0,cluster1
8339,Weekday,Noon,Road,'01 - Clear','01 - Daylight','01 - Dry','01 - Traffic signal','P.D. only','03 - Rear end',Ottawa_east,0,cluster1
8340,Weekday,Night,Road,'01 - Clear','01 - Daylight','01 - Dry','10 - No control','P.D. only','03 - Rear end',mid_town,0,cluster1
8341,Weekends,Mid_Night,Road,'02 - Rain','07 - Dark','02 - Wet','01 - Traffic signal','P.D. only','03 - Rear end',downtown,0,cluster3
8342,Weekday,Night,Road,'02 - Rain','01 - Daylight','02 - Wet','10 - No control','P.D. only','02 - Angle',downtown,0,cluster1
8343,Weekday,Night,Road,'01 - Clear','01 - Daylight','01 - Dry','10 - No control','P.D. only','04 - Sideswipe',downtown,0,cluster1
8344,Weekday,Noon,Road,'01 - Clear','01 - Daylight','01 - Dry','01 - Traffic signal','P.D. only','02 - Angle',downtown,0,cluster1
8345,Weekends,Mid_Night,Road,'01 - Clear','07 - Dark','01 - Dry','10 - No control','P.D. only','06 - SMV unattended vehicle',Ottawa_south,0,cluster4
8346,Weekends,Mid_Night,Road,'01 - Clear','07 - Dark','01 - Dry','10 - No control','P.D. only','07 - SMV other',downtown,0,cluster4
8347,Weekday,Mid_Night,Road,'07 - Fog/mist/smoke/dust','07 - Dark','01 - Dry','10 - No control','P.D. only','03 - Rear end',mid_town,0,cluster2
8348,Weekends,Mid_Night,Road,'01 - Clear','07 - Dark','02 - Wet','01 - Traffic signal','P.D. only','05 - Turning movement',downtown,0,cluster4
8349,Weekday,Noon,Road,'01 - Clear','01 - Daylight','01 - Dry','02 - Stop sign','P.D. only','05 - Turning movement',downtown,0,cluster1
8350,Weekday,Night,Road,'01 - Clear','01 - Daylight','01 - Dry','10 - No control','P.D. only','05 - Turning movement',downtown,0,cluster1
8351,Weekday,Night,Road,'01 - Clear','01 - Daylight','01 - Dry','01 - Traffic signal','P.D. only','05 - Turning movement',downtown,0,cluster1
8352,Weekday,Afternoon,Road,'01 - Clear','01 - Daylight','01 - Dry','10 - No control',Injury,'01 - Approaching',mid_town,0,cluster2
8353,Weekends,Mid_Night,Road,'01 - Clear','07 - Dark','01 - Dry','10 - No control','P.D. only','06 - SMV unattended vehicle',downtown,0,cluster4
8354,Weekends,Mid_Night,Road,'01 - Clear','07 - Dark','01 - Dry','01 - Traffic signal',Injury,'03 - Rear end',downtown,0,cluster4
8355,Weekday,Early_Morning,Road,'01 - Clear','07 - Dark','01 - Dry','10 - No control','P.D. only','07 - SMV other',downtown,0,cluster1
8356,Weekends,Early_Morning,Road,'01 - Clear','07 - Dark','02 - Wet','10 - No control','P.D. only','07 - SMV other',Ottawa_west,0,cluster3
8357,Weekday,Noon,Road,'01 - Clear','01 - Daylight','01 - Dry','10 - No control','P.D. only','04 - Sideswipe',mid_town,0,cluster2
8358,Weekday,Noon,Road,'01 - Clear','01 - Daylight','01 - Dry','01 - Traffic signal','P.D. only','03 - Rear end',downtown,0,cluster1
8359,Weekday,Afternoon,Road,'01 - Clear','01 - Daylight','01 - Dry','01 - Traffic signal',Injury,'03 - Rear end',downtown,0,cluster1
8360,Weekday,Noon,Road,'01 - Clear','03 - Dawn','01 - Dry','10 - No control','P.D. only','03 - Rear end',Ottawa_east,0,cluster1
8361,Weekday,Afternoon,Road,'01 - Clear','01 - Daylight','01 - Dry','01 - Traffic signal',Injury,'07 - SMV other',downtown,1,cluster5
8362,Weekday,Night,Road,'02 - Rain','01 - Daylight','02 - Wet','02 - Stop sign','P.D. only','02 - Angle',Ottawa_west,0,cluster5
8363,Weekday,Evening,Road,'01 - Clear','01 - Daylight','01 - Dry','01 - Traffic signal','P.D. only','04 - Sideswipe',mid_town,0,cluster2
8364,Weekday,Evening,Road,'01 - Clear','01 - Daylight','01 - Dry','10 - No control','P.D. only','04 - Sideswipe',downtown,0,cluster1
8365,Weekday,Evening,Road,'01 - Clear','01 - Daylight','01 - Dry','02 - Stop sign','P.D. only','06 - SMV unattended vehicle',downtown,0,cluster1
8366,Weekday,Evening,Road,'01 - Clear','01 - Daylight','01 - Dry','01 - Traffic signal','P.D. only','05 - Turning movement',downtown,0,cluster4
8367,Weekday,Evening,Road,'01 - Clear','01 - Daylight','01 - Dry','01 - Traffic signal',Injury,'03 - Rear end',mid_town,0,cluster2
8368,Weekday,Mid_Night,Road,'01 - Clear','00 - Unknown','01 - Dry','10 - No control','P.D. only','06 - SMV unattended vehicle',downtown,0,cluster1
8369,Weekday,Night,Road,'01 - Clear','01 - Daylight','01 - Dry','01 - Traffic signal','P.D. only','03 - Rear end',downtown,0,cluster1
8370,Weekday,Night,Road,'01 - Clear','01 - Daylight','01 - Dry','10 - No control','P.D. only','04 - Sideswipe',downtown,0,cluster1
8371,Weekday,Night,Road,'01 - Clear','01 - Daylight','01 - Dry','03 - Yield sign','P.D. only','04 - Sideswipe',Ottawa_east,0,cluster1
8372,Weekday,Night,Road,'01 - Clear','01 - Daylight','01 - Dry','02 - Stop sign','P.D. only','02 - Angle',downtown,0,cluster1
8373,Weekday,Night,Road,'01 - Clear','01 - Daylight','01 - Dry','02 - Stop sign',Injury,'02 - Angle',mid_town,0,cluster1
8374,Weekday,Night,Road,'01 - Clear','01 - Daylight','01 - Dry','10 - No control','P.D. only','02 - Angle',downtown,0,cluster1
8375,Weekday,Night,Road,'01 - Clear','01 - Daylight','01 - Dry','10 - No control','P.D. only','04 - Sideswipe',downtown,0,cluster1
8376,Weekday,Night,Road,'01 - Clear','01 - Daylight','01 - Dry','10 - No control','P.D. only','06 - SMV unattended vehicle',downtown,0,cluster1
8377,Weekday,Night,Road,'01 - Clear','01 - Daylight','01 - Dry','01 - Traffic signal','P.D. only','07 - SMV other',downtown,0,cluster5
8378,Weekday,Night,Road,'01 - Clear','01 - Daylight','01 - Dry','01 - Traffic signal','P.D. only','04 - Sideswipe',mid_town,0,cluster1
8379,Weekday,Mid_Night,Road,'01 - Clear','07 - Dark','01 - Dry','10 - No control','P.D. only','06 - SMV unattended vehicle',downtown,0,cluster4
8380,Weekday,Mid_Night,Road,'01 - Clear','07 - Dark','01 - Dry','01 - Traffic signal','P.D. only','03 - Rear end',mid_town,0,cluster4
8381,Weekday,Mid_Night,Road,'01 - Clear','07 - Dark','01 - Dry','01 - Traffic signal','P.D. only','05 - Turning movement',downtown,0,cluster4
8382,Weekday,Mid_Night,Road,'01 - Clear','07 - Dark','01 - Dry','10 - No control','P.D. only','07 - SMV other',Ottawa_east,0,cluster4
8383,Weekday,Mid_Night,Road,'01 - Clear','05 - Dusk','01 - Dry','02 - Stop sign','P.D. only','03 - Rear end',downtown,0,cluster1
8384,Weekday,Mid_Night,Road,'01 - Clear','07 - Dark','01 - Dry','01 - Traffic signal','P.D. only','99 - Other',mid_town,0,cluster4
8385,Weekends,Early_Morning,Road,'01 - Clear','07 - Dark','01 - Dry','01 - Traffic signal',Injury,'07 - SMV other',downtown,1,cluster4
8386,Weekends,Early_Morning,Road,'01 - Clear','07 - Dark','01 - Dry','10 - No control',Injury,'07 - SMV other',downtown,1,cluster1
8387,Weekends,Early_Morning,Road,'01 - Clear','07 - Dark','01 - Dry','10 - No control','P.D. only','07 - SMV other',Ottawa_south,0,cluster1
8388,Weekends,Noon,Road,'01 - Clear','01 - Daylight','01 - Dry','01 - Traffic signal',Injury,'07 - SMV other',Ottawa_west,1,cluster5
8389,Weekends,Afternoon,Road,'01 - Clear','01 - Daylight','01 - Dry','10 - No control',Injury,'07 - SMV other',Ottawa_west,0,cluster1
8390,Weekends,Afternoon,Road,'01 - Clear','01 - Daylight','01 - Dry','02 - Stop sign','P.D. only','04 - Sideswipe',downtown,0,cluster1
8391,Weekends,Afternoon,Road,'01 - Clear','01 - Daylight','01 - Dry','01 - Traffic signal','P.D. only','03 - Rear end',Ottawa_west,0,cluster1
8392,Weekends,Afternoon,Road,'01 - Clear','01 - Daylight','01 - Dry','01 - Traffic signal',Injury,'03 - Rear end',mid_town,0,cluster2
8393,Weekends,Afternoon,Road,'01 - Clear','01 - Daylight','01 - Dry','10 - No control','P.D. only','01 - Approaching',Ottawa_east,0,cluster1
8394,Weekday,Mid_Night,Road,'01 - Clear','07 - Dark','01 - Dry','10 - No control','P.D. only','03 - Rear end',downtown,0,cluster1
8395,Weekends,Evening,Road,'01 - Clear','01 - Daylight','01 - Dry','10 - No control','P.D. only','03 - Rear end',downtown,0,cluster3
8396,Weekends,Evening,Road,'01 - Clear','01 - Daylight','01 - Dry','01 - Traffic signal','P.D. only','04 - Sideswipe',Ottawa_east,0,cluster2
8397,Weekends,Evening,Road,'01 - Clear','01 - Daylight','01 - Dry','01 - Traffic signal','P.D. only','03 - Rear end',Ottawa_south,0,cluster2
8398,Weekends,Evening,Road,'01 - Clear','01 - Daylight','01 - Dry','01 - Traffic signal','P.D. only','05 - Turning movement',Ottawa_east,0,cluster2
8399,Weekends,Evening,Road,'01 - Clear','01 - Daylight','01 - Dry','01 - Traffic signal','P.D. only','05 - Turning movement',downtown,0,cluster3
8400,Weekends,Evening,Road,'01 - Clear','01 - Daylight','01 - Dry','10 - No control',Injury,'03 - Rear end',mid_town,0,cluster2
8401,Weekends,Evening,Road,'01 - Clear','01 - Daylight','01 - Dry','01 - Traffic signal','P.D. only','05 - Turning movement',mid_town,0,cluster2
8402,Weekends,Evening,Road,'01 - Clear','01 - Daylight','01 - Dry','02 - Stop sign',Injury,'03 - Rear end',Ottawa_east,0,cluster2
8403,Weekends,Evening,Road,'01 - Clear','01 - Daylight','01 - Dry','01 - Traffic signal','P.D. only','03 - Rear end',mid_town,0,cluster2
8404,Weekends,Evening,highway,'01 - Clear','01 - Daylight','01 - Dry','03 - Yield sign','P.D. only','03 - Rear end',mid_town,0,cluster2
8405,Weekends,Night,Road,'01 - Clear','01 - Daylight','01 - Dry','01 - Traffic signal','P.D. only','99 - Other',downtown,0,cluster1
8406,Weekends,Night,Road,'01 - Clear','01 - Daylight','01 - Dry','01 - Traffic signal',Injury,'02 - Angle',mid_town,0,cluster1
8407,Weekends,Night,Road,'01 - Clear','01 - Daylight','01 - Dry','10 - No control',Injury,'03 - Rear end',mid_town,0,cluster1
8408,Weekends,Night,Road,'01 - Clear','01 - Daylight','01 - Dry','01 - Traffic signal','P.D. only','04 - Sideswipe',downtown,0,cluster1
8409,Weekends,Night,Road,'01 - Clear','01 - Daylight','01 - Dry','10 - No control','P.D. only','03 - Rear end',downtown,0,cluster1
8410,Weekends,Night,Road,'01 - Clear','01 - Daylight','01 - Dry','10 - No control',Injury,'04 - Sideswipe',downtown,0,cluster1
8411,Weekends,Night,Road,'01 - Clear','01 - Daylight','01 - Dry','01 - Traffic signal','P.D. only','03 - Rear end',Ottawa_west,0,cluster1
8412,Weekends,Mid_Night,Road,'01 - Clear','05 - Dusk','01 - Dry','02 - Stop sign','P.D. only','07 - SMV other',downtown,0,cluster4
8413,Weekends,Mid_Night,Road,'01 - Clear','05 - Dusk','01 - Dry','02 - Stop sign','P.D. only','05 - Turning movement',mid_town,0,cluster4
8414,Weekends,Mid_Night,Road,'01 - Clear','05 - Dusk','01 - Dry','01 - Traffic signal','P.D. only','02 - Angle',downtown,0,cluster4
8415,Weekends,Mid_Night,Road,'01 - Clear','07 - Dark','01 - Dry','01 - Traffic signal','P.D. only','05 - Turning movement',downtown,0,cluster4
8416,Weekday,Afternoon,Road,'01 - Clear','01 - Daylight','01 - Dry','01 - Traffic signal','P.D. only','03 - Rear end',downtown,0,cluster1
8417,Weekends,Evening,Road,'01 - Clear','01 - Daylight','01 - Dry','02 - Stop sign','P.D. only','02 - Angle',downtown,0,cluster3
8418,Weekends,Evening,Road,'01 - Clear','01 - Daylight','01 - Dry','10 - No control','P.D. only','03 - Rear end',downtown,0,cluster3
8419,Weekends,Evening,Road,'01 - Clear','01 - Daylight','01 - Dry','10 - No control','P.D. only','07 - SMV other',Ottawa_east,0,cluster2
8420,Weekends,Evening,Road,'01 - Clear','01 - Daylight','01 - Dry','03 - Yield sign','P.D. only','02 - Angle',mid_town,0,cluster2
8421,Weekends,Evening,Road,'01 - Clear','01 - Daylight','01 - Dry','10 - No control','P.D. only','06 - SMV unattended vehicle',downtown,0,cluster3
8422,Weekends,Night,Road,'01 - Clear','01 - Daylight','01 - Dry','03 - Yield sign','P.D. only','02 - Angle',mid_town,0,cluster1
8423,Weekends,Night,Road,'01 - Clear','01 - Daylight','01 - Dry','01 - Traffic signal','P.D. only','04 - Sideswipe',Ottawa_east,0,cluster1
8424,Weekends,Night,Road,'01 - Clear','01 - Daylight','01 - Dry','01 - Traffic signal',Injury,'02 - Angle',downtown,0,cluster1
8425,Weekends,Mid_Night,Road,'01 - Clear','07 - Dark','02 - Wet','01 - Traffic signal','P.D. only','01 - Approaching',downtown,0,cluster4
8426,Weekends,Mid_Night,Road,'02 - Rain','07 - Dark','02 - Wet','01 - Traffic signal','P.D. only','03 - Rear end',mid_town,0,cluster3
8427,Weekends,Mid_Night,Road,'02 - Rain','07 - Dark','02 - Wet','01 - Traffic signal',Injury,'05 - Turning movement',mid_town,0,cluster4
8428,Weekends,Mid_Night,Road,'01 - Clear','07 - Dark','02 - Wet','03 - Yield sign','P.D. only','99 - Other',downtown,0,cluster3
8429,Weekday,Mid_Night,Road,'01 - Clear','07 - Dark','01 - Dry','10 - No control','P.D. only','06 - SMV unattended vehicle',downtown,0,cluster4
8430,Weekends,Mid_Night,Road,'02 - Rain','07 - Dark','02 - Wet','01 - Traffic signal','P.D. only','03 - Rear end',downtown,0,cluster3
8431,Weekday,Mid_Night,Road,'02 - Rain','07 - Dark','02 - Wet','01 - Traffic signal','P.D. only','02 - Angle',downtown,0,cluster4
8432,Weekday,Early_Morning,Road,'01 - Clear','07 - Dark','02 - Wet','10 - No control','P.D. only','07 - SMV other',downtown,0,cluster5
8433,Weekday,Noon,Road,'01 - Clear','01 - Daylight','01 - Dry','01 - Traffic signal',Injury,'02 - Angle',downtown,0,cluster1
8434,Weekday,Noon,Road,'01 - Clear','01 - Daylight','01 - Dry','02 - Stop sign',Injury,'02 - Angle',mid_town,0,cluster2