Instance_number,DATE,TIME,Road_type,ENVIRONMENT,LIGHT,SURFACE_CONDITION,TRAFFIC_CONTROL,COLLISION_CLASSIFICATION,IMPACT_TYPE,Location,NO_OF_PEDESTRIANS,Cluster
8624,Weekends,Night,Road,'01 - Clear','01 - Daylight','01 - Dry','01 - Traffic signal','P.D. only','03 - Rear end',Ottawa_west,0,cluster1
8625,Weekday,Evening,Road,'02 - Rain','01 - Daylight','02 - Wet','01 - Traffic signal',Injury,'07 - SMV other',downtown,1,cluster5
8626,Weekday,Night,Road,'02 - Rain','01 - Daylight','02 - Wet','10 - No control','P.D. only','04 - Sideswipe',downtown,0,cluster1
8627,Weekday,Night,Road,'02 - Rain','01 - Daylight','02 - Wet','02 - Stop sign',Injury,'05 - Turning movement',downtown,0,cluster5
8628,Weekday,Night,Road,'02 - Rain','01 - Daylight','02 - Wet','01 - Traffic signal','P.D. only','04 - Sideswipe',downtown,0,cluster5
8629,Weekday,Noon,Road,'01 - Clear','01 - Daylight','01 - Dry','01 - Traffic signal',Injury,'03 - Rear end',mid_town,0,cluster2
8630,Weekday,Night,highway,'02 - Rain','01 - Daylight','02 - Wet','10 - No control','P.D. only','03 - Rear end',mid_town,0,cluster1
8631,Weekday,Night,Road,'02 - Rain','01 - Daylight','02 - Wet','10 - No control','P.D. only','03 - Rear end',Ottawa_west,0,cluster1
8632,Weekday,Night,Road,'02 - Rain','01 - Daylight','02 - Wet','02 - Stop sign','P.D. only','02 - Angle',mid_town,0,cluster5
8633,Weekday,Night,Road,'02 - Rain','01 - Daylight','02 - Wet','10 - No control','P.D. only','03 - Rear end',downtown,0,cluster1
8634,Weekday,Night,Road,'02 - Rain','01 - Daylight','02 - Wet','10 - No control','P.D. only','04 - Sideswipe',mid_town,0,cluster0
8635,Weekday,Night,Road,'01 - Clear','01 - Daylight','01 - Dry','10 - No control','P.D. only','02 - Angle',mid_town,0,cluster1
8636,Weekday,Night,Road,'02 - Rain','01 - Daylight','02 - Wet','10 - No control',Injury,'03 - Rear end',mid_town,0,cluster1
8637,Weekday,Night,Road,'01 - Clear','01 - Daylight','01 - Dry','10 - No control','P.D. only','04 - Sideswipe',downtown,0,cluster1
8638,Weekday,Night,Road,'02 - Rain','01 - Daylight','02 - Wet','10 - No control','P.D. only','03 - Rear end',downtown,0,cluster1
8639,Weekday,Night,Road,'02 - Rain','01 - Daylight','02 - Wet','01 - Traffic signal','P.D. only','05 - Turning movement',downtown,0,cluster5
8640,Weekday,Night,Road,'01 - Clear','01 - Daylight','02 - Wet','01 - Traffic signal','P.D. only','03 - Rear end',downtown,0,cluster5
8641,Weekends,Afternoon,Road,'01 - Clear','01 - Daylight','01 - Dry','10 - No control','P.D. only','06 - SMV unattended vehicle',mid_town,0,cluster2
8642,Weekday,Mid_Night,Road,'01 - Clear','07 - Dark','01 - Dry','01 - Traffic signal','P.D. only','03 - Rear end',mid_town,0,cluster4
8643,Weekday,Mid_Night,Road,'01 - Clear','07 - Dark','01 - Dry','10 - No control','P.D. only','05 - Turning movement',Ottawa_west,0,cluster4
8644,Weekday,Night,Road,'01 - Clear','01 - Daylight','01 - Dry','01 - Traffic signal',Injury,'07 - SMV other',downtown,1,cluster5
8645,Weekday,Evening,Road,'01 - Clear','01 - Daylight','01 - Dry','10 - No control','P.D. only','05 - Turning movement',downtown,0,cluster1
8646,Weekday,Mid_Night,Road,'01 - Clear','07 - Dark','01 - Dry','10 - No control',Injury,'01 - Approaching',downtown,0,cluster4
8647,Weekday,Mid_Night,Road,'01 - Clear','07 - Dark','01 - Dry','10 - No control','P.D. only','04 - Sideswipe',downtown,0,cluster4
8648,Weekends,Afternoon,Road,'01 - Clear','01 - Daylight','01 - Dry','10 - No control','P.D. only','07 - SMV other',Ottawa_west,0,cluster1
8649,Weekday,Evening,Road,'01 - Clear','01 - Daylight','01 - Dry','10 - No control',Injury,'03 - Rear end',mid_town,0,cluster2
8650,Weekday,Night,Road,'01 - Clear','01 - Daylight','01 - Dry','02 - Stop sign','P.D. only','02 - Angle',mid_town,0,cluster1
8651,Weekday,Mid_Night,Road,'01 - Clear','07 - Dark','01 - Dry','01 - Traffic signal','P.D. only','02 - Angle',downtown,0,cluster4
8652,Weekday,Early_Morning,Road,'01 - Clear','07 - Dark','01 - Dry','01 - Traffic signal',Injury,'02 - Angle',Ottawa_east,0,cluster4
8653,Weekends,Evening,Road,'01 - Clear','01 - Daylight','01 - Dry','01 - Traffic signal',Injury,'05 - Turning movement',downtown,0,cluster3
8654,Weekends,Evening,Road,'01 - Clear','01 - Daylight','01 - Dry','01 - Traffic signal','P.D. only','04 - Sideswipe',mid_town,0,cluster2
8655,Weekends,Night,Road,'01 - Clear','01 - Daylight','01 - Dry','01 - Traffic signal','P.D. only','05 - Turning movement',downtown,0,cluster1
8656,Weekends,Night,Road,'01 - Clear','01 - Daylight','01 - Dry','01 - Traffic signal',Injury,'03 - Rear end',downtown,0,cluster1
8657,Weekends,Evening,Road,'01 - Clear','01 - Daylight','01 - Dry','01 - Traffic signal',Injury,'07 - SMV other',downtown,1,cluster3
8658,Weekends,Mid_Night,Road,'01 - Clear','05 - Dusk','01 - Dry','01 - Traffic signal','P.D. only','04 - Sideswipe',mid_town,0,cluster4
8659,Weekends,Mid_Night,Road,'01 - Clear','07 - Dark','01 - Dry','10 - No control','P.D. only','05 - Turning movement',Ottawa_east,0,cluster4
8660,Weekends,Mid_Night,Road,'01 - Clear','07 - Dark','01 - Dry','10 - No control',Injury,'01 - Approaching',Ottawa_east,0,cluster4
8661,Weekday,Early_Morning,Road,'01 - Clear','07 - Dark','01 - Dry','10 - No control','P.D. only','07 - SMV other',downtown,0,cluster1
8662,Weekday,Early_Morning,Road,'01 - Clear','07 - Dark','01 - Dry','01 - Traffic signal','P.D. only','07 - SMV other',downtown,0,cluster4
8663,Weekday,Noon,Road,'01 - Clear','03 - Dawn','01 - Dry','01 - Traffic signal','P.D. only','07 - SMV other',downtown,0,cluster4
8664,Weekday,Noon,Road,'01 - Clear','01 - Daylight','01 - Dry','10 - No control','P.D. only','07 - SMV other',Ottawa_east,0,cluster1
8665,Weekday,Noon,Road,'01 - Clear','01 - Daylight','01 - Dry','01 - Traffic signal','P.D. only','03 - Rear end',Ottawa_east,0,cluster1
8666,Weekday,Noon,Road,'01 - Clear','01 - Daylight','01 - Dry','01 - Traffic signal','P.D. only','04 - Sideswipe',mid_town,0,cluster2
8667,Weekday,Noon,Road,'01 - Clear','01 - Daylight','01 - Dry','01 - Traffic signal','P.D. only','03 - Rear end',mid_town,0,cluster2
8668,Weekday,Noon,Road,'01 - Clear','01 - Daylight','01 - Dry','02 - Stop sign','P.D. only','02 - Angle',mid_town,0,cluster2
8669,Weekday,Noon,Road,'01 - Clear','01 - Daylight','01 - Dry','03 - Yield sign','P.D. only','04 - Sideswipe',Ottawa_south,0,cluster1
8670,Weekday,Afternoon,Road,'01 - Clear','01 - Daylight','01 - Dry','10 - No control','P.D. only','05 - Turning movement',Ottawa_east,0,cluster1
8671,Weekday,Afternoon,Road,'01 - Clear','01 - Daylight','01 - Dry','01 - Traffic signal','P.D. only','05 - Turning movement',Ottawa_east,0,cluster4
8672,Weekday,Afternoon,Road,'01 - Clear','01 - Daylight','01 - Dry','01 - Traffic signal',Injury,'03 - Rear end',downtown,0,cluster1
8673,Weekday,Afternoon,Road,'01 - Clear','01 - Daylight','01 - Dry','10 - No control','P.D. only','99 - Other',mid_town,0,cluster2
8674,Weekday,Evening,Road,'01 - Clear','01 - Daylight','01 - Dry','10 - No control',Injury,'07 - SMV other',downtown,1,cluster1
8675,Weekday,Evening,Road,'01 - Clear','01 - Daylight','01 - Dry','01 - Traffic signal',Injury,'07 - SMV other',Ottawa_south,1,cluster2
8676,Weekday,Evening,Road,'01 - Clear','01 - Daylight','01 - Dry','01 - Traffic signal',Injury,'07 - SMV other',Ottawa_south,1,cluster2
8677,Weekday,Evening,Road,'01 - Clear','01 - Daylight','01 - Dry','10 - No control','P.D. only','06 - SMV unattended vehicle',mid_town,0,cluster2
8678,Weekday,Evening,Road,'01 - Clear','01 - Daylight','01 - Dry','01 - Traffic signal',Injury,'05 - Turning movement',Ottawa_west,0,cluster2
8679,Weekday,Noon,Road,'01 - Clear','01 - Daylight','01 - Dry','10 - No control','P.D. only','03 - Rear end',downtown,0,cluster1
8680,Weekday,Evening,Road,'01 - Clear','01 - Daylight','01 - Dry','02 - Stop sign','P.D. only','02 - Angle',mid_town,0,cluster2
8681,Weekday,Evening,Road,'01 - Clear','01 - Daylight','01 - Dry','01 - Traffic signal','P.D. only','05 - Turning movement',Ottawa_east,0,cluster2
8682,Weekday,Evening,Road,'01 - Clear','01 - Daylight','01 - Dry','01 - Traffic signal','P.D. only','02 - Angle',downtown,0,cluster1
8683,Weekday,Evening,Road,'01 - Clear','01 - Daylight','01 - Dry','01 - Traffic signal','P.D. only','05 - Turning movement',downtown,0,cluster4
8684,Weekday,Evening,Road,'01 - Clear','01 - Daylight','01 - Dry','01 - Traffic signal','P.D. only','02 - Angle',downtown,0,cluster1
8685,Weekday,Evening,Road,'01 - Clear','01 - Daylight','01 - Dry','01 - Traffic signal','P.D. only','04 - Sideswipe',downtown,0,cluster1
8686,Weekday,Night,Road,'01 - Clear','01 - Daylight','01 - Dry','01 - Traffic signal','P.D. only','04 - Sideswipe',Ottawa_east,0,cluster1
8687,Weekday,Night,Road,'01 - Clear','01 - Daylight','01 - Dry','01 - Traffic signal',Injury,'05 - Turning movement',Ottawa_west,0,cluster1
8688,Weekday,Night,Road,'01 - Clear','01 - Daylight','01 - Dry','01 - Traffic signal','P.D. only','03 - Rear end',downtown,0,cluster1
8689,Weekday,Night,Road,'01 - Clear','01 - Daylight','01 - Dry','10 - No control','P.D. only','05 - Turning movement',downtown,0,cluster1
8690,Weekday,Mid_Night,Road,'01 - Clear','07 - Dark','01 - Dry','10 - No control','P.D. only','05 - Turning movement',downtown,0,cluster4
8691,Weekday,Night,Road,'01 - Clear','01 - Daylight','01 - Dry','01 - Traffic signal','P.D. only','03 - Rear end',mid_town,0,cluster1
8692,Weekday,Night,Road,'01 - Clear','01 - Daylight','01 - Dry','01 - Traffic signal','P.D. only','04 - Sideswipe',downtown,0,cluster1
8693,Weekends,Mid_Night,Road,'01 - Clear','07 - Dark','01 - Dry','01 - Traffic signal','P.D. only','05 - Turning movement',downtown,0,cluster4
8694,Weekday,Night,Road,'01 - Clear','01 - Daylight','01 - Dry','10 - No control','P.D. only','07 - SMV other',Ottawa_west,0,cluster1
8695,Weekday,Night,Road,'01 - Clear','01 - Daylight','01 - Dry','10 - No control','P.D. only','03 - Rear end',mid_town,0,cluster1
8696,Weekday,Night,Road,'01 - Clear','01 - Daylight','01 - Dry','01 - Traffic signal','P.D. only','05 - Turning movement',Ottawa_south,0,cluster1
8697,Weekday,Mid_Night,Road,'01 - Clear','07 - Dark','01 - Dry','10 - No control','P.D. only','07 - SMV other',Ottawa_west,0,cluster4
8698,Weekday,Evening,highway,'01 - Clear','01 - Daylight','01 - Dry','01 - Traffic signal','P.D. only','03 - Rear end',Ottawa_west,0,cluster2
8699,Weekday,Noon,Road,'01 - Clear','01 - Daylight','01 - Dry','01 - Traffic signal','P.D. only','03 - Rear end',Ottawa_east,0,cluster1
8700,Weekday,Mid_Night,Road,'01 - Clear','07 - Dark','01 - Dry','02 - Stop sign',Injury,'07 - SMV other',mid_town,1,cluster4
8701,Weekday,Night,Road,'01 - Clear','01 - Daylight','01 - Dry','10 - No control','P.D. only','04 - Sideswipe',downtown,0,cluster1
8702,Weekday,Night,Road,'01 - Clear','01 - Daylight','01 - Dry','10 - No control','P.D. only','03 - Rear end',downtown,0,cluster1
8703,Weekday,Mid_Night,Road,'01 - Clear','07 - Dark','01 - Dry','10 - No control','P.D. only','07 - SMV other',Ottawa_west,0,cluster4
8704,Weekday,Mid_Night,Road,'01 - Clear','07 - Dark','01 - Dry','10 - No control',Injury,'06 - SMV unattended vehicle',Ottawa_east,0,cluster4
8705,Weekday,Noon,Road,'02 - Rain','07 - Dark','02 - Wet','01 - Traffic signal',Injury,'07 - SMV other',Ottawa_east,1,cluster5
8706,Weekday,Noon,highway,'02 - Rain','01 - Daylight','02 - Wet','02 - Stop sign','P.D. only','05 - Turning movement',downtown,0,cluster5
8707,Weekday,Noon,Road,'02 - Rain','01 - Daylight','02 - Wet','10 - No control','P.D. only','07 - SMV other',Ottawa_south,0,cluster0
8708,Weekday,Noon,Road,'02 - Rain','01 - Daylight','02 - Wet','01 - Traffic signal','P.D. only','03 - Rear end',Ottawa_east,0,cluster5
8709,Weekday,Noon,Road,'02 - Rain','01 - Daylight','02 - Wet','02 - Stop sign','P.D. only','07 - SMV other',downtown,0,cluster5
8710,Weekday,Noon,Road,'02 - Rain','01 - Daylight','02 - Wet','10 - No control','P.D. only','03 - Rear end',downtown,0,cluster1
8711,Weekday,Noon,Road,'02 - Rain','01 - Daylight','02 - Wet','01 - Traffic signal','P.D. only','03 - Rear end',mid_town,0,cluster2
8712,Weekday,Noon,Road,'01 - Clear','01 - Daylight','02 - Wet','10 - No control','P.D. only','04 - Sideswipe',mid_town,0,cluster2
8713,Weekday,Afternoon,Road,'02 - Rain','01 - Daylight','02 - Wet','02 - Stop sign','P.D. only','02 - Angle',mid_town,0,cluster0
8714,Weekday,Evening,Road,'02 - Rain','01 - Daylight','02 - Wet','01 - Traffic signal',Injury,'07 - SMV other',downtown,0,cluster5
8715,Weekday,Afternoon,Road,'02 - Rain','01 - Daylight','02 - Wet','02 - Stop sign','P.D. only','03 - Rear end',downtown,0,cluster1
8716,Weekday,Afternoon,Road,'02 - Rain','01 - Daylight','02 - Wet','10 - No control','P.D. only','05 - Turning movement',downtown,0,cluster1
8717,Weekday,Afternoon,Road,'02 - Rain','01 - Daylight','02 - Wet','01 - Traffic signal','P.D. only','03 - Rear end',mid_town,0,cluster2
8718,Weekday,Afternoon,Road,'02 - Rain','01 - Daylight','02 - Wet','10 - No control','P.D. only','03 - Rear end',mid_town,0,cluster2
8719,Weekday,Afternoon,Road,'02 - Rain','01 - Daylight','02 - Wet','02 - Stop sign','P.D. only','03 - Rear end',Ottawa_west,0,cluster1
8720,Weekday,Night,Road,'01 - Clear','01 - Daylight','01 - Dry','01 - Traffic signal','P.D. only','03 - Rear end',mid_town,0,cluster1
8721,Weekday,Noon,Road,'01 - Clear','01 - Daylight','01 - Dry','01 - Traffic signal','P.D. only','03 - Rear end',downtown,0,cluster1
8722,Weekday,Afternoon,Road,'01 - Clear','01 - Daylight','01 - Dry','10 - No control',Injury,'07 - SMV other',downtown,0,cluster1
8723,Weekday,Mid_Night,Road,'01 - Clear','00 - Unknown','01 - Dry','02 - Stop sign','P.D. only','07 - SMV other',Ottawa_east,0,cluster4
8724,Weekday,Night,Road,'02 - Rain','01 - Daylight','02 - Wet','10 - No control','P.D. only','03 - Rear end',mid_town,0,cluster1
8725,Weekday,Evening,Road,'01 - Clear','01 - Daylight','01 - Dry','10 - No control','P.D. only','03 - Rear end',Ottawa_south,0,cluster2
8726,Weekday,Noon,Road,'01 - Clear','01 - Daylight','01 - Dry','10 - No control','P.D. only','02 - Angle',mid_town,0,cluster2
8727,Weekday,Noon,Road,'01 - Clear','01 - Daylight','01 - Dry','10 - No control','P.D. only','01 - Approaching',Ottawa_south,0,cluster1
8728,Weekday,Evening,Road,'01 - Clear','01 - Daylight','01 - Dry','01 - Traffic signal','P.D. only','03 - Rear end',Ottawa_west,0,cluster2
8729,Weekday,Night,Road,'02 - Rain','01 - Daylight','02 - Wet','01 - Traffic signal','P.D. only','03 - Rear end',mid_town,0,cluster5
8730,Weekday,Afternoon,Road,'01 - Clear','01 - Daylight','01 - Dry','10 - No control',Injury,'07 - SMV other',Ottawa_west,0,cluster1
8731,Weekday,Noon,Road,'01 - Clear','01 - Daylight','01 - Dry','01 - Traffic signal','P.D. only','02 - Angle',downtown,0,cluster1
8732,Weekday,Evening,Road,'01 - Clear','01 - Daylight','01 - Dry','01 - Traffic signal',Injury,'07 - SMV other',Ottawa_west,1,cluster2
8733,Weekday,Night,Road,'02 - Rain','01 - Daylight','02 - Wet','10 - No control','P.D. only','03 - Rear end',mid_town,0,cluster1
8734,Weekday,Afternoon,Road,'01 - Clear','01 - Daylight','01 - Dry','10 - No control','P.D. only','06 - SMV unattended vehicle',downtown,0,cluster1
8735,Weekday,Afternoon,Road,'01 - Clear','01 - Daylight','01 - Dry','10 - No control','P.D. only','07 - SMV other',downtown,0,cluster1
8736,Weekday,Evening,Road,'01 - Clear','01 - Daylight','01 - Dry','10 - No control','P.D. only','04 - Sideswipe',Ottawa_west,0,cluster2
8737,Weekday,Evening,Road,'01 - Clear','01 - Daylight','01 - Dry','01 - Traffic signal','P.D. only','04 - Sideswipe',mid_town,0,cluster2
8738,Weekday,Evening,Road,'01 - Clear','01 - Daylight','01 - Dry','10 - No control','P.D. only','06 - SMV unattended vehicle',Ottawa_south,0,cluster2
8739,Weekday,Night,Road,'01 - Clear','01 - Daylight','01 - Dry','01 - Traffic signal','P.D. only','03 - Rear end',downtown,0,cluster1
8740,Weekday,Night,Road,'01 - Clear','01 - Daylight','01 - Dry','01 - Traffic signal',Injury,'03 - Rear end',mid_town,0,cluster1
8741,Weekday,Night,Road,'01 - Clear','01 - Daylight','01 - Dry','01 - Traffic signal',Injury,'03 - Rear end',mid_town,0,cluster1
8742,Weekday,Night,Road,'01 - Clear','01 - Daylight','01 - Dry','02 - Stop sign','P.D. only','03 - Rear end',mid_town,0,cluster1
8743,Weekday,Evening,Road,'01 - Clear','01 - Daylight','01 - Dry','10 - No control','P.D. only','03 - Rear end',mid_town,0,cluster2
8744,Weekday,Night,Road,'01 - Clear','01 - Daylight','01 - Dry','01 - Traffic signal','P.D. only','02 - Angle',Ottawa_west,0,cluster1
8745,Weekday,Mid_Night,Road,'01 - Clear','07 - Dark','01 - Dry','10 - No control','P.D. only','99 - Other',mid_town,0,cluster2
8746,Weekday,Mid_Night,Road,'01 - Clear','07 - Dark','01 - Dry','10 - No control','P.D. only','07 - SMV other',Ottawa_west,0,cluster4
8747,Weekends,Early_Morning,Road,'01 - Clear','07 - Dark','01 - Dry','10 - No control','P.D. only','07 - SMV other',mid_town,0,cluster2
8748,Weekends,Early_Morning,Road,'01 - Clear','07 - Dark','01 - Dry','10 - No control',Injury,'04 - Sideswipe',downtown,0,cluster1
8749,Weekends,Noon,Road,'01 - Clear','01 - Daylight','01 - Dry','10 - No control','P.D. only','02 - Angle',mid_town,0,cluster2
8750,Weekends,Noon,Road,'01 - Clear','01 - Daylight','01 - Dry','01 - Traffic signal','P.D. only','03 - Rear end',Ottawa_east,0,cluster1
8751,Weekends,Afternoon,Road,'01 - Clear','01 - Daylight','01 - Dry','10 - No control','P.D. only','05 - Turning movement',mid_town,0,cluster2
8752,Weekends,Afternoon,Road,'01 - Clear','01 - Daylight','01 - Dry','10 - No control','P.D. only','04 - Sideswipe',mid_town,0,cluster2
8753,Weekday,Mid_Night,Road,'01 - Clear','05 - Dusk','01 - Dry','10 - No control','P.D. only','03 - Rear end',mid_town,0,cluster2
8754,Weekends,Evening,Road,'01 - Clear','01 - Daylight','01 - Dry','01 - Traffic signal',Injury,'03 - Rear end',Ottawa_south,0,cluster2
8755,Weekday,Mid_Night,Road,'01 - Clear','01 - Daylight','01 - Dry','10 - No control','P.D. only','06 - SMV unattended vehicle',downtown,0,cluster1
8756,Weekends,Evening,Road,'01 - Clear','01 - Daylight','01 - Dry','10 - No control','P.D. only','02 - Angle',downtown,0,cluster3
8757,Weekday,Afternoon,Road,'01 - Clear','01 - Daylight','01 - Dry','10 - No control','P.D. only','02 - Angle',mid_town,0,cluster2
8758,Weekends,Night,Road,'01 - Clear','01 - Daylight','01 - Dry','10 - No control',Injury,'02 - Angle',Ottawa_east,0,cluster1
8759,Weekends,Night,Road,'01 - Clear','01 - Daylight','01 - Dry','03 - Yield sign','P.D. only','04 - Sideswipe',Ottawa_south,0,cluster1
8760,Weekends,Night,Road,'01 - Clear','01 - Daylight','01 - Dry','01 - Traffic signal',Injury,'03 - Rear end',mid_town,0,cluster1
8761,Weekends,Mid_Night,Road,'01 - Clear','05 - Dusk','01 - Dry','10 - No control','P.D. only','04 - Sideswipe',Ottawa_west,0,cluster1
8762,Weekends,Mid_Night,Road,'01 - Clear','05 - Dusk','01 - Dry','01 - Traffic signal','P.D. only','05 - Turning movement',Ottawa_east,0,cluster4
8763,Weekends,Mid_Night,Road,'01 - Clear','07 - Dark','01 - Dry','01 - Traffic signal',Injury,'02 - Angle',Ottawa_east,0,cluster4
8764,Weekends,Mid_Night,Road,'01 - Clear','07 - Dark','01 - Dry','01 - Traffic signal',Injury,'02 - Angle',mid_town,0,cluster4
8765,Weekends,Mid_Night,highway,'01 - Clear','07 - Dark','01 - Dry','10 - No control','P.D. only','04 - Sideswipe',mid_town,0,cluster2
8766,Weekends,Noon,Road,'01 - Clear','01 - Daylight','01 - Dry','01 - Traffic signal',Injury,'02 - Angle',downtown,0,cluster1
8767,Weekends,Noon,Road,'01 - Clear','01 - Daylight','01 - Dry','10 - No control','P.D. only','07 - SMV other',Ottawa_south,0,cluster1
8768,Weekends,Evening,Road,'01 - Clear','01 - Daylight','01 - Dry','01 - Traffic signal','P.D. only','02 - Angle',downtown,0,cluster3
8769,Weekends,Evening,Road,'01 - Clear','01 - Daylight','01 - Dry','01 - Traffic signal','P.D. only','05 - Turning movement',mid_town,0,cluster2
8770,Weekends,Evening,Road,'01 - Clear','01 - Daylight','01 - Dry','10 - No control','P.D. only','07 - SMV other',mid_town,0,cluster2
8771,Weekends,Evening,Road,'01 - Clear','01 - Daylight','01 - Dry','10 - No control',Injury,'03 - Rear end',mid_town,0,cluster2
8772,Weekends,Evening,Road,'01 - Clear','01 - Daylight','01 - Dry','01 - Traffic signal','P.D. only','03 - Rear end',downtown,0,cluster3
8773,Weekends,Night,Road,'01 - Clear','01 - Daylight','01 - Dry','10 - No control','P.D. only','02 - Angle',mid_town,0,cluster1
8774,Weekends,Night,Road,'01 - Clear','01 - Daylight','01 - Dry','10 - No control',Injury,'07 - SMV other',Ottawa_south,0,cluster1
8775,Weekends,Night,Road,'01 - Clear','01 - Daylight','01 - Dry','10 - No control','P.D. only','03 - Rear end',Ottawa_south,0,cluster1
8776,Weekends,Night,Road,'01 - Clear','01 - Daylight','01 - Dry','01 - Traffic signal','P.D. only','03 - Rear end',downtown,0,cluster1
8777,Weekends,Evening,Road,'01 - Clear','01 - Daylight','01 - Dry','10 - No control','P.D. only','06 - SMV unattended vehicle',Ottawa_east,0,cluster2
8778,Weekends,Evening,Road,'01 - Clear','01 - Daylight','01 - Dry','10 - No control','P.D. only','06 - SMV unattended vehicle',Ottawa_west,0,cluster2
8779,Weekends,Mid_Night,Road,'01 - Clear','05 - Dusk','01 - Dry','10 - No control',Injury,'07 - SMV other',mid_town,1,cluster2
8780,Weekends,Mid_Night,Road,'02 - Rain','07 - Dark','02 - Wet','02 - Stop sign','P.D. only','07 - SMV other',Ottawa_east,0,cluster3
8781,Weekday,Noon,Road,'01 - Clear','01 - Daylight','01 - Dry','01 - Traffic signal','P.D. only','99 - Other',Ottawa_west,0,cluster1
8782,Weekday,Noon,Road,'01 - Clear','01 - Daylight','01 - Dry','02 - Stop sign','P.D. only','05 - Turning movement',Ottawa_south,0,cluster1
8783,Weekday,Noon,Road,'01 - Clear','01 - Daylight','01 - Dry','10 - No control','P.D. only','06 - SMV unattended vehicle',mid_town,0,cluster2
8784,Weekday,Noon,Road,'01 - Clear','01 - Daylight','01 - Dry','10 - No control','P.D. only','04 - Sideswipe',mid_town,0,cluster2
8785,Weekday,Noon,Road,'01 - Clear','01 - Daylight','01 - Dry','10 - No control',Injury,'03 - Rear end',Ottawa_west,0,cluster1
8786,Weekday,Evening,Road,'01 - Clear','01 - Daylight','01 - Dry','01 - Traffic signal','P.D. only','03 - Rear end',downtown,0,cluster1
8787,Weekday,Evening,Road,'01 - Clear','01 - Daylight','01 - Dry','10 - No control',Injury,'07 - SMV other',Ottawa_west,0,cluster2
8788,Weekday,Evening,Road,'01 - Clear','01 - Daylight','01 - Dry','10 - No control',Injury,'07 - SMV other',mid_town,0,cluster2
8789,Weekday,Evening,Road,'01 - Clear','01 - Daylight','01 - Dry','09 - Traffic controller','P.D. only','03 - Rear end',mid_town,0,cluster2
8790,Weekday,Evening,Road,'01 - Clear','01 - Daylight','01 - Dry','01 - Traffic signal','P.D. only','07 - SMV other',Ottawa_east,0,cluster2
8791,Weekends,Mid_Night,Road,'01 - Clear','01 - Daylight','01 - Dry','10 - No control','P.D. only','06 - SMV unattended vehicle',downtown,0,cluster1
8792,Weekday,Evening,Road,'01 - Clear','01 - Daylight','01 - Dry','01 - Traffic signal','P.D. only','05 - Turning movement',downtown,0,cluster4
8793,Weekday,Night,Road,'01 - Clear','01 - Daylight','01 - Dry','10 - No control','P.D. only','03 - Rear end',Ottawa_east,0,cluster1
8794,Weekday,Night,Road,'01 - Clear','01 - Daylight','01 - Dry','10 - No control','P.D. only','02 - Angle',downtown,0,cluster1
8795,Weekday,Night,Road,'01 - Clear','01 - Daylight','01 - Dry','10 - No control',Injury,'03 - Rear end',Ottawa_east,0,cluster1
8796,Weekday,Night,Road,'01 - Clear','01 - Daylight','01 - Dry','01 - Traffic signal',Injury,'07 - SMV other',mid_town,1,cluster5
8797,Weekday,Night,Road,'01 - Clear','01 - Daylight','01 - Dry','01 - Traffic signal','P.D. only','02 - Angle',mid_town,0,cluster1
8798,Weekday,Night,Road,'01 - Clear','01 - Daylight','01 - Dry','02 - Stop sign','P.D. only','03 - Rear end',mid_town,0,cluster1
8799,Weekday,Night,Road,'01 - Clear','01 - Daylight','01 - Dry','01 - Traffic signal','P.D. only','05 - Turning movement',mid_town,0,cluster1
8800,Weekday,Night,Road,'01 - Clear','01 - Daylight','01 - Dry','10 - No control',Injury,'03 - Rear end',downtown,0,cluster1
8801,Weekday,Night,Road,'01 - Clear','01 - Daylight','01 - Dry','02 - Stop sign','P.D. only','03 - Rear end',Ottawa_west,0,cluster1
8802,Weekday,Night,highway,'01 - Clear','01 - Daylight','01 - Dry','10 - No control',Injury,'03 - Rear end',downtown,0,cluster1
8803,Weekday,Afternoon,Road,'01 - Clear','01 - Daylight','01 - Dry','10 - No control','P.D. only','04 - Sideswipe',mid_town,0,cluster2
8804,Weekday,Afternoon,Road,'01 - Clear','01 - Daylight','01 - Dry','01 - Traffic signal','P.D. only','03 - Rear end',downtown,0,cluster1
8805,Weekday,Afternoon,Road,'01 - Clear','01 - Daylight','01 - Dry','01 - Traffic signal','P.D. only','03 - Rear end',mid_town,0,cluster2
8806,Weekday,Noon,Road,'01 - Clear','01 - Daylight','01 - Dry','01 - Traffic signal','P.D. only','03 - Rear end',downtown,0,cluster1
8807,Weekday,Afternoon,Road,'01 - Clear','01 - Daylight','01 - Dry','10 - No control','P.D. only','07 - SMV other',Ottawa_west,0,cluster1
8808,Weekday,Evening,Road,'01 - Clear','01 - Daylight','01 - Dry','01 - Traffic signal',Injury,'02 - Angle',Ottawa_east,0,cluster2
8809,Weekday,Afternoon,Road,'01 - Clear','01 - Daylight','01 - Dry','02 - Stop sign',Injury,'07 - SMV other',Ottawa_west,0,cluster1
8810,Weekday,Evening,highway,'01 - Clear','01 - Daylight','01 - Dry','10 - No control','P.D. only','03 - Rear end',downtown,0,cluster1
8811,Weekday,Night,Road,'01 - Clear','01 - Daylight','01 - Dry','02 - Stop sign',Injury,'02 - Angle',downtown,0,cluster1