Instance_number,DATE,TIME,Road_type,ENVIRONMENT,LIGHT,SURFACE_CONDITION,TRAFFIC_CONTROL,COLLISION_CLASSIFICATION,IMPACT_TYPE,Location,NO_OF_PEDESTRIANS,Cluster
11442,Weekday,Night,Road,'01 - Clear','07 - Dark','01 - Dry','02 - Stop sign','P.D. only','05 - Turning movement',Ottawa_west,0,cluster4
11443,Weekday,Noon,Road,'01 - Clear','01 - Daylight','02 - Wet','01 - Traffic signal','P.D. only','05 - Turning movement',downtown,0,cluster5
11444,Weekday,Night,Road,'01 - Clear','07 - Dark','01 - Dry','01 - Traffic signal','P.D. only','03 - Rear end',mid_town,0,cluster1
11445,Weekday,Morning,Road,'01 - Clear','07 - Dark','01 - Dry','10 - No control','P.D. only','07 - SMV other',Ottawa_west,0,cluster1
11446,Weekday,Noon,Road,'01 - Clear','01 - Daylight','01 - Dry','02 - Stop sign','P.D. only','03 - Rear end',downtown,0,cluster1
11447,Weekday,Noon,Road,'01 - Clear','01 - Daylight','01 - Dry','02 - Stop sign',Injury,'03 - Rear end',Ottawa_east,0,cluster1
11448,Weekday,Afternoon,Road,'01 - Clear','01 - Daylight','01 - Dry','10 - No control','P.D. only','99 - Other',mid_town,0,cluster2
11449,Weekends,Evening,Road,'03 - Snow','01 - Daylight','06 - Ice','01 - Traffic signal',Injury,'02 - Angle',downtown,0,cluster3
11450,Weekday,Night,Road,'02 - Rain','01 - Daylight','02 - Wet','10 - No control','P.D. only','04 - Sideswipe',downtown,0,cluster1
11451,Weekday,Evening,highway,'01 - Clear','01 - Daylight','01 - Dry','10 - No control','P.D. only','04 - Sideswipe',mid_town,0,cluster2
11452,Weekends,Evening,Road,'03 - Snow','01 - Daylight','05 - Packed snow','10 - No control','P.D. only','03 - Rear end',downtown,0,cluster3
11453,Weekends,Mid_Night,Road,'01 - Clear','07 - Dark','01 - Dry','02 - Stop sign','P.D. only','04 - Sideswipe',downtown,0,cluster4
11454,Weekday,Mid_Night,Road,'01 - Clear','07 - Dark','02 - Wet','02 - Stop sign','P.D. only','02 - Angle',mid_town,0,cluster4
11455,Weekday,Evening,Road,'01 - Clear','01 - Daylight','01 - Dry','01 - Traffic signal',Injury,'03 - Rear end',downtown,0,cluster1
11456,Weekday,Night,Road,'01 - Clear','05 - Dusk','01 - Dry','02 - Stop sign','P.D. only','02 - Angle',Ottawa_south,0,cluster1
11457,Weekends,Evening,Road,'03 - Snow','01 - Daylight','06 - Ice','01 - Traffic signal','P.D. only','02 - Angle',Ottawa_west,0,cluster0
11458,Weekday,Mid_Night,Road,'01 - Clear','07 - Dark','02 - Wet','01 - Traffic signal','P.D. only','03 - Rear end',mid_town,0,cluster4
11459,Weekends,Early_Morning,Road,'03 - Snow','07 - Dark','02 - Wet','10 - No control','P.D. only','06 - SMV unattended vehicle',downtown,0,cluster3
11460,Weekends,Early_Morning,Road,'01 - Clear','07 - Dark','01 - Dry','01 - Traffic signal','P.D. only','02 - Angle',downtown,0,cluster4
11461,Weekday,Night,Road,'01 - Clear','05 - Dusk','06 - Ice','10 - No control','P.D. only','06 - SMV unattended vehicle',Ottawa_south,0,cluster1
11462,Weekends,Evening,Road,'01 - Clear','01 - Daylight','02 - Wet','01 - Traffic signal','P.D. only','04 - Sideswipe',downtown,0,cluster3
11463,Weekday,Night,Road,'01 - Clear','01 - Daylight','02 - Wet','01 - Traffic signal','P.D. only','05 - Turning movement',Ottawa_west,0,cluster5
11464,Weekends,Evening,highway,'03 - Snow','01 - Daylight','05 - Packed snow','10 - No control','P.D. only','03 - Rear end',downtown,0,cluster3
11465,Weekday,Night,Road,'01 - Clear','07 - Dark','01 - Dry','10 - No control','P.D. only','04 - Sideswipe',downtown,0,cluster1
11466,Weekday,Night,highway,'01 - Clear','07 - Dark','01 - Dry','10 - No control',Injury,'03 - Rear end',mid_town,0,cluster1
11467,Weekday,Night,Road,'01 - Clear','07 - Dark','01 - Dry','02 - Stop sign','P.D. only','02 - Angle',mid_town,0,cluster1
11468,Weekday,Evening,Road,'01 - Clear','01 - Daylight','01 - Dry','10 - No control','P.D. only','04 - Sideswipe',downtown,0,cluster1
11469,Weekends,Evening,Road,'03 - Snow','01 - Daylight','03 - Loose snow','10 - No control','P.D. only','07 - SMV other',Ottawa_west,0,cluster0
11470,Weekends,Noon,Road,'03 - Snow','01 - Daylight','04 - Slush','01 - Traffic signal','P.D. only','02 - Angle',downtown,0,cluster3
11471,Weekday,Evening,Road,'01 - Clear','01 - Daylight','01 - Dry','10 - No control','P.D. only','06 - SMV unattended vehicle',downtown,0,cluster1
11472,Weekday,Mid_Night,Road,'01 - Clear','07 - Dark','01 - Dry','10 - No control','P.D. only','07 - SMV other',Ottawa_east,0,cluster4
11473,Weekday,Noon,Road,'01 - Clear','07 - Dark','06 - Ice','01 - Traffic signal','P.D. only','03 - Rear end',mid_town,0,cluster2
11474,Weekday,Mid_Night,Road,'02 - Rain','07 - Dark','02 - Wet','02 - Stop sign','P.D. only','07 - SMV other',downtown,0,cluster4
11475,Weekends,Evening,Road,'03 - Snow','01 - Daylight','06 - Ice','02 - Stop sign','P.D. only','07 - SMV other',mid_town,0,cluster0
11476,Weekday,Night,Road,'01 - Clear','07 - Dark','01 - Dry','10 - No control','P.D. only','03 - Rear end',mid_town,0,cluster1
11477,Weekday,Evening,Road,'01 - Clear','01 - Daylight','01 - Dry','01 - Traffic signal','P.D. only','03 - Rear end',Ottawa_east,0,cluster2
11478,Weekday,Evening,Road,'01 - Clear','01 - Daylight','01 - Dry','10 - No control','P.D. only','06 - SMV unattended vehicle',Ottawa_east,0,cluster2
11479,Weekday,Night,Road,'01 - Clear','05 - Dusk','01 - Dry','10 - No control','P.D. only','03 - Rear end',Ottawa_east,0,cluster1
11480,Weekday,Mid_Night,Road,'01 - Clear','07 - Dark','02 - Wet','02 - Stop sign','P.D. only','02 - Angle',mid_town,0,cluster4
11481,Weekday,Mid_Night,Road,'06 - Strong wind','07 - Dark','02 - Wet','01 - Traffic signal','P.D. only','02 - Angle',downtown,0,cluster4
11482,Weekday,Mid_Night,Road,'02 - Rain','07 - Dark','02 - Wet','10 - No control','P.D. only','07 - SMV other',mid_town,0,cluster0
11483,Weekday,Mid_Night,Road,'05 - Drifting Snow','07 - Dark','06 - Ice','10 - No control','P.D. only','07 - SMV other',Ottawa_west,0,cluster0
11484,Weekday,Early_Morning,Road,'02 - Rain','07 - Dark','02 - Wet','10 - No control','P.D. only','07 - SMV other',downtown,0,cluster5
11485,Weekday,Noon,Road,'01 - Clear','03 - Dawn','01 - Dry','10 - No control','P.D. only','07 - SMV other',Ottawa_east,0,cluster1
11486,Weekday,Noon,Road,'01 - Clear','03 - Dawn','01 - Dry','08 - Traffic gate','P.D. only','03 - Rear end',mid_town,0,cluster2
11487,Weekday,Noon,Road,'01 - Clear','01 - Daylight','01 - Dry','10 - No control','P.D. only','99 - Other',Ottawa_west,0,cluster1
11488,Weekday,Noon,Road,'01 - Clear','01 - Daylight','01 - Dry','10 - No control','P.D. only','03 - Rear end',mid_town,0,cluster2
11489,Weekday,Afternoon,Road,'01 - Clear','01 - Daylight','01 - Dry','10 - No control','P.D. only','03 - Rear end',Ottawa_west,0,cluster1
11490,Weekday,Afternoon,Road,'01 - Clear','01 - Daylight','01 - Dry','10 - No control','P.D. only','03 - Rear end',downtown,0,cluster1
11491,Weekday,Afternoon,Road,'01 - Clear','01 - Daylight','01 - Dry','02 - Stop sign','P.D. only','02 - Angle',downtown,0,cluster1
11492,Weekday,Mid_Night,Road,'06 - Strong wind','00 - Unknown','01 - Dry','10 - No control','P.D. only','06 - SMV unattended vehicle',mid_town,0,cluster2
11493,Weekday,Afternoon,highway,'01 - Clear','01 - Daylight','01 - Dry','01 - Traffic signal','P.D. only','05 - Turning movement',downtown,0,cluster4
11494,Weekday,Evening,Road,'01 - Clear','01 - Daylight','01 - Dry','02 - Stop sign','P.D. only','02 - Angle',downtown,0,cluster1
11495,Weekday,Noon,Road,'01 - Clear','01 - Daylight','01 - Dry','01 - Traffic signal','P.D. only','03 - Rear end',downtown,0,cluster1
11496,Weekday,Evening,Road,'01 - Clear','01 - Daylight','01 - Dry','01 - Traffic signal',Injury,'02 - Angle',downtown,0,cluster1
11497,Weekday,Night,Road,'01 - Clear','01 - Daylight','01 - Dry','01 - Traffic signal','P.D. only','05 - Turning movement',downtown,0,cluster1
11498,Weekday,Afternoon,Road,'01 - Clear','01 - Daylight','01 - Dry','02 - Stop sign','P.D. only','03 - Rear end',Ottawa_east,0,cluster1
11499,Weekday,Night,Road,'01 - Clear','01 - Daylight','01 - Dry','01 - Traffic signal','P.D. only','05 - Turning movement',mid_town,0,cluster1
11500,Weekday,Night,Road,'01 - Clear','01 - Daylight','01 - Dry','10 - No control','P.D. only','04 - Sideswipe',Ottawa_west,0,cluster1
11501,Weekday,Night,Road,'01 - Clear','01 - Daylight','01 - Dry','01 - Traffic signal','P.D. only','03 - Rear end',downtown,0,cluster1
11502,Weekday,Night,Road,'01 - Clear','01 - Daylight','01 - Dry','10 - No control','P.D. only','06 - SMV unattended vehicle',Ottawa_west,0,cluster1
11503,Weekday,Night,Road,'01 - Clear','01 - Daylight','01 - Dry','01 - Traffic signal','P.D. only','02 - Angle',downtown,0,cluster1
11504,Weekday,Noon,Road,'01 - Clear','03 - Dawn','01 - Dry','01 - Traffic signal','P.D. only','03 - Rear end',Ottawa_west,0,cluster1
11505,Weekday,Night,Road,'01 - Clear','01 - Daylight','01 - Dry','01 - Traffic signal','P.D. only','03 - Rear end',mid_town,0,cluster1
11506,Weekday,Night,Road,'01 - Clear','07 - Dark','01 - Dry','10 - No control',Injury,'07 - SMV other',mid_town,1,cluster1
11507,Weekday,Night,Road,'01 - Clear','07 - Dark','01 - Dry','10 - No control','P.D. only','01 - Approaching',Ottawa_east,0,cluster1
11508,Weekday,Night,Road,'01 - Clear','07 - Dark','01 - Dry','10 - No control',Injury,'05 - Turning movement',Ottawa_west,0,cluster1
11509,Weekday,Night,Road,'01 - Clear','07 - Dark','01 - Dry','10 - No control','P.D. only','05 - Turning movement',downtown,0,cluster1
11510,Weekday,Night,Road,'01 - Clear','05 - Dusk','01 - Dry','10 - No control','P.D. only','02 - Angle',mid_town,0,cluster1
11511,Weekday,Night,Road,'01 - Clear','07 - Dark','01 - Dry','10 - No control','P.D. only','07 - SMV other',mid_town,0,cluster1
11512,Weekday,Night,Road,'01 - Clear','07 - Dark','01 - Dry','10 - No control','P.D. only','07 - SMV other',Ottawa_west,0,cluster1
11513,Weekday,Night,Road,'01 - Clear','07 - Dark','01 - Dry','01 - Traffic signal','P.D. only','05 - Turning movement',mid_town,0,cluster4
11514,Weekday,Night,Road,'01 - Clear','07 - Dark','01 - Dry','10 - No control','P.D. only','07 - SMV other',Ottawa_west,0,cluster1
11515,Weekday,Night,Road,'01 - Clear','07 - Dark','01 - Dry','10 - No control','P.D. only','07 - SMV other',Ottawa_west,0,cluster1
11516,Weekday,Mid_Night,Road,'01 - Clear','07 - Dark','01 - Dry','10 - No control','P.D. only','02 - Angle',downtown,0,cluster4
11517,Weekday,Evening,Road,'01 - Clear','01 - Daylight','01 - Dry','10 - No control','P.D. only','04 - Sideswipe',mid_town,0,cluster2
11518,Weekday,Mid_Night,Road,'01 - Clear','07 - Dark','01 - Dry','01 - Traffic signal','P.D. only','02 - Angle',mid_town,0,cluster4
11519,Weekday,Early_Morning,Road,'01 - Clear','07 - Dark','01 - Dry','10 - No control',Injury,'07 - SMV other',Ottawa_east,0,cluster1
11520,Weekday,Noon,Road,'01 - Clear','01 - Daylight','01 - Dry','10 - No control','P.D. only','04 - Sideswipe',downtown,0,cluster1
11521,Weekday,Noon,Road,'01 - Clear','01 - Daylight','01 - Dry','10 - No control',Injury,'02 - Angle',downtown,0,cluster1
11522,Weekday,Noon,Road,'01 - Clear','01 - Daylight','01 - Dry','10 - No control',Injury,'01 - Approaching',Ottawa_east,0,cluster1
11523,Weekday,Evening,Road,'01 - Clear','01 - Daylight','01 - Dry','01 - Traffic signal','P.D. only','03 - Rear end',downtown,0,cluster1
11524,Weekday,Noon,Road,'01 - Clear','01 - Daylight','01 - Dry','01 - Traffic signal',Injury,'07 - SMV other',downtown,1,cluster5
11525,Weekday,Afternoon,Road,'01 - Clear','01 - Daylight','01 - Dry','10 - No control','P.D. only','03 - Rear end',downtown,0,cluster1
11526,Weekday,Noon,Road,'01 - Clear','01 - Daylight','01 - Dry','01 - Traffic signal','P.D. only','03 - Rear end',downtown,0,cluster1
11527,Weekday,Night,Road,'01 - Clear','07 - Dark','01 - Dry','10 - No control','P.D. only','03 - Rear end',downtown,0,cluster1
11528,Weekday,Afternoon,Road,'01 - Clear','01 - Daylight','01 - Dry','01 - Traffic signal','P.D. only','05 - Turning movement',downtown,0,cluster4
11529,Weekday,Noon,Road,'01 - Clear','01 - Daylight','01 - Dry','01 - Traffic signal','P.D. only','05 - Turning movement',downtown,0,cluster4
11530,Weekday,Noon,Road,'01 - Clear','01 - Daylight','01 - Dry','10 - No control','P.D. only','05 - Turning movement',Ottawa_south,0,cluster1
11531,Weekday,Evening,Road,'01 - Clear','01 - Daylight','01 - Dry','10 - No control',Injury,'07 - SMV other',Ottawa_east,0,cluster2
11532,Weekday,Evening,Road,'01 - Clear','01 - Daylight','01 - Dry','10 - No control',Injury,'07 - SMV other',Ottawa_east,0,cluster2
11533,Weekday,Evening,Road,'01 - Clear','01 - Daylight','01 - Dry','10 - No control','P.D. only','03 - Rear end',downtown,0,cluster1
11534,Weekday,Evening,Road,'01 - Clear','01 - Daylight','01 - Dry','10 - No control','P.D. only','03 - Rear end',downtown,0,cluster1
11535,Weekday,Evening,highway,'01 - Clear','01 - Daylight','01 - Dry','10 - No control',Injury,'03 - Rear end',downtown,0,cluster1
11536,Weekday,Evening,Road,'01 - Clear','01 - Daylight','01 - Dry','01 - Traffic signal','P.D. only','02 - Angle',mid_town,0,cluster2
11537,Weekday,Evening,Road,'01 - Clear','01 - Daylight','01 - Dry','10 - No control','P.D. only','02 - Angle',downtown,0,cluster1
11538,Weekday,Evening,Road,'01 - Clear','01 - Daylight','01 - Dry','10 - No control','P.D. only','04 - Sideswipe',Ottawa_east,0,cluster2
11539,Weekday,Evening,Road,'01 - Clear','01 - Daylight','01 - Dry','01 - Traffic signal','P.D. only','05 - Turning movement',Ottawa_south,0,cluster2
11540,Weekday,Evening,highway,'01 - Clear','01 - Daylight','01 - Dry','10 - No control','P.D. only','03 - Rear end',downtown,0,cluster1
11541,Weekday,Evening,Road,'01 - Clear','01 - Daylight','01 - Dry','01 - Traffic signal','P.D. only','07 - SMV other',downtown,0,cluster5
11542,Weekday,Night,Road,'01 - Clear','01 - Daylight','01 - Dry','10 - No control','P.D. only','03 - Rear end',downtown,0,cluster1
11543,Weekday,Night,Road,'01 - Clear','01 - Daylight','01 - Dry','10 - No control','P.D. only','03 - Rear end',Ottawa_south,0,cluster1
11544,Weekday,Night,Road,'01 - Clear','01 - Daylight','01 - Dry','10 - No control',Injury,'07 - SMV other',downtown,1,cluster1
11545,Weekday,Night,Road,'01 - Clear','01 - Daylight','01 - Dry','02 - Stop sign',Injury,'05 - Turning movement',Ottawa_west,0,cluster1
11546,Weekday,Night,Road,'01 - Clear','05 - Dusk','01 - Dry','01 - Traffic signal',Injury,'05 - Turning movement',Ottawa_south,0,cluster4
11547,Weekday,Night,Road,'01 - Clear','07 - Dark','01 - Dry','10 - No control','P.D. only','07 - SMV other',mid_town,0,cluster1
11548,Weekday,Night,Road,'01 - Clear','05 - Dusk','01 - Dry','10 - No control','P.D. only','03 - Rear end',downtown,0,cluster1
11549,Weekday,Night,Road,'01 - Clear','07 - Dark','01 - Dry','10 - No control','P.D. only','06 - SMV unattended vehicle',Ottawa_west,0,cluster1
11550,Weekday,Evening,Road,'01 - Clear','01 - Daylight','01 - Dry','01 - Traffic signal','P.D. only','03 - Rear end',mid_town,0,cluster2
11551,Weekday,Night,Road,'01 - Clear','07 - Dark','01 - Dry','10 - No control','P.D. only','03 - Rear end',downtown,0,cluster1
11552,Weekday,Night,Road,'01 - Clear','07 - Dark','01 - Dry','02 - Stop sign','P.D. only','05 - Turning movement',downtown,0,cluster4
11553,Weekday,Night,Road,'01 - Clear','07 - Dark','01 - Dry','02 - Stop sign','P.D. only','02 - Angle',downtown,0,cluster1
11554,Weekday,Night,Road,'01 - Clear','07 - Dark','01 - Dry','10 - No control','P.D. only','03 - Rear end',Ottawa_east,0,cluster1
11555,Weekday,Night,Road,'01 - Clear','07 - Dark','01 - Dry','02 - Stop sign','P.D. only','03 - Rear end',mid_town,0,cluster1
11556,Weekday,Mid_Night,Road,'01 - Clear','07 - Dark','01 - Dry','02 - Stop sign',Injury,'02 - Angle',mid_town,0,cluster4
11557,Weekday,Mid_Night,Road,'01 - Clear','07 - Dark','01 - Dry','01 - Traffic signal','P.D. only','05 - Turning movement',Ottawa_west,0,cluster4
11558,Weekday,Noon,Road,'01 - Clear','03 - Dawn','01 - Dry','01 - Traffic signal','P.D. only','04 - Sideswipe',mid_town,0,cluster2
11559,Weekday,Noon,Road,'01 - Clear','03 - Dawn','01 - Dry','01 - Traffic signal','P.D. only','03 - Rear end',mid_town,0,cluster2
11560,Weekday,Noon,Road,'01 - Clear','03 - Dawn','01 - Dry','10 - No control','P.D. only','03 - Rear end',mid_town,0,cluster2
11561,Weekday,Noon,Road,'01 - Clear','03 - Dawn','01 - Dry','10 - No control','P.D. only','07 - SMV other',Ottawa_south,0,cluster1
11562,Weekday,Noon,Road,'01 - Clear','01 - Daylight','01 - Dry','02 - Stop sign','P.D. only','03 - Rear end',Ottawa_south,0,cluster1
11563,Weekday,Noon,Road,'01 - Clear','01 - Daylight','01 - Dry','10 - No control','P.D. only','05 - Turning movement',Ottawa_east,0,cluster1
11564,Weekday,Noon,Road,'01 - Clear','01 - Daylight','01 - Dry','10 - No control',Injury,'04 - Sideswipe',downtown,0,cluster1
11565,Weekday,Noon,Road,'01 - Clear','01 - Daylight','01 - Dry','01 - Traffic signal','P.D. only','05 - Turning movement',Ottawa_east,0,cluster4
11566,Weekday,Night,Road,'01 - Clear','07 - Dark','01 - Dry','01 - Traffic signal','P.D. only','03 - Rear end',mid_town,0,cluster1
11567,Weekday,Evening,Road,'01 - Clear','01 - Daylight','01 - Dry','01 - Traffic signal','P.D. only','07 - SMV other',downtown,0,cluster5
11568,Weekday,Night,Road,'03 - Snow','05 - Dusk','03 - Loose snow','01 - Traffic signal','P.D. only','03 - Rear end',downtown,0,cluster1
11569,Weekends,Evening,Road,'03 - Snow','01 - Daylight','03 - Loose snow','10 - No control','P.D. only','07 - SMV other',mid_town,0,cluster0
11570,Weekends,Evening,Road,'03 - Snow','01 - Daylight','04 - Slush','01 - Traffic signal','P.D. only','03 - Rear end',downtown,0,cluster3
11571,Weekday,Mid_Night,Road,'01 - Clear','07 - Dark','01 - Dry','02 - Stop sign','P.D. only','02 - Angle',downtown,0,cluster4
11572,Weekday,Evening,Road,'01 - Clear','01 - Daylight','01 - Dry','10 - No control','P.D. only','03 - Rear end',downtown,0,cluster1
11573,Weekends,Evening,Road,'03 - Snow','01 - Daylight','05 - Packed snow','10 - No control','P.D. only','03 - Rear end',Ottawa_east,0,cluster3
11574,Weekday,Mid_Night,Road,'01 - Clear','07 - Dark','01 - Dry','01 - Traffic signal','P.D. only','04 - Sideswipe',downtown,0,cluster4
11575,Weekday,Night,Road,'01 - Clear','01 - Daylight','01 - Dry','10 - No control','P.D. only','04 - Sideswipe',downtown,0,cluster1
11576,Weekday,Evening,Road,'01 - Clear','01 - Daylight','01 - Dry','01 - Traffic signal',Injury,'03 - Rear end',mid_town,0,cluster2
11577,Weekends,Evening,Road,'03 - Snow','01 - Daylight','05 - Packed snow','01 - Traffic signal','P.D. only','01 - Approaching',mid_town,0,cluster0
11578,Weekday,Mid_Night,Road,'01 - Clear','07 - Dark','01 - Dry','10 - No control','P.D. only','07 - SMV other',Ottawa_west,0,cluster4
11579,Weekday,Night,Road,'01 - Clear','07 - Dark','01 - Dry','01 - Traffic signal','P.D. only','03 - Rear end',mid_town,0,cluster1
11580,Weekday,Night,Road,'01 - Clear','05 - Dusk','01 - Dry','10 - No control','P.D. only','99 - Other',downtown,0,cluster1
11581,Weekends,Evening,Road,'03 - Snow','01 - Daylight','05 - Packed snow','10 - No control',Injury,'03 - Rear end',mid_town,0,cluster0
11582,Weekends,Early_Morning,Road,'01 - Clear','07 - Dark','01 - Dry','10 - No control',Injury,'07 - SMV other',Ottawa_south,0,cluster1
11583,Weekday,Night,Road,'01 - Clear','07 - Dark','01 - Dry','01 - Traffic signal','P.D. only','03 - Rear end',mid_town,0,cluster1
11584,Weekday,Evening,Road,'01 - Clear','01 - Daylight','01 - Dry','10 - No control','P.D. only','07 - SMV other',downtown,0,cluster1
11585,Weekday,Night,Road,'01 - Clear','05 - Dusk','01 - Dry','10 - No control','P.D. only','06 - SMV unattended vehicle',mid_town,0,cluster1
11586,Weekday,Night,Road,'01 - Clear','01 - Daylight','01 - Dry','01 - Traffic signal','P.D. only','05 - Turning movement',Ottawa_west,0,cluster1
11587,Weekday,Night,Road,'01 - Clear','01 - Daylight','01 - Dry','10 - No control','P.D. only','99 - Other',Ottawa_west,0,cluster1
11588,Weekday,Night,Road,'01 - Clear','01 - Daylight','01 - Dry','01 - Traffic signal','P.D. only','05 - Turning movement',downtown,0,cluster1
11589,Weekday,Night,Road,'01 - Clear','05 - Dusk','01 - Dry','10 - No control',Injury,'05 - Turning movement',downtown,0,cluster1
11590,Weekday,Evening,Road,'01 - Clear','01 - Daylight','01 - Dry','10 - No control','P.D. only','06 - SMV unattended vehicle',mid_town,0,cluster2
11591,Weekday,Evening,Road,'01 - Clear','01 - Daylight','01 - Dry','01 - Traffic signal','P.D. only','03 - Rear end',downtown,0,cluster1
11592,Weekday,Night,Road,'01 - Clear','07 - Dark','01 - Dry','01 - Traffic signal',Injury,'05 - Turning movement',mid_town,0,cluster4
11593,Weekday,Night,Road,'01 - Clear','07 - Dark','01 - Dry','10 - No control','P.D. only','03 - Rear end',Ottawa_east,0,cluster1
11594,Weekday,Night,Road,'01 - Clear','07 - Dark','01 - Dry','01 - Traffic signal',Injury,'03 - Rear end',Ottawa_south,0,cluster1
11595,Weekday,Night,Road,'01 - Clear','07 - Dark','01 - Dry','10 - No control','P.D. only','99 - Other',Ottawa_east,0,cluster1
11596,Weekday,Night,Road,'01 - Clear','07 - Dark','01 - Dry','01 - Traffic signal',Injury,'02 - Angle',downtown,0,cluster4
11597,Weekday,Night,Road,'01 - Clear','05 - Dusk','01 - Dry','10 - No control','P.D. only','04 - Sideswipe',downtown,0,cluster1
11598,Weekday,Night,Road,'01 - Clear','07 - Dark','01 - Dry','01 - Traffic signal','P.D. only','04 - Sideswipe',downtown,0,cluster4
11599,Weekday,Night,Road,'01 - Clear','07 - Dark','01 - Dry','01 - Traffic signal','P.D. only','03 - Rear end',Ottawa_south,0,cluster1
11600,Weekday,Mid_Night,Road,'01 - Clear','07 - Dark','01 - Dry','01 - Traffic signal',Injury,'03 - Rear end',downtown,0,cluster4
11601,Weekday,Mid_Night,Road,'01 - Clear','07 - Dark','01 - Dry','01 - Traffic signal',Injury,'03 - Rear end',downtown,0,cluster4
11602,Weekday,Mid_Night,Road,'01 - Clear','07 - Dark','01 - Dry','02 - Stop sign','P.D. only','07 - SMV other',Ottawa_east,0,cluster4
11603,Weekday,Mid_Night,Road,'01 - Clear','07 - Dark','01 - Dry','10 - No control','P.D. only','07 - SMV other',Ottawa_west,0,cluster4
11604,Weekday,Mid_Night,Road,'01 - Clear','07 - Dark','01 - Dry','01 - Traffic signal','P.D. only','02 - Angle',mid_town,0,cluster4
11605,Weekends,Afternoon,Road,'01 - Clear','01 - Daylight','01 - Dry','01 - Traffic signal',Injury,'02 - Angle',downtown,0,cluster1
11606,Weekday,Early_Morning,Road,'02 - Rain','07 - Dark','02 - Wet','10 - No control','P.D. only','07 - SMV other',Ottawa_south,0,cluster0
11607,Weekday,Noon,Road,'02 - Rain','03 - Dawn','02 - Wet','01 - Traffic signal','P.D. only','05 - Turning movement',mid_town,0,cluster4
11608,Weekday,Noon,Road,'02 - Rain','01 - Daylight','02 - Wet','02 - Stop sign','P.D. only','07 - SMV other',Ottawa_south,0,cluster5
11609,Weekday,Noon,Road,'02 - Rain','03 - Dawn','02 - Wet','10 - No control',Injury,'03 - Rear end',mid_town,0,cluster2
11610,Weekday,Noon,highway,'01 - Clear','01 - Daylight','02 - Wet','10 - No control','P.D. only','07 - SMV other',Ottawa_west,0,cluster5
11611,Weekday,Noon,Road,'02 - Rain','01 - Daylight','02 - Wet','10 - No control','P.D. only','06 - SMV unattended vehicle',Ottawa_south,0,cluster0
11612,Weekday,Noon,Road,'02 - Rain','01 - Daylight','02 - Wet','10 - No control','P.D. only','03 - Rear end',mid_town,0,cluster2
11613,Weekday,Noon,Road,'02 - Rain','03 - Dawn','02 - Wet','10 - No control','P.D. only','02 - Angle',downtown,0,cluster1
11614,Weekday,Noon,Road,'02 - Rain','01 - Daylight','02 - Wet','10 - No control','P.D. only','07 - SMV other',Ottawa_east,0,cluster0
11615,Weekday,Afternoon,Road,'02 - Rain','01 - Daylight','02 - Wet','10 - No control',Injury,'03 - Rear end',mid_town,0,cluster2
11616,Weekday,Afternoon,Road,'02 - Rain','01 - Daylight','02 - Wet','10 - No control','P.D. only','03 - Rear end',mid_town,0,cluster2
11617,Weekday,Afternoon,Road,'02 - Rain','01 - Daylight','02 - Wet','01 - Traffic signal','P.D. only','05 - Turning movement',mid_town,0,cluster5
11618,Weekday,Afternoon,Road,'02 - Rain','01 - Daylight','02 - Wet','01 - Traffic signal','P.D. only','02 - Angle',Ottawa_east,0,cluster5
11619,Weekday,Afternoon,Road,'02 - Rain','01 - Daylight','02 - Wet','01 - Traffic signal',Injury,'02 - Angle',downtown,0,cluster5
11620,Weekday,Afternoon,Road,'02 - Rain','01 - Daylight','02 - Wet','01 - Traffic signal','P.D. only','05 - Turning movement',mid_town,0,cluster5
11621,Weekday,Afternoon,Road,'01 - Clear','01 - Daylight','02 - Wet','01 - Traffic signal','P.D. only','02 - Angle',mid_town,0,cluster5
11622,Weekday,Evening,Road,'02 - Rain','01 - Daylight','02 - Wet','10 - No control',Injury,'03 - Rear end',Ottawa_west,0,cluster2
11623,Weekday,Evening,Road,'01 - Clear','01 - Daylight','01 - Dry','01 - Traffic signal','P.D. only','03 - Rear end',mid_town,0,cluster2
11624,Weekday,Evening,Road,'02 - Rain','01 - Daylight','02 - Wet','01 - Traffic signal','P.D. only','04 - Sideswipe',mid_town,0,cluster0
11625,Weekday,Night,Road,'02 - Rain','05 - Dusk','02 - Wet','10 - No control','P.D. only','03 - Rear end',downtown,0,cluster1
11626,Weekday,Evening,Road,'04 - Freezing Rain','01 - Daylight','02 - Wet','01 - Traffic signal','P.D. only','03 - Rear end',downtown,0,cluster3
11627,Weekday,Evening,Road,'01 - Clear','01 - Daylight','02 - Wet','01 - Traffic signal','P.D. only','05 - Turning movement',mid_town,0,cluster2
11628,Weekday,Evening,Road,'02 - Rain','01 - Daylight','02 - Wet','01 - Traffic signal','P.D. only','03 - Rear end',downtown,0,cluster3
11629,Weekday,Evening,Road,'07 - Fog/mist/smoke/dust','01 - Daylight','02 - Wet','10 - No control','P.D. only','03 - Rear end',mid_town,0,cluster2
11630,Weekday,Night,Road,'07 - Fog/mist/smoke/dust','01 - Daylight','02 - Wet','10 - No control','P.D. only','04 - Sideswipe',Ottawa_east,0,cluster1