Instance_number,DATE,TIME,Road_type,ENVIRONMENT,LIGHT,SURFACE_CONDITION,TRAFFIC_CONTROL,COLLISION_CLASSIFICATION,IMPACT_TYPE,Location,NO_OF_PEDESTRIANS,Cluster
11631,Weekday,Night,Road,'02 - Rain','01 - Daylight','02 - Wet','01 - Traffic signal','P.D. only','07 - SMV other',downtown,0,cluster5
11632,Weekday,Night,Road,'02 - Rain','01 - Daylight','02 - Wet','01 - Traffic signal',Injury,'07 - SMV other',downtown,1,cluster5
11633,Weekday,Night,Road,'02 - Rain','05 - Dusk','02 - Wet','10 - No control',Injury,'02 - Angle',downtown,1,cluster1
11634,Weekday,Night,Road,'07 - Fog/mist/smoke/dust','01 - Daylight','02 - Wet','10 - No control','P.D. only','03 - Rear end',Ottawa_east,0,cluster1
11635,Weekday,Night,Road,'02 - Rain','01 - Daylight','02 - Wet','01 - Traffic signal','P.D. only','03 - Rear end',downtown,0,cluster5
11636,Weekends,Afternoon,Road,'01 - Clear','01 - Daylight','01 - Dry','10 - No control','P.D. only','01 - Approaching',downtown,0,cluster1
11637,Weekday,Night,Road,'02 - Rain','05 - Dusk','02 - Wet','02 - Stop sign','P.D. only','02 - Angle',mid_town,0,cluster5
11638,Weekday,Night,Road,'02 - Rain','05 - Dusk','02 - Wet','02 - Stop sign',Injury,'03 - Rear end',Ottawa_east,0,cluster1
11639,Weekday,Night,Road,'02 - Rain','05 - Dusk','02 - Wet','02 - Stop sign',Injury,'03 - Rear end',mid_town,0,cluster1
11640,Weekday,Night,Road,'02 - Rain','05 - Dusk','02 - Wet','02 - Stop sign',Injury,'07 - SMV other',mid_town,1,cluster5
11641,Weekday,Night,Road,'02 - Rain','05 - Dusk','02 - Wet','10 - No control','P.D. only','07 - SMV other',Ottawa_west,0,cluster5
11642,Weekday,Night,Road,'02 - Rain','07 - Dark','02 - Wet','10 - No control',Injury,'03 - Rear end',downtown,0,cluster1
11643,Weekday,Night,Road,'02 - Rain','07 - Dark','02 - Wet','01 - Traffic signal',Injury,'03 - Rear end',mid_town,0,cluster5
11644,Weekday,Night,Road,'02 - Rain','07 - Dark','02 - Wet','10 - No control','P.D. only','03 - Rear end',mid_town,0,cluster1
11645,Weekday,Night,Road,'04 - Freezing Rain','07 - Dark','02 - Wet','10 - No control','P.D. only','05 - Turning movement',mid_town,0,cluster0
11646,Weekday,Night,Road,'02 - Rain','07 - Dark','02 - Wet','02 - Stop sign','P.D. only','03 - Rear end',Ottawa_west,0,cluster1
11647,Weekday,Night,Road,'02 - Rain','07 - Dark','02 - Wet','01 - Traffic signal',Injury,'07 - SMV other',downtown,1,cluster5
11648,Weekday,Night,Road,'02 - Rain','07 - Dark','02 - Wet','01 - Traffic signal','P.D. only','03 - Rear end',Ottawa_east,0,cluster5
11649,Weekday,Night,Road,'01 - Clear','07 - Dark','01 - Dry','10 - No control','P.D. only','07 - SMV other',Ottawa_west,0,cluster1
11650,Weekday,Night,Road,'02 - Rain','05 - Dusk','02 - Wet','10 - No control','P.D. only','99 - Other',downtown,0,cluster1
11651,Weekday,Night,Road,'02 - Rain','07 - Dark','02 - Wet','10 - No control','P.D. only','04 - Sideswipe',Ottawa_west,0,cluster1
11652,Weekday,Night,Road,'02 - Rain','07 - Dark','02 - Wet','10 - No control','P.D. only','03 - Rear end',mid_town,0,cluster1
11653,Weekday,Night,Road,'02 - Rain','07 - Dark','02 - Wet','01 - Traffic signal','P.D. only','04 - Sideswipe',downtown,0,cluster5
11654,Weekday,Night,Road,'02 - Rain','07 - Dark','02 - Wet','01 - Traffic signal',Injury,'03 - Rear end',Ottawa_east,0,cluster5
11655,Weekday,Night,Road,'02 - Rain','05 - Dusk','02 - Wet','10 - No control','P.D. only','03 - Rear end',downtown,0,cluster1
11656,Weekday,Mid_Night,Road,'02 - Rain','07 - Dark','02 - Wet','10 - No control','P.D. only','03 - Rear end',Ottawa_west,0,cluster1
11657,Weekday,Mid_Night,Road,'02 - Rain','07 - Dark','02 - Wet','02 - Stop sign','P.D. only','02 - Angle',Ottawa_east,0,cluster4
11658,Weekday,Mid_Night,Road,'02 - Rain','07 - Dark','02 - Wet','02 - Stop sign',Injury,'07 - SMV other',downtown,1,cluster4
11659,Weekday,Mid_Night,Road,'02 - Rain','07 - Dark','02 - Wet','01 - Traffic signal','P.D. only','03 - Rear end',Ottawa_east,0,cluster4
11660,Weekday,Mid_Night,Road,'02 - Rain','07 - Dark','02 - Wet','03 - Yield sign',Injury,'07 - SMV other',mid_town,1,cluster0
11661,Weekday,Mid_Night,Road,'02 - Rain','07 - Dark','02 - Wet','10 - No control',Injury,'07 - SMV other',mid_town,1,cluster0
11662,Weekday,Mid_Night,Road,'02 - Rain','07 - Dark','02 - Wet','10 - No control','P.D. only','03 - Rear end',mid_town,0,cluster2
11663,Weekday,Mid_Night,Road,'02 - Rain','07 - Dark','02 - Wet','02 - Stop sign',Injury,'02 - Angle',downtown,0,cluster4
11664,Weekday,Mid_Night,Road,'04 - Freezing Rain','07 - Dark','01 - Dry','10 - No control','P.D. only','04 - Sideswipe',Ottawa_east,0,cluster4
11665,Weekday,Mid_Night,Road,'01 - Clear','07 - Dark','02 - Wet','10 - No control','P.D. only','07 - SMV other',downtown,0,cluster4
11666,Weekends,Early_Morning,Road,'03 - Snow','07 - Dark','02 - Wet','10 - No control','P.D. only','07 - SMV other',downtown,0,cluster3
11667,Weekends,Noon,Road,'01 - Clear','01 - Daylight','01 - Dry','01 - Traffic signal','P.D. only','03 - Rear end',downtown,0,cluster1
11668,Weekends,Evening,Road,'03 - Snow','01 - Daylight','04 - Slush','10 - No control',Injury,'03 - Rear end',downtown,0,cluster3
11669,Weekday,Night,highway,'01 - Clear','07 - Dark','06 - Ice','10 - No control','P.D. only','03 - Rear end',downtown,0,cluster1
11670,Weekends,Morning,highway,'01 - Clear','07 - Dark','01 - Dry','10 - No control',Injury,'07 - SMV other',downtown,0,cluster1
11671,Weekends,Evening,Road,'03 - Snow','01 - Daylight','06 - Ice','01 - Traffic signal','P.D. only','03 - Rear end',downtown,0,cluster3
11672,Weekends,Noon,Road,'01 - Clear','01 - Daylight','01 - Dry','10 - No control',Injury,'02 - Angle',downtown,0,cluster1
11673,Weekday,Night,Road,'01 - Clear','07 - Dark','05 - Packed snow','01 - Traffic signal','P.D. only','03 - Rear end',Ottawa_west,0,cluster1
11674,Weekday,Mid_Night,Road,'01 - Clear','07 - Dark','06 - Ice','01 - Traffic signal','P.D. only','07 - SMV other',mid_town,0,cluster4
11675,Weekday,Night,Road,'03 - Snow','05 - Dusk','03 - Loose snow','10 - No control','P.D. only','03 - Rear end',Ottawa_south,0,cluster0
11676,Weekends,Evening,Road,'03 - Snow','01 - Daylight','03 - Loose snow','01 - Traffic signal','P.D. only','03 - Rear end',mid_town,0,cluster0
11677,Weekends,Afternoon,Road,'01 - Clear','01 - Daylight','01 - Dry','01 - Traffic signal','P.D. only','03 - Rear end',Ottawa_east,0,cluster1
11678,Weekday,Night,Road,'01 - Clear','07 - Dark','02 - Wet','01 - Traffic signal','P.D. only','03 - Rear end',downtown,0,cluster5
11679,Weekday,Mid_Night,Road,'01 - Clear','07 - Dark','01 - Dry','02 - Stop sign','P.D. only','07 - SMV other',Ottawa_west,0,cluster4
11680,Weekends,Evening,Road,'03 - Snow','01 - Daylight','06 - Ice','01 - Traffic signal',Injury,'05 - Turning movement',mid_town,0,cluster0
11681,Weekends,Evening,Road,'01 - Clear','01 - Daylight','01 - Dry','10 - No control','P.D. only','04 - Sideswipe',downtown,0,cluster3
11682,Weekday,Night,Road,'01 - Clear','07 - Dark','01 - Dry','10 - No control',Injury,'03 - Rear end',downtown,0,cluster1
11683,Weekends,Afternoon,Road,'01 - Clear','01 - Daylight','01 - Dry','01 - Traffic signal','P.D. only','05 - Turning movement',mid_town,0,cluster2
11684,Weekends,Evening,Road,'03 - Snow','01 - Daylight','02 - Wet','01 - Traffic signal','P.D. only','03 - Rear end',mid_town,0,cluster3
11685,Weekends,Afternoon,Road,'01 - Clear','01 - Daylight','02 - Wet','01 - Traffic signal','P.D. only','03 - Rear end',downtown,0,cluster3
11686,Weekday,Night,Road,'01 - Clear','07 - Dark','02 - Wet','01 - Traffic signal','P.D. only','03 - Rear end',mid_town,0,cluster5
11687,Weekends,Evening,Road,'01 - Clear','01 - Daylight','01 - Dry','10 - No control',Injury,'03 - Rear end',Ottawa_west,0,cluster2
11688,Weekends,Evening,Road,'03 - Snow','01 - Daylight','06 - Ice','10 - No control','P.D. only','03 - Rear end',mid_town,0,cluster0
11689,Weekday,Mid_Night,Road,'01 - Clear','07 - Dark','01 - Dry','01 - Traffic signal','P.D. only','05 - Turning movement',Ottawa_west,0,cluster4
11690,Weekday,Night,Road,'03 - Snow','01 - Daylight','04 - Slush','01 - Traffic signal',Injury,'03 - Rear end',downtown,0,cluster1
11691,Weekday,Night,Road,'01 - Clear','05 - Dusk','02 - Wet','10 - No control','P.D. only','03 - Rear end',downtown,0,cluster1
11692,Weekday,Evening,highway,'01 - Clear','01 - Daylight','02 - Wet','10 - No control','P.D. only','02 - Angle',downtown,0,cluster3
11693,Weekday,Mid_Night,Road,'03 - Snow','07 - Dark','05 - Packed snow','10 - No control','P.D. only','03 - Rear end',mid_town,0,cluster0
11694,Weekday,Mid_Night,Road,'01 - Clear','07 - Dark','02 - Wet','10 - No control','P.D. only','03 - Rear end',mid_town,0,cluster2
11695,Weekday,Noon,highway,'01 - Clear','03 - Dawn','06 - Ice','10 - No control','P.D. only','04 - Sideswipe',downtown,0,cluster1
11696,Weekday,Noon,Road,'07 - Fog/mist/smoke/dust','03 - Dawn','01 - Dry','10 - No control','P.D. only','07 - SMV other',Ottawa_west,0,cluster0
11697,Weekday,Noon,Road,'01 - Clear','01 - Daylight','01 - Dry','10 - No control','P.D. only','07 - SMV other',Ottawa_west,0,cluster1
11698,Weekday,Night,Road,'01 - Clear','07 - Dark','01 - Dry','10 - No control','P.D. only','07 - SMV other',Ottawa_south,0,cluster1
11699,Weekday,Noon,Road,'01 - Clear','01 - Daylight','01 - Dry','02 - Stop sign',Injury,'02 - Angle',Ottawa_south,0,cluster1
11700,Weekday,Noon,Road,'01 - Clear','01 - Daylight','02 - Wet','10 - No control','P.D. only','03 - Rear end',mid_town,0,cluster2
11701,Weekday,Night,Road,'01 - Clear','07 - Dark','02 - Wet','01 - Traffic signal','P.D. only','04 - Sideswipe',downtown,0,cluster5
11702,Weekday,Noon,Road,'01 - Clear','01 - Daylight','02 - Wet','02 - Stop sign',Injury,'02 - Angle',downtown,0,cluster5
11703,Weekday,Noon,Road,'01 - Clear','01 - Daylight','02 - Wet','10 - No control','P.D. only','03 - Rear end',mid_town,0,cluster2
11704,Weekday,Noon,Road,'01 - Clear','01 - Daylight','02 - Wet','01 - Traffic signal',Injury,'02 - Angle',mid_town,0,cluster5
11705,Weekday,Afternoon,Road,'01 - Clear','01 - Daylight','02 - Wet','01 - Traffic signal','P.D. only','05 - Turning movement',downtown,0,cluster5
11706,Weekday,Afternoon,Road,'01 - Clear','01 - Daylight','02 - Wet','01 - Traffic signal','P.D. only','03 - Rear end',downtown,0,cluster5
11707,Weekday,Afternoon,Road,'01 - Clear','01 - Daylight','05 - Packed snow','10 - No control','P.D. only','02 - Angle',downtown,0,cluster1
11708,Weekday,Noon,Road,'03 - Snow','01 - Daylight','05 - Packed snow','10 - No control','P.D. only','07 - SMV other',mid_town,0,cluster0
11709,Weekday,Afternoon,Road,'01 - Clear','01 - Daylight','01 - Dry','10 - No control','P.D. only','03 - Rear end',Ottawa_south,0,cluster1
11710,Weekday,Afternoon,Road,'01 - Clear','01 - Daylight','01 - Dry','01 - Traffic signal','P.D. only','05 - Turning movement',Ottawa_west,0,cluster4
11711,Weekday,Noon,Road,'01 - Clear','01 - Daylight','01 - Dry','02 - Stop sign','P.D. only','03 - Rear end',Ottawa_west,0,cluster1
11712,Weekday,Noon,Road,'01 - Clear','03 - Dawn','02 - Wet','09 - Traffic controller',Injury,'07 - SMV other',downtown,1,cluster5
11713,Weekday,Afternoon,Road,'03 - Snow','01 - Daylight','03 - Loose snow','10 - No control','P.D. only','06 - SMV unattended vehicle',mid_town,0,cluster0
11714,Weekday,Afternoon,Road,'01 - Clear','01 - Daylight','01 - Dry','01 - Traffic signal','P.D. only','03 - Rear end',Ottawa_east,0,cluster1
11715,Weekday,Night,Road,'01 - Clear','07 - Dark','05 - Packed snow','10 - No control','P.D. only','07 - SMV other',Ottawa_west,0,cluster1
11716,Weekday,Afternoon,Road,'01 - Clear','01 - Daylight','01 - Dry','01 - Traffic signal','P.D. only','04 - Sideswipe',downtown,0,cluster1
11717,Weekday,Evening,Road,'01 - Clear','01 - Daylight','01 - Dry','01 - Traffic signal','P.D. only','04 - Sideswipe',downtown,0,cluster1
11718,Weekday,Evening,Road,'01 - Clear','01 - Daylight','02 - Wet','10 - No control','P.D. only','05 - Turning movement',Ottawa_west,0,cluster2
11719,Weekday,Night,Road,'01 - Clear','05 - Dusk','05 - Packed snow','01 - Traffic signal',Injury,'03 - Rear end',downtown,0,cluster1
11720,Weekday,Evening,Road,'01 - Clear','01 - Daylight','02 - Wet','10 - No control','P.D. only','02 - Angle',downtown,0,cluster3
11721,Weekday,Evening,Road,'01 - Clear','01 - Daylight','01 - Dry','01 - Traffic signal',Injury,'04 - Sideswipe',mid_town,0,cluster2
11722,Weekday,Evening,Road,'01 - Clear','01 - Daylight','02 - Wet','01 - Traffic signal','P.D. only','03 - Rear end',mid_town,0,cluster2
11723,Weekday,Evening,Road,'01 - Clear','01 - Daylight','02 - Wet','01 - Traffic signal','P.D. only','07 - SMV other',mid_town,0,cluster5
11724,Weekday,Evening,Road,'01 - Clear','01 - Daylight','01 - Dry','10 - No control','P.D. only','05 - Turning movement',Ottawa_east,0,cluster2
11725,Weekday,Evening,Road,'01 - Clear','01 - Daylight','01 - Dry','10 - No control','P.D. only','04 - Sideswipe',Ottawa_east,0,cluster2
11726,Weekday,Evening,Road,'01 - Clear','01 - Daylight','01 - Dry','01 - Traffic signal','P.D. only','03 - Rear end',downtown,0,cluster1
11727,Weekday,Evening,Road,'01 - Clear','01 - Daylight','02 - Wet','10 - No control','P.D. only','03 - Rear end',downtown,0,cluster3
11728,Weekday,Evening,Road,'01 - Clear','01 - Daylight','01 - Dry','01 - Traffic signal','P.D. only','05 - Turning movement',mid_town,0,cluster2
11729,Weekday,Evening,Road,'01 - Clear','01 - Daylight','01 - Dry','10 - No control','P.D. only','07 - SMV other',Ottawa_west,0,cluster2
11730,Weekday,Evening,Road,'01 - Clear','01 - Daylight','01 - Dry','01 - Traffic signal','P.D. only','03 - Rear end',downtown,0,cluster1
11731,Weekends,Evening,Road,'03 - Snow','01 - Daylight','05 - Packed snow','01 - Traffic signal','P.D. only','03 - Rear end',Ottawa_west,0,cluster3
11732,Weekday,Night,Road,'01 - Clear','01 - Daylight','01 - Dry','01 - Traffic signal','P.D. only','02 - Angle',Ottawa_west,0,cluster1
11733,Weekday,Night,Road,'01 - Clear','01 - Daylight','01 - Dry','02 - Stop sign','P.D. only','03 - Rear end',Ottawa_west,0,cluster1
11734,Weekday,Morning,Road,'03 - Snow','07 - Dark','03 - Loose snow','10 - No control','P.D. only','99 - Other',mid_town,0,cluster0
11735,Weekday,Night,Road,'01 - Clear','01 - Daylight','01 - Dry','10 - No control','P.D. only','03 - Rear end',Ottawa_east,0,cluster1
11736,Weekday,Night,Road,'01 - Clear','01 - Daylight','01 - Dry','01 - Traffic signal',Injury,'05 - Turning movement',mid_town,0,cluster1
11737,Weekday,Night,Road,'01 - Clear','01 - Daylight','02 - Wet','10 - No control','P.D. only','02 - Angle',downtown,0,cluster1
11738,Weekday,Night,Road,'01 - Clear','01 - Daylight','02 - Wet','01 - Traffic signal','P.D. only','05 - Turning movement',downtown,0,cluster5
11739,Weekday,Noon,Road,'01 - Clear','03 - Dawn','06 - Ice','01 - Traffic signal','P.D. only','03 - Rear end',Ottawa_west,0,cluster1
11740,Weekday,Night,Road,'01 - Clear','01 - Daylight','05 - Packed snow','10 - No control','P.D. only','07 - SMV other',mid_town,0,cluster0
11741,Weekday,Night,Road,'01 - Clear','01 - Daylight','06 - Ice','10 - No control','P.D. only','03 - Rear end',mid_town,0,cluster1
11742,Weekday,Night,Road,'01 - Clear','01 - Daylight','01 - Dry','10 - No control','P.D. only','02 - Angle',Ottawa_east,0,cluster1
11743,Weekday,Night,Road,'01 - Clear','05 - Dusk','01 - Dry','01 - Traffic signal','P.D. only','03 - Rear end',Ottawa_south,0,cluster1
11744,Weekday,Night,Road,'01 - Clear','01 - Daylight','05 - Packed snow','10 - No control','P.D. only','07 - SMV other',Ottawa_west,0,cluster1
11745,Weekday,Night,Road,'01 - Clear','05 - Dusk','01 - Dry','01 - Traffic signal',Injury,'05 - Turning movement',downtown,0,cluster4
11746,Weekday,Night,Road,'01 - Clear','07 - Dark','06 - Ice','10 - No control','P.D. only','04 - Sideswipe',downtown,0,cluster1
11747,Weekday,Night,Road,'01 - Clear','05 - Dusk','01 - Dry','01 - Traffic signal','P.D. only','03 - Rear end',mid_town,0,cluster1
11748,Weekday,Night,Road,'01 - Clear','07 - Dark','01 - Dry','01 - Traffic signal','P.D. only','04 - Sideswipe',downtown,0,cluster4
11749,Weekday,Night,Road,'01 - Clear','07 - Dark','05 - Packed snow','10 - No control','P.D. only','06 - SMV unattended vehicle',Ottawa_west,0,cluster1
11750,Weekday,Night,Road,'01 - Clear','01 - Daylight','06 - Ice','02 - Stop sign','P.D. only','03 - Rear end',downtown,0,cluster1
11751,Weekday,Night,Road,'01 - Clear','07 - Dark','01 - Dry','01 - Traffic signal','P.D. only','02 - Angle',mid_town,0,cluster4
11752,Weekday,Night,Road,'01 - Clear','07 - Dark','02 - Wet','10 - No control','P.D. only','03 - Rear end',Ottawa_south,0,cluster1
11753,Weekday,Night,Road,'01 - Clear','07 - Dark','01 - Dry','02 - Stop sign','P.D. only','02 - Angle',mid_town,0,cluster1
11754,Weekday,Night,Road,'01 - Clear','07 - Dark','06 - Ice','10 - No control',Injury,'03 - Rear end',mid_town,0,cluster1
11755,Weekday,Night,Road,'01 - Clear','07 - Dark','02 - Wet','01 - Traffic signal','P.D. only','05 - Turning movement',downtown,0,cluster4
11756,Weekday,Night,Road,'01 - Clear','07 - Dark','01 - Dry','01 - Traffic signal','P.D. only','04 - Sideswipe',downtown,0,cluster4
11757,Weekday,Night,Road,'01 - Clear','07 - Dark','01 - Dry','01 - Traffic signal','P.D. only','05 - Turning movement',mid_town,0,cluster4
11758,Weekday,Night,Road,'01 - Clear','07 - Dark','02 - Wet','01 - Traffic signal','P.D. only','05 - Turning movement',Ottawa_south,0,cluster4
11759,Weekday,Night,Road,'01 - Clear','07 - Dark','02 - Wet','02 - Stop sign','P.D. only','02 - Angle',Ottawa_south,0,cluster5
11760,Weekday,Mid_Night,Road,'01 - Clear','00 - Unknown','01 - Dry','10 - No control','P.D. only','06 - SMV unattended vehicle',downtown,0,cluster1
11761,Weekday,Mid_Night,Road,'01 - Clear','07 - Dark','06 - Ice','10 - No control',Injury,'03 - Rear end',downtown,0,cluster1
11762,Weekday,Mid_Night,Road,'01 - Clear','07 - Dark','01 - Dry','01 - Traffic signal',Injury,'03 - Rear end',mid_town,0,cluster4
11763,Weekday,Night,Road,'01 - Clear','07 - Dark','01 - Dry','01 - Traffic signal','P.D. only','04 - Sideswipe',downtown,0,cluster4
11764,Weekday,Afternoon,Road,'01 - Clear','01 - Daylight','01 - Dry','02 - Stop sign','P.D. only','03 - Rear end',Ottawa_west,0,cluster1
11765,Weekday,Mid_Night,Road,'03 - Snow','07 - Dark','03 - Loose snow','01 - Traffic signal',Injury,'04 - Sideswipe',Ottawa_west,0,cluster4
11766,Weekday,Mid_Night,Road,'01 - Clear','07 - Dark','06 - Ice','10 - No control','P.D. only','03 - Rear end',Ottawa_south,0,cluster1
11767,Weekends,Evening,Road,'03 - Snow','01 - Daylight','03 - Loose snow','10 - No control','P.D. only','01 - Approaching',mid_town,0,cluster0
11768,Weekends,Evening,Road,'03 - Snow','01 - Daylight','03 - Loose snow','10 - No control','P.D. only','03 - Rear end',mid_town,0,cluster0
11769,Weekends,Evening,Road,'02 - Rain','01 - Daylight','06 - Ice','10 - No control','P.D. only','07 - SMV other',Ottawa_east,0,cluster0
11770,Weekends,Evening,Road,'03 - Snow','01 - Daylight','02 - Wet','01 - Traffic signal','P.D. only','03 - Rear end',downtown,0,cluster3
11771,Weekends,Evening,Road,'03 - Snow','01 - Daylight','03 - Loose snow','02 - Stop sign','P.D. only','02 - Angle',mid_town,0,cluster0
11772,Weekends,Evening,Road,'03 - Snow','01 - Daylight','06 - Ice','01 - Traffic signal',Injury,'03 - Rear end',mid_town,0,cluster0
11773,Weekends,Evening,Road,'03 - Snow','01 - Daylight','06 - Ice','01 - Traffic signal','P.D. only','07 - SMV other',mid_town,0,cluster0
11774,Weekends,Evening,Road,'03 - Snow','01 - Daylight','03 - Loose snow','01 - Traffic signal','P.D. only','03 - Rear end',mid_town,0,cluster0
11775,Weekends,Evening,Road,'03 - Snow','01 - Daylight','06 - Ice','11 - Roundabout','P.D. only','02 - Angle',Ottawa_east,0,cluster0
11776,Weekends,Evening,Road,'01 - Clear','01 - Daylight','06 - Ice','10 - No control','P.D. only','07 - SMV other',downtown,0,cluster3
11777,Weekday,Night,Road,'01 - Clear','01 - Daylight','05 - Packed snow','10 - No control','P.D. only','06 - SMV unattended vehicle',Ottawa_west,0,cluster1
11778,Weekends,Evening,Road,'03 - Snow','01 - Daylight','03 - Loose snow','01 - Traffic signal',Injury,'05 - Turning movement',Ottawa_west,0,cluster0
11779,Weekends,Evening,Road,'03 - Snow','01 - Daylight','04 - Slush','01 - Traffic signal','P.D. only','03 - Rear end',Ottawa_east,0,cluster3
11780,Weekends,Evening,Road,'03 - Snow','01 - Daylight','04 - Slush','01 - Traffic signal','P.D. only','02 - Angle',Ottawa_east,0,cluster0
11781,Weekends,Evening,Road,'01 - Clear','01 - Daylight','01 - Dry','10 - No control','P.D. only','03 - Rear end',Ottawa_west,0,cluster2
11782,Weekends,Evening,Road,'03 - Snow','01 - Daylight','06 - Ice','10 - No control','P.D. only','07 - SMV other',mid_town,0,cluster0
11783,Weekends,Early_Morning,Road,'03 - Snow','07 - Dark','03 - Loose snow','10 - No control','P.D. only','07 - SMV other',Ottawa_west,0,cluster0
11784,Weekends,Evening,Road,'03 - Snow','01 - Daylight','03 - Loose snow','10 - No control','P.D. only','04 - Sideswipe',mid_town,0,cluster0
11785,Weekends,Evening,Road,'03 - Snow','01 - Daylight','06 - Ice','10 - No control','P.D. only','01 - Approaching',mid_town,0,cluster0
11786,Weekends,Evening,Road,'03 - Snow','01 - Daylight','03 - Loose snow','10 - No control','P.D. only','04 - Sideswipe',Ottawa_east,0,cluster0
11787,Weekends,Evening,Road,'03 - Snow','01 - Daylight','03 - Loose snow','03 - Yield sign','P.D. only','03 - Rear end',mid_town,0,cluster0
11788,Weekends,Evening,Road,'03 - Snow','01 - Daylight','03 - Loose snow','10 - No control','P.D. only','03 - Rear end',Ottawa_east,0,cluster0
11789,Weekends,Evening,highway,'03 - Snow','01 - Daylight','05 - Packed snow','10 - No control','P.D. only','07 - SMV other',mid_town,0,cluster0
11790,Weekends,Evening,Road,'03 - Snow','01 - Daylight','03 - Loose snow','01 - Traffic signal','P.D. only','03 - Rear end',Ottawa_west,0,cluster0
11791,Weekends,Evening,Road,'01 - Clear','01 - Daylight','02 - Wet','10 - No control','P.D. only','05 - Turning movement',mid_town,0,cluster3
11792,Weekends,Evening,Road,'03 - Snow','01 - Daylight','03 - Loose snow','10 - No control','P.D. only','04 - Sideswipe',mid_town,0,cluster0
11793,Weekends,Evening,Road,'03 - Snow','01 - Daylight','03 - Loose snow','01 - Traffic signal','P.D. only','07 - SMV other',mid_town,0,cluster0
11794,Weekends,Evening,Road,'03 - Snow','01 - Daylight','06 - Ice','02 - Stop sign','P.D. only','02 - Angle',Ottawa_west,0,cluster0
11795,Weekends,Evening,Road,'03 - Snow','01 - Daylight','05 - Packed snow','01 - Traffic signal',Injury,'03 - Rear end',downtown,0,cluster3
11796,Weekends,Evening,Road,'03 - Snow','01 - Daylight','03 - Loose snow','01 - Traffic signal','P.D. only','03 - Rear end',downtown,0,cluster3
11797,Weekends,Evening,Road,'03 - Snow','01 - Daylight','03 - Loose snow','10 - No control','P.D. only','03 - Rear end',mid_town,0,cluster0
11798,Weekends,Evening,Road,'03 - Snow','01 - Daylight','03 - Loose snow','10 - No control','P.D. only','03 - Rear end',mid_town,0,cluster0
11799,Weekends,Evening,Road,'03 - Snow','01 - Daylight','02 - Wet','10 - No control','P.D. only','05 - Turning movement',Ottawa_west,0,cluster3
11800,Weekends,Evening,Road,'03 - Snow','01 - Daylight','04 - Slush','01 - Traffic signal','P.D. only','03 - Rear end',downtown,0,cluster3
11801,Weekends,Evening,Road,'03 - Snow','01 - Daylight','05 - Packed snow','10 - No control','P.D. only','03 - Rear end',mid_town,0,cluster0
11802,Weekday,Night,Road,'01 - Clear','01 - Daylight','01 - Dry','10 - No control','P.D. only','03 - Rear end',downtown,0,cluster1
11803,Weekends,Evening,Road,'03 - Snow','01 - Daylight','03 - Loose snow','01 - Traffic signal','P.D. only','04 - Sideswipe',Ottawa_east,0,cluster0
11804,Weekends,Evening,Road,'03 - Snow','01 - Daylight','02 - Wet','01 - Traffic signal','P.D. only','02 - Angle',Ottawa_east,0,cluster3
11805,Weekends,Evening,Road,'03 - Snow','01 - Daylight','03 - Loose snow','01 - Traffic signal','P.D. only','03 - Rear end',Ottawa_west,0,cluster0
11806,Weekends,Evening,Road,'03 - Snow','01 - Daylight','04 - Slush','01 - Traffic signal','P.D. only','03 - Rear end',downtown,0,cluster3
11807,Weekends,Evening,Road,'03 - Snow','01 - Daylight','03 - Loose snow','10 - No control','P.D. only','04 - Sideswipe',Ottawa_east,0,cluster0
11808,Weekends,Evening,highway,'03 - Snow','01 - Daylight','03 - Loose snow','10 - No control','P.D. only','03 - Rear end',mid_town,0,cluster0
11809,Weekends,Night,Road,'03 - Snow','01 - Daylight','06 - Ice','10 - No control','P.D. only','07 - SMV other',Ottawa_west,0,cluster0
11810,Weekends,Evening,Road,'03 - Snow','01 - Daylight','04 - Slush','10 - No control','P.D. only','07 - SMV other',downtown,0,cluster0
11811,Weekends,Evening,Road,'01 - Clear','01 - Daylight','06 - Ice','01 - Traffic signal','P.D. only','04 - Sideswipe',mid_town,0,cluster2
11812,Weekends,Night,Road,'03 - Snow','01 - Daylight','06 - Ice','01 - Traffic signal','P.D. only','03 - Rear end',Ottawa_west,0,cluster1
11813,Weekends,Night,Road,'03 - Snow','05 - Dusk','02 - Wet','10 - No control','P.D. only','06 - SMV unattended vehicle',downtown,0,cluster3
11814,Weekends,Night,Road,'03 - Snow','07 - Dark','02 - Wet','10 - No control','P.D. only','05 - Turning movement',mid_town,0,cluster0
11815,Weekends,Evening,Road,'03 - Snow','01 - Daylight','02 - Wet','10 - No control','P.D. only','03 - Rear end',mid_town,0,cluster3
11816,Weekends,Night,Road,'03 - Snow','07 - Dark','06 - Ice','10 - No control','P.D. only','03 - Rear end',mid_town,0,cluster0
11817,Weekends,Night,Road,'03 - Snow','07 - Dark','05 - Packed snow','10 - No control','P.D. only','03 - Rear end',mid_town,0,cluster0