Instance_number,DATE,TIME,Road_type,ENVIRONMENT,LIGHT,SURFACE_CONDITION,TRAFFIC_CONTROL,COLLISION_CLASSIFICATION,IMPACT_TYPE,Location,NO_OF_PEDESTRIANS,Cluster
12190,Weekday,Night,Road,'01 - Clear','01 - Daylight','04 - Slush','10 - No control','P.D. only','99 - Other',Ottawa_south,0,cluster1
12191,Weekday,Afternoon,Road,'03 - Snow','01 - Daylight','02 - Wet','01 - Traffic signal','P.D. only','05 - Turning movement',mid_town,0,cluster0
12192,Weekday,Afternoon,Road,'03 - Snow','01 - Daylight','04 - Slush','10 - No control','P.D. only','04 - Sideswipe',Ottawa_west,0,cluster0
12193,Weekday,Afternoon,Road,'03 - Snow','01 - Daylight','04 - Slush','01 - Traffic signal','P.D. only','03 - Rear end',mid_town,0,cluster0
12194,Weekday,Evening,Road,'01 - Clear','01 - Daylight','02 - Wet','01 - Traffic signal','P.D. only','05 - Turning movement',mid_town,0,cluster2
12195,Weekday,Evening,Road,'01 - Clear','01 - Daylight','02 - Wet','01 - Traffic signal',Injury,'02 - Angle',mid_town,0,cluster2
12196,Weekday,Evening,Road,'01 - Clear','01 - Daylight','02 - Wet','02 - Stop sign','P.D. only','02 - Angle',mid_town,0,cluster2
12197,Weekday,Evening,Road,'03 - Snow','01 - Daylight','02 - Wet','02 - Stop sign','P.D. only','03 - Rear end',Ottawa_south,0,cluster0
12198,Weekday,Evening,Road,'03 - Snow','01 - Daylight','05 - Packed snow','10 - No control','P.D. only','06 - SMV unattended vehicle',Ottawa_west,0,cluster0
12199,Weekday,Evening,Road,'01 - Clear','01 - Daylight','06 - Ice','01 - Traffic signal','P.D. only','04 - Sideswipe',mid_town,0,cluster2
12200,Weekday,Noon,Road,'01 - Clear','01 - Daylight','01 - Dry','01 - Traffic signal','P.D. only','02 - Angle',Ottawa_south,0,cluster1
12201,Weekday,Evening,Road,'01 - Clear','01 - Daylight','01 - Dry','01 - Traffic signal','P.D. only','04 - Sideswipe',downtown,0,cluster1
12202,Weekday,Mid_Night,Road,'01 - Clear','07 - Dark','05 - Packed snow','10 - No control',Injury,'07 - SMV other',Ottawa_west,0,cluster4
12203,Weekday,Night,highway,'03 - Snow','07 - Dark','03 - Loose snow','10 - No control','P.D. only','07 - SMV other',Ottawa_south,0,cluster0
12204,Weekday,Afternoon,Road,'03 - Snow','01 - Daylight','03 - Loose snow','01 - Traffic signal','P.D. only','03 - Rear end',mid_town,0,cluster0
12205,Weekday,Evening,Road,'01 - Clear','01 - Daylight','01 - Dry','01 - Traffic signal',Injury,'03 - Rear end',Ottawa_east,0,cluster2
12206,Weekday,Evening,Road,'01 - Clear','01 - Daylight','02 - Wet','01 - Traffic signal','P.D. only','07 - SMV other',mid_town,0,cluster5
12207,Weekday,Afternoon,Road,'03 - Snow','01 - Daylight','05 - Packed snow','10 - No control','P.D. only','03 - Rear end',mid_town,0,cluster0
12208,Weekday,Evening,Road,'01 - Clear','01 - Daylight','02 - Wet','01 - Traffic signal','P.D. only','05 - Turning movement',downtown,0,cluster5
12209,Weekday,Evening,Road,'01 - Clear','01 - Daylight','02 - Wet','01 - Traffic signal','P.D. only','03 - Rear end',mid_town,0,cluster2
12210,Weekday,Evening,Road,'01 - Clear','01 - Daylight','01 - Dry','10 - No control','P.D. only','02 - Angle',Ottawa_east,0,cluster2
12211,Weekday,Evening,Road,'01 - Clear','01 - Daylight','02 - Wet','01 - Traffic signal',Injury,'03 - Rear end',mid_town,0,cluster2
12212,Weekday,Evening,Road,'01 - Clear','01 - Daylight','02 - Wet','10 - No control',Injury,'03 - Rear end',downtown,0,cluster3
12213,Weekday,Evening,Road,'01 - Clear','01 - Daylight','02 - Wet','01 - Traffic signal','P.D. only','03 - Rear end',mid_town,0,cluster2
12214,Weekday,Night,Road,'01 - Clear','01 - Daylight','02 - Wet','01 - Traffic signal',Injury,'04 - Sideswipe',downtown,0,cluster5
12215,Weekday,Night,Road,'01 - Clear','01 - Daylight','02 - Wet','10 - No control','P.D. only','07 - SMV other',mid_town,0,cluster5
12216,Weekday,Evening,Road,'01 - Clear','01 - Daylight','01 - Dry','01 - Traffic signal','P.D. only','03 - Rear end',mid_town,0,cluster2
12217,Weekday,Evening,Road,'01 - Clear','01 - Daylight','04 - Slush','01 - Traffic signal','P.D. only','02 - Angle',mid_town,0,cluster2
12218,Weekday,Night,Road,'01 - Clear','01 - Daylight','02 - Wet','01 - Traffic signal','P.D. only','02 - Angle',Ottawa_west,0,cluster5
12219,Weekday,Night,Road,'01 - Clear','05 - Dusk','04 - Slush','02 - Stop sign','P.D. only','05 - Turning movement',Ottawa_south,0,cluster1
12220,Weekday,Night,Road,'01 - Clear','05 - Dusk','01 - Dry','01 - Traffic signal','P.D. only','03 - Rear end',downtown,0,cluster1
12221,Weekday,Night,Road,'01 - Clear','07 - Dark','02 - Wet','01 - Traffic signal','P.D. only','05 - Turning movement',mid_town,0,cluster4
12222,Weekday,Night,Road,'01 - Clear','05 - Dusk','02 - Wet','10 - No control','P.D. only','02 - Angle',Ottawa_east,0,cluster1
12223,Weekday,Night,Road,'01 - Clear','07 - Dark','01 - Dry','10 - No control','P.D. only','07 - SMV other',Ottawa_west,0,cluster1
12224,Weekday,Night,Road,'04 - Freezing Rain','07 - Dark','02 - Wet','01 - Traffic signal',Injury,'05 - Turning movement',downtown,0,cluster4
12225,Weekday,Night,Road,'01 - Clear','07 - Dark','04 - Slush','01 - Traffic signal','P.D. only','03 - Rear end',mid_town,0,cluster1
12226,Weekday,Night,Road,'01 - Clear','07 - Dark','01 - Dry','10 - No control','P.D. only','07 - SMV other',mid_town,0,cluster1
12227,Weekday,Evening,highway,'03 - Snow','01 - Daylight','02 - Wet','10 - No control','P.D. only','04 - Sideswipe',downtown,0,cluster0
12228,Weekday,Night,Road,'03 - Snow','07 - Dark','03 - Loose snow','01 - Traffic signal','P.D. only','03 - Rear end',downtown,0,cluster1
12229,Weekday,Mid_Night,Road,'03 - Snow','07 - Dark','05 - Packed snow','01 - Traffic signal','P.D. only','03 - Rear end',mid_town,0,cluster4
12230,Weekday,Night,Road,'01 - Clear','07 - Dark','01 - Dry','02 - Stop sign','P.D. only','02 - Angle',downtown,0,cluster1
12231,Weekday,Mid_Night,Road,'01 - Clear','07 - Dark','01 - Dry','01 - Traffic signal','P.D. only','05 - Turning movement',Ottawa_west,0,cluster4
12232,Weekday,Mid_Night,Road,'01 - Clear','07 - Dark','04 - Slush','10 - No control','P.D. only','03 - Rear end',mid_town,0,cluster2
12233,Weekday,Mid_Night,Road,'05 - Drifting Snow','07 - Dark','03 - Loose snow','01 - Traffic signal','P.D. only','03 - Rear end',downtown,0,cluster4
12234,Weekday,Mid_Night,Road,'01 - Clear','07 - Dark','01 - Dry','10 - No control','P.D. only','07 - SMV other',Ottawa_west,0,cluster4
12235,Weekday,Mid_Night,Road,'01 - Clear','07 - Dark','01 - Dry','10 - No control',Injury,'07 - SMV other',Ottawa_west,0,cluster4
12236,Weekday,Mid_Night,Road,'01 - Clear','07 - Dark','06 - Ice','10 - No control','P.D. only','07 - SMV other',Ottawa_west,0,cluster4
12237,Weekday,Noon,Road,'01 - Clear','07 - Dark','01 - Dry','01 - Traffic signal','P.D. only','05 - Turning movement',Ottawa_south,0,cluster4
12238,Weekday,Noon,highway,'01 - Clear','07 - Dark','02 - Wet','10 - No control','P.D. only','03 - Rear end',downtown,0,cluster1
12239,Weekday,Noon,Road,'01 - Clear','03 - Dawn','01 - Dry','01 - Traffic signal','P.D. only','03 - Rear end',downtown,0,cluster1
12240,Weekday,Noon,Road,'01 - Clear','03 - Dawn','01 - Dry','01 - Traffic signal',Injury,'03 - Rear end',downtown,0,cluster1
12241,Weekday,Noon,Road,'03 - Snow','03 - Dawn','01 - Dry','10 - No control','P.D. only','07 - SMV other',Ottawa_west,0,cluster0
12242,Weekday,Night,Road,'01 - Clear','07 - Dark','01 - Dry','10 - No control','P.D. only','06 - SMV unattended vehicle',downtown,0,cluster1
12243,Weekday,Noon,Road,'01 - Clear','01 - Daylight','02 - Wet','01 - Traffic signal','P.D. only','02 - Angle',Ottawa_west,0,cluster5
12244,Weekday,Noon,highway,'03 - Snow','01 - Daylight','01 - Dry','02 - Stop sign','P.D. only','05 - Turning movement',downtown,0,cluster1
12245,Weekday,Afternoon,Road,'03 - Snow','01 - Daylight','02 - Wet','10 - No control','P.D. only','04 - Sideswipe',downtown,0,cluster0
12246,Weekday,Afternoon,Road,'01 - Clear','01 - Daylight','02 - Wet','10 - No control',Injury,'03 - Rear end',Ottawa_east,0,cluster1
12247,Weekday,Afternoon,Road,'03 - Snow','01 - Daylight','03 - Loose snow','10 - No control','P.D. only','07 - SMV other',Ottawa_west,0,cluster0
12248,Weekday,Night,Road,'01 - Clear','01 - Daylight','01 - Dry','10 - No control','P.D. only','04 - Sideswipe',downtown,0,cluster1
12249,Weekday,Mid_Night,Road,'01 - Clear','00 - Unknown','01 - Dry','10 - No control','P.D. only','06 - SMV unattended vehicle',downtown,0,cluster1
12250,Weekday,Evening,Road,'01 - Clear','01 - Daylight','02 - Wet','10 - No control','P.D. only','03 - Rear end',downtown,0,cluster3
12251,Weekday,Evening,Road,'01 - Clear','01 - Daylight','02 - Wet','02 - Stop sign','P.D. only','02 - Angle',Ottawa_south,0,cluster2
12252,Weekday,Evening,Road,'01 - Clear','01 - Daylight','01 - Dry','10 - No control','P.D. only','04 - Sideswipe',Ottawa_west,0,cluster2
12253,Weekday,Evening,Road,'01 - Clear','01 - Daylight','02 - Wet','02 - Stop sign','P.D. only','07 - SMV other',Ottawa_south,0,cluster5
12254,Weekday,Evening,Road,'01 - Clear','01 - Daylight','01 - Dry','01 - Traffic signal','P.D. only','02 - Angle',downtown,0,cluster1
12255,Weekday,Evening,Road,'01 - Clear','01 - Daylight','01 - Dry','01 - Traffic signal','P.D. only','03 - Rear end',mid_town,0,cluster2
12256,Weekday,Evening,Road,'01 - Clear','01 - Daylight','02 - Wet','10 - No control','P.D. only','06 - SMV unattended vehicle',downtown,0,cluster3
12257,Weekday,Evening,Road,'03 - Snow','01 - Daylight','03 - Loose snow','01 - Traffic signal',Injury,'03 - Rear end',downtown,0,cluster0
12258,Weekday,Evening,Road,'01 - Clear','01 - Daylight','01 - Dry','10 - No control','P.D. only','04 - Sideswipe',downtown,0,cluster1
12259,Weekday,Evening,Road,'01 - Clear','01 - Daylight','05 - Packed snow','02 - Stop sign','P.D. only','02 - Angle',Ottawa_west,0,cluster2
12260,Weekday,Evening,Road,'01 - Clear','01 - Daylight','01 - Dry','10 - No control','P.D. only','04 - Sideswipe',Ottawa_east,0,cluster2
12261,Weekday,Evening,highway,'01 - Clear','01 - Daylight','01 - Dry','02 - Stop sign','P.D. only','05 - Turning movement',downtown,0,cluster1
12262,Weekday,Evening,Road,'01 - Clear','01 - Daylight','02 - Wet','01 - Traffic signal',Injury,'07 - SMV other',mid_town,1,cluster5
12263,Weekday,Evening,Road,'01 - Clear','01 - Daylight','01 - Dry','10 - No control',Injury,'02 - Angle',downtown,0,cluster1
12264,Weekday,Night,Road,'01 - Clear','01 - Daylight','01 - Dry','02 - Stop sign',Injury,'05 - Turning movement',Ottawa_south,0,cluster1
12265,Weekday,Noon,Road,'01 - Clear','01 - Daylight','02 - Wet','01 - Traffic signal','P.D. only','99 - Other',downtown,0,cluster5
12266,Weekday,Night,Road,'01 - Clear','01 - Daylight','02 - Wet','02 - Stop sign','P.D. only','02 - Angle',mid_town,0,cluster5
12267,Weekday,Night,Road,'01 - Clear','01 - Daylight','01 - Dry','01 - Traffic signal','P.D. only','03 - Rear end',downtown,0,cluster1
12268,Weekday,Night,Road,'01 - Clear','05 - Dusk','01 - Dry','01 - Traffic signal',Injury,'05 - Turning movement',downtown,0,cluster4
12269,Weekday,Night,Road,'01 - Clear','05 - Dusk','06 - Ice','01 - Traffic signal','P.D. only','05 - Turning movement',Ottawa_south,0,cluster4
12270,Weekday,Night,Road,'01 - Clear','07 - Dark','02 - Wet','01 - Traffic signal','P.D. only','03 - Rear end',downtown,0,cluster5
12271,Weekday,Night,Road,'01 - Clear','07 - Dark','01 - Dry','10 - No control','P.D. only','03 - Rear end',mid_town,0,cluster1
12272,Weekday,Night,Road,'01 - Clear','07 - Dark','02 - Wet','01 - Traffic signal','P.D. only','05 - Turning movement',downtown,0,cluster4
12273,Weekday,Night,Road,'06 - Strong wind','07 - Dark','01 - Dry','10 - No control',Injury,'07 - SMV other',Ottawa_west,0,cluster1
12274,Weekday,Night,Road,'01 - Clear','07 - Dark','01 - Dry','10 - No control',Injury,'03 - Rear end',mid_town,0,cluster1
12275,Weekends,Mid_Night,Road,'01 - Clear','07 - Dark','05 - Packed snow','10 - No control','P.D. only','06 - SMV unattended vehicle',downtown,0,cluster3
12276,Weekday,Evening,Road,'01 - Clear','01 - Daylight','02 - Wet','01 - Traffic signal',Injury,'03 - Rear end',mid_town,0,cluster2
12277,Weekends,Mid_Night,Road,'01 - Clear','07 - Dark','06 - Ice','01 - Traffic signal','P.D. only','03 - Rear end',downtown,0,cluster4
12278,Weekends,Night,Road,'01 - Clear','07 - Dark','01 - Dry','01 - Traffic signal','P.D. only','05 - Turning movement',Ottawa_east,0,cluster4
12279,Weekday,Night,Road,'01 - Clear','05 - Dusk','01 - Dry','01 - Traffic signal','P.D. only','03 - Rear end',mid_town,0,cluster1
12280,Weekday,Evening,Road,'01 - Clear','01 - Daylight','02 - Wet','01 - Traffic signal','P.D. only','03 - Rear end',mid_town,0,cluster2
12281,Weekday,Evening,Road,'01 - Clear','01 - Daylight','02 - Wet','01 - Traffic signal','P.D. only','04 - Sideswipe',downtown,0,cluster5
12282,Weekends,Mid_Night,Road,'01 - Clear','07 - Dark','05 - Packed snow','02 - Stop sign','P.D. only','02 - Angle',downtown,0,cluster4
12283,Weekday,Noon,Road,'01 - Clear','01 - Daylight','04 - Slush','01 - Traffic signal','P.D. only','04 - Sideswipe',Ottawa_south,0,cluster5
12284,Weekends,Night,Road,'01 - Clear','07 - Dark','01 - Dry','10 - No control','P.D. only','03 - Rear end',downtown,0,cluster1
12285,Weekday,Mid_Night,Road,'01 - Clear','07 - Dark','01 - Dry','01 - Traffic signal','P.D. only','05 - Turning movement',Ottawa_east,0,cluster4
12286,Weekday,Early_Morning,highway,'01 - Clear','07 - Dark','01 - Dry','10 - No control',Injury,'07 - SMV other',downtown,0,cluster1
12287,Weekday,Night,Road,'03 - Snow','07 - Dark','03 - Loose snow','01 - Traffic signal','P.D. only','05 - Turning movement',Ottawa_south,0,cluster4
12288,Weekends,Mid_Night,Road,'01 - Clear','07 - Dark','02 - Wet','10 - No control','P.D. only','06 - SMV unattended vehicle',downtown,0,cluster3
12289,Weekday,Noon,Road,'07 - Fog/mist/smoke/dust','03 - Dawn','01 - Dry','01 - Traffic signal',Injury,'03 - Rear end',Ottawa_east,0,cluster1
12290,Weekends,Night,Road,'01 - Clear','07 - Dark','01 - Dry','01 - Traffic signal','P.D. only','04 - Sideswipe',downtown,0,cluster4
12291,Weekday,Night,Road,'03 - Snow','05 - Dusk','06 - Ice','01 - Traffic signal','P.D. only','03 - Rear end',mid_town,0,cluster0
12292,Weekday,Night,Road,'03 - Snow','07 - Dark','04 - Slush','02 - Stop sign','P.D. only','05 - Turning movement',downtown,0,cluster4
12293,Weekday,Evening,Road,'01 - Clear','01 - Daylight','02 - Wet','01 - Traffic signal','P.D. only','02 - Angle',downtown,0,cluster5
12294,Weekday,Early_Morning,Road,'01 - Clear','07 - Dark','01 - Dry','10 - No control','P.D. only','07 - SMV other',Ottawa_east,0,cluster1
12295,Weekday,Night,Road,'01 - Clear','07 - Dark','06 - Ice','10 - No control','P.D. only','03 - Rear end',mid_town,0,cluster1
12296,Weekday,Evening,Road,'03 - Snow','01 - Daylight','05 - Packed snow','10 - No control','P.D. only','02 - Angle',downtown,0,cluster0
12297,Weekday,Noon,Road,'01 - Clear','03 - Dawn','01 - Dry','01 - Traffic signal','P.D. only','05 - Turning movement',downtown,0,cluster4
12298,Weekends,Night,Road,'01 - Clear','07 - Dark','01 - Dry','01 - Traffic signal','P.D. only','04 - Sideswipe',downtown,0,cluster4
12299,Weekday,Evening,Road,'01 - Clear','01 - Daylight','01 - Dry','01 - Traffic signal',Injury,'07 - SMV other',mid_town,0,cluster2
12300,Weekday,Night,Road,'01 - Clear','07 - Dark','01 - Dry','10 - No control','P.D. only','99 - Other',Ottawa_west,0,cluster1
12301,Weekday,Evening,Road,'03 - Snow','01 - Daylight','03 - Loose snow','10 - No control','P.D. only','06 - SMV unattended vehicle',downtown,0,cluster0
12302,Weekday,Night,Road,'01 - Clear','07 - Dark','01 - Dry','10 - No control','P.D. only','03 - Rear end',mid_town,0,cluster1
12303,Weekday,Evening,Road,'03 - Snow','01 - Daylight','03 - Loose snow','10 - No control','P.D. only','02 - Angle',downtown,0,cluster0
12304,Weekday,Early_Morning,Road,'01 - Clear','07 - Dark','02 - Wet','10 - No control','P.D. only','04 - Sideswipe',Ottawa_east,0,cluster1
12305,Weekends,Night,Road,'01 - Clear','07 - Dark','01 - Dry','10 - No control','P.D. only','04 - Sideswipe',downtown,0,cluster1
12306,Weekday,Noon,Road,'01 - Clear','03 - Dawn','01 - Dry','01 - Traffic signal','P.D. only','03 - Rear end',mid_town,0,cluster2
12307,Weekday,Evening,Road,'01 - Clear','01 - Daylight','04 - Slush','02 - Stop sign','P.D. only','06 - SMV unattended vehicle',downtown,0,cluster1
12308,Weekday,Night,Road,'03 - Snow','05 - Dusk','03 - Loose snow','01 - Traffic signal','P.D. only','03 - Rear end',mid_town,0,cluster0
12309,Weekday,Night,Road,'01 - Clear','07 - Dark','01 - Dry','10 - No control','P.D. only','03 - Rear end',Ottawa_east,0,cluster1
12310,Weekday,Evening,Road,'03 - Snow','01 - Daylight','03 - Loose snow','01 - Traffic signal','P.D. only','07 - SMV other',mid_town,0,cluster0
12311,Weekday,Morning,Road,'03 - Snow','07 - Dark','04 - Slush','01 - Traffic signal','P.D. only','03 - Rear end',downtown,0,cluster4
12312,Weekends,Mid_Night,Road,'03 - Snow','07 - Dark','03 - Loose snow',Unknown,'P.D. only','03 - Rear end',Ottawa_west,0,cluster0
12313,Weekday,Noon,Road,'01 - Clear','01 - Daylight','04 - Slush','10 - No control','P.D. only','03 - Rear end',mid_town,0,cluster2
12314,Weekday,Noon,Road,'01 - Clear','01 - Daylight','05 - Packed snow','10 - No control','P.D. only','02 - Angle',downtown,0,cluster1
12315,Weekday,Noon,Road,'01 - Clear','01 - Daylight','01 - Dry','01 - Traffic signal','P.D. only','05 - Turning movement',Ottawa_east,0,cluster4
12316,Weekday,Noon,Road,'01 - Clear','01 - Daylight','02 - Wet','10 - No control',Injury,'02 - Angle',downtown,0,cluster1
12317,Weekday,Afternoon,Road,'01 - Clear','01 - Daylight','03 - Loose snow','10 - No control','P.D. only','02 - Angle',mid_town,0,cluster0
12318,Weekday,Afternoon,Road,'02 - Rain','01 - Daylight','01 - Dry','01 - Traffic signal','P.D. only','99 - Other',downtown,0,cluster1
12319,Weekday,Afternoon,Road,'01 - Clear','01 - Daylight','02 - Wet','10 - No control','P.D. only','02 - Angle',Ottawa_west,0,cluster1
12320,Weekday,Noon,Road,'01 - Clear','01 - Daylight','01 - Dry','02 - Stop sign','P.D. only','05 - Turning movement',Ottawa_south,0,cluster1
12321,Weekday,Noon,Road,'01 - Clear','01 - Daylight','06 - Ice','10 - No control','P.D. only','03 - Rear end',mid_town,0,cluster2
12322,Weekday,Afternoon,Road,'01 - Clear','01 - Daylight','04 - Slush','10 - No control',Injury,'03 - Rear end',mid_town,0,cluster2
12323,Weekends,Mid_Night,Road,'03 - Snow','07 - Dark','03 - Loose snow','02 - Stop sign','P.D. only','02 - Angle',mid_town,0,cluster0
12324,Weekday,Night,Road,'01 - Clear','07 - Dark','01 - Dry','10 - No control','P.D. only','03 - Rear end',mid_town,0,cluster1
12325,Weekday,Afternoon,Road,'01 - Clear','01 - Daylight','02 - Wet','01 - Traffic signal','P.D. only','03 - Rear end',downtown,0,cluster5
12326,Weekday,Afternoon,Road,'01 - Clear','01 - Daylight','02 - Wet','01 - Traffic signal','P.D. only','02 - Angle',downtown,0,cluster5
12327,Weekday,Afternoon,Road,'01 - Clear','01 - Daylight','05 - Packed snow','03 - Yield sign','P.D. only','03 - Rear end',downtown,0,cluster1
12328,Weekday,Afternoon,Road,'01 - Clear','01 - Daylight','06 - Ice','01 - Traffic signal','P.D. only','05 - Turning movement',Ottawa_west,0,cluster4
12329,Weekday,Afternoon,Road,'01 - Clear','01 - Daylight','03 - Loose snow','01 - Traffic signal','P.D. only','03 - Rear end',downtown,0,cluster1
12330,Weekday,Evening,Road,'01 - Clear','01 - Daylight','03 - Loose snow','10 - No control',Injury,'07 - SMV other',mid_town,0,cluster0
12331,Weekday,Evening,Road,'01 - Clear','01 - Daylight','02 - Wet','01 - Traffic signal',Injury,'03 - Rear end',downtown,0,cluster3
12332,Weekday,Evening,Road,'01 - Clear','01 - Daylight','02 - Wet','01 - Traffic signal','P.D. only','03 - Rear end',mid_town,0,cluster2
12333,Weekday,Evening,Road,'01 - Clear','01 - Daylight','05 - Packed snow','10 - No control','P.D. only','99 - Other',downtown,0,cluster1
12334,Weekday,Evening,Road,'01 - Clear','01 - Daylight','02 - Wet','01 - Traffic signal','P.D. only','04 - Sideswipe',downtown,0,cluster5
12335,Weekday,Afternoon,Road,'01 - Clear','01 - Daylight','02 - Wet','01 - Traffic signal','P.D. only','03 - Rear end',mid_town,0,cluster2
12336,Weekends,Night,Road,'03 - Snow','05 - Dusk','03 - Loose snow','01 - Traffic signal','P.D. only','03 - Rear end',Ottawa_east,0,cluster0
12337,Weekends,Mid_Night,Road,'03 - Snow','07 - Dark','03 - Loose snow','10 - No control','P.D. only','01 - Approaching',Ottawa_east,0,cluster0
12338,Weekends,Night,Road,'01 - Clear','05 - Dusk','01 - Dry','02 - Stop sign','P.D. only','04 - Sideswipe',downtown,0,cluster1
12339,Weekends,Mid_Night,Road,'03 - Snow','07 - Dark','04 - Slush','02 - Stop sign','P.D. only','02 - Angle',downtown,0,cluster4
12340,Weekday,Night,Road,'01 - Clear','01 - Daylight','03 - Loose snow','01 - Traffic signal','P.D. only','04 - Sideswipe',mid_town,0,cluster5
12341,Weekday,Afternoon,Road,'01 - Clear','01 - Daylight','03 - Loose snow','01 - Traffic signal','P.D. only','03 - Rear end',downtown,0,cluster1
12342,Weekday,Night,Road,'03 - Snow','01 - Daylight','03 - Loose snow','03 - Yield sign','P.D. only','02 - Angle',mid_town,0,cluster0
12343,Weekday,Evening,Road,'01 - Clear','01 - Daylight','04 - Slush','10 - No control','P.D. only','06 - SMV unattended vehicle',mid_town,0,cluster2
12344,Weekday,Night,Road,'01 - Clear','01 - Daylight','04 - Slush','01 - Traffic signal',Injury,'07 - SMV other',downtown,1,cluster5
12345,Weekday,Night,Road,'01 - Clear','05 - Dusk','01 - Dry','01 - Traffic signal',Injury,'05 - Turning movement',Ottawa_west,0,cluster4
12346,Weekday,Night,Road,'01 - Clear','05 - Dusk','02 - Wet','10 - No control','P.D. only','03 - Rear end',downtown,0,cluster1
12347,Weekday,Night,Road,'01 - Clear','07 - Dark','02 - Wet','01 - Traffic signal','P.D. only','03 - Rear end',mid_town,0,cluster5
12348,Weekday,Night,Road,'01 - Clear','07 - Dark','01 - Dry','01 - Traffic signal','P.D. only','02 - Angle',Ottawa_west,0,cluster4
12349,Weekends,Mid_Night,Road,'01 - Clear','07 - Dark','02 - Wet','10 - No control','P.D. only','06 - SMV unattended vehicle',Ottawa_west,0,cluster3
12350,Weekday,Night,Road,'01 - Clear','07 - Dark','06 - Ice','10 - No control','P.D. only','03 - Rear end',downtown,0,cluster1
12351,Weekday,Night,Road,'01 - Clear','07 - Dark','01 - Dry','01 - Traffic signal','P.D. only','05 - Turning movement',mid_town,0,cluster4
12352,Weekends,Mid_Night,Road,'03 - Snow','07 - Dark','05 - Packed snow','02 - Stop sign','P.D. only','07 - SMV other',downtown,0,cluster4
12353,Weekday,Night,Road,'03 - Snow','07 - Dark','03 - Loose snow','10 - No control',Injury,'05 - Turning movement',downtown,0,cluster0
12354,Weekday,Night,Road,'01 - Clear','07 - Dark','01 - Dry','01 - Traffic signal','P.D. only','05 - Turning movement',Ottawa_west,0,cluster4
12355,Weekday,Night,Road,'03 - Snow','07 - Dark','99 - Other','01 - Traffic signal','P.D. only','03 - Rear end',Ottawa_east,0,cluster1
12356,Weekday,Night,Road,'03 - Snow','07 - Dark','03 - Loose snow','10 - No control','P.D. only','07 - SMV other',Ottawa_east,0,cluster0
12357,Weekends,Afternoon,Road,'03 - Snow','01 - Daylight','05 - Packed snow','01 - Traffic signal','P.D. only','07 - SMV other',Ottawa_west,0,cluster0
12358,Weekday,Night,Road,'01 - Clear','07 - Dark','06 - Ice','02 - Stop sign','P.D. only','03 - Rear end',downtown,0,cluster1
12359,Weekends,Evening,Road,'01 - Clear','01 - Daylight','01 - Dry','10 - No control','P.D. only','07 - SMV other',Ottawa_east,0,cluster2
12360,Weekday,Mid_Night,Road,'01 - Clear','07 - Dark','02 - Wet','10 - No control','P.D. only','07 - SMV other',Ottawa_west,0,cluster4
12361,Weekday,Mid_Night,Road,'01 - Clear','07 - Dark','06 - Ice','10 - No control','P.D. only','03 - Rear end',downtown,0,cluster1
12362,Weekday,Mid_Night,Road,'01 - Clear','07 - Dark','01 - Dry','01 - Traffic signal','P.D. only','03 - Rear end',mid_town,0,cluster4
12363,Weekday,Mid_Night,Road,'01 - Clear','07 - Dark','02 - Wet','10 - No control','P.D. only','02 - Angle',mid_town,0,cluster2
12364,Weekday,Mid_Night,Road,'03 - Snow','07 - Dark','06 - Ice','10 - No control','P.D. only','03 - Rear end',Ottawa_east,0,cluster0
12365,Weekday,Mid_Night,Road,'01 - Clear','07 - Dark','06 - Ice','01 - Traffic signal','P.D. only','05 - Turning movement',downtown,0,cluster4
12366,Weekday,Mid_Night,Road,'01 - Clear','07 - Dark','03 - Loose snow','01 - Traffic signal','P.D. only','07 - SMV other',Ottawa_west,0,cluster4
12367,Weekday,Night,Road,'01 - Clear','07 - Dark','05 - Packed snow','10 - No control','P.D. only','06 - SMV unattended vehicle',Ottawa_west,0,cluster1
12368,Weekday,Night,Road,'01 - Clear','07 - Dark','03 - Loose snow','01 - Traffic signal','P.D. only','04 - Sideswipe',downtown,0,cluster4
12369,Weekday,Mid_Night,Road,'01 - Clear','07 - Dark','06 - Ice','01 - Traffic signal','P.D. only','03 - Rear end',mid_town,0,cluster4
12370,Weekday,Mid_Night,Road,'01 - Clear','07 - Dark','01 - Dry','10 - No control','P.D. only','03 - Rear end',Ottawa_west,0,cluster1
12371,Weekday,Mid_Night,Road,'01 - Clear','07 - Dark','03 - Loose snow','01 - Traffic signal','P.D. only','04 - Sideswipe',downtown,0,cluster4
12372,Weekday,Mid_Night,Road,'05 - Drifting Snow','07 - Dark','05 - Packed snow','01 - Traffic signal','P.D. only','04 - Sideswipe',downtown,0,cluster4
12373,Weekday,Mid_Night,Road,'03 - Snow','07 - Dark','03 - Loose snow','10 - No control',Injury,'03 - Rear end',downtown,0,cluster0
12374,Weekday,Mid_Night,Road,'03 - Snow','07 - Dark','04 - Slush','10 - No control',Injury,'03 - Rear end',mid_town,0,cluster0