Instance_number,DATE,TIME,Road_type,ENVIRONMENT,LIGHT,SURFACE_CONDITION,TRAFFIC_CONTROL,COLLISION_CLASSIFICATION,IMPACT_TYPE,Location,NO_OF_PEDESTRIANS,Cluster
12744,Weekends,Night,Road,'01 - Clear','05 - Dusk','01 - Dry','01 - Traffic signal','P.D. only','03 - Rear end',Ottawa_west,0,cluster1
12745,Weekends,Night,Road,'01 - Clear','05 - Dusk','01 - Dry','10 - No control','P.D. only','03 - Rear end',downtown,0,cluster1
12746,Weekends,Night,Road,'05 - Drifting Snow','07 - Dark','03 - Loose snow','10 - No control','P.D. only','07 - SMV other',Ottawa_west,0,cluster0
12747,Weekends,Night,Road,'01 - Clear','05 - Dusk','01 - Dry','02 - Stop sign','P.D. only','99 - Other',mid_town,0,cluster1
12748,Weekends,Night,Road,'06 - Strong wind','07 - Dark','06 - Ice','02 - Stop sign','P.D. only','02 - Angle',downtown,0,cluster1
12749,Weekends,Night,Road,'03 - Snow','07 - Dark','02 - Wet','01 - Traffic signal','P.D. only','03 - Rear end',downtown,0,cluster3
12750,Weekends,Night,Road,'03 - Snow','07 - Dark','03 - Loose snow','10 - No control',Injury,'99 - Other',downtown,0,cluster0
12751,Weekends,Night,Road,'01 - Clear','07 - Dark','01 - Dry','01 - Traffic signal','P.D. only','03 - Rear end',Ottawa_east,0,cluster1
12752,Weekends,Mid_Night,Road,'03 - Snow','07 - Dark','02 - Wet','01 - Traffic signal','P.D. only','02 - Angle',downtown,0,cluster4
12753,Weekends,Mid_Night,Road,'05 - Drifting Snow','07 - Dark','06 - Ice','10 - No control',Injury,'07 - SMV other',mid_town,0,cluster0
12754,Weekends,Night,Road,'03 - Snow','07 - Dark','03 - Loose snow','01 - Traffic signal','P.D. only','02 - Angle',Ottawa_south,0,cluster0
12755,Weekends,Mid_Night,Road,'03 - Snow','07 - Dark','03 - Loose snow','01 - Traffic signal','P.D. only','02 - Angle',downtown,0,cluster4
12756,Weekends,Mid_Night,Road,'03 - Snow','07 - Dark','05 - Packed snow','10 - No control','P.D. only','07 - SMV other',Ottawa_south,0,cluster0
12757,Weekends,Mid_Night,Road,'03 - Snow','07 - Dark','03 - Loose snow','10 - No control','P.D. only','01 - Approaching',mid_town,0,cluster0
12758,Weekends,Mid_Night,Road,'03 - Snow','07 - Dark','03 - Loose snow','01 - Traffic signal','P.D. only','03 - Rear end',mid_town,0,cluster0
12759,Weekends,Mid_Night,Road,'03 - Snow','07 - Dark','01 - Dry','01 - Traffic signal',Injury,'99 - Other',Ottawa_west,0,cluster4
12760,Weekends,Early_Morning,Road,'03 - Snow','07 - Dark','03 - Loose snow','10 - No control','P.D. only','03 - Rear end',Ottawa_east,0,cluster0
12761,Weekends,Early_Morning,Road,'03 - Snow','07 - Dark','05 - Packed snow','01 - Traffic signal',Injury,'07 - SMV other',Ottawa_east,0,cluster0
12762,Weekends,Early_Morning,Road,'03 - Snow','07 - Dark','03 - Loose snow','02 - Stop sign','P.D. only','07 - SMV other',Ottawa_south,0,cluster0
12763,Weekends,Early_Morning,Road,'03 - Snow','07 - Dark','03 - Loose snow','01 - Traffic signal','P.D. only','03 - Rear end',mid_town,0,cluster0
12764,Weekends,Morning,Road,'03 - Snow','07 - Dark','03 - Loose snow','10 - No control','P.D. only','03 - Rear end',Ottawa_east,0,cluster0
12765,Weekends,Noon,Road,'03 - Snow','07 - Dark','03 - Loose snow','10 - No control','P.D. only','07 - SMV other',Ottawa_east,0,cluster0
12766,Weekends,Noon,Road,'03 - Snow','03 - Dawn','03 - Loose snow','01 - Traffic signal','P.D. only','04 - Sideswipe',mid_town,0,cluster0
12767,Weekends,Afternoon,Road,'03 - Snow','01 - Daylight','03 - Loose snow','10 - No control','P.D. only','07 - SMV other',downtown,0,cluster0
12768,Weekends,Noon,Road,'03 - Snow','03 - Dawn','03 - Loose snow','10 - No control','P.D. only','07 - SMV other',Ottawa_east,0,cluster0
12769,Weekends,Noon,Road,'03 - Snow','03 - Dawn','05 - Packed snow','10 - No control','P.D. only','07 - SMV other',Ottawa_west,0,cluster0
12770,Weekends,Noon,Road,'03 - Snow','01 - Daylight','03 - Loose snow','10 - No control','P.D. only','03 - Rear end',mid_town,0,cluster0
12771,Weekday,Afternoon,Road,'01 - Clear','01 - Daylight','01 - Dry','01 - Traffic signal','P.D. only','04 - Sideswipe',mid_town,0,cluster2
12772,Weekends,Afternoon,Road,'03 - Snow','01 - Daylight','05 - Packed snow','01 - Traffic signal','P.D. only','07 - SMV other',downtown,0,cluster5
12773,Weekends,Afternoon,Road,'03 - Snow','01 - Daylight','06 - Ice','02 - Stop sign','P.D. only','02 - Angle',Ottawa_east,0,cluster0
12774,Weekends,Afternoon,Road,'03 - Snow','01 - Daylight','03 - Loose snow','01 - Traffic signal',Injury,'03 - Rear end',downtown,0,cluster3
12775,Weekends,Afternoon,Road,'03 - Snow','01 - Daylight','03 - Loose snow','01 - Traffic signal','P.D. only','07 - SMV other',mid_town,0,cluster0
12776,Weekends,Afternoon,Road,'03 - Snow','01 - Daylight','03 - Loose snow','10 - No control','P.D. only','07 - SMV other',Ottawa_west,0,cluster0
12777,Weekends,Afternoon,Road,'03 - Snow','01 - Daylight','05 - Packed snow','01 - Traffic signal','P.D. only','03 - Rear end',downtown,0,cluster3
12778,Weekends,Afternoon,Road,'03 - Snow','01 - Daylight','03 - Loose snow','01 - Traffic signal',Injury,'03 - Rear end',mid_town,0,cluster0
12779,Weekends,Afternoon,Road,'03 - Snow','01 - Daylight','03 - Loose snow','10 - No control','P.D. only','07 - SMV other',Ottawa_east,0,cluster0
12780,Weekends,Mid_Night,Road,'03 - Snow','07 - Dark','06 - Ice','01 - Traffic signal','P.D. only','07 - SMV other',downtown,0,cluster4
12781,Weekends,Afternoon,Road,'03 - Snow','01 - Daylight','06 - Ice','10 - No control','P.D. only','04 - Sideswipe',downtown,0,cluster3
12782,Weekends,Evening,Road,'03 - Snow','01 - Daylight','03 - Loose snow','10 - No control','P.D. only','04 - Sideswipe',downtown,0,cluster0
12783,Weekends,Evening,Road,'03 - Snow','01 - Daylight','03 - Loose snow','02 - Stop sign',Injury,'05 - Turning movement',Ottawa_south,0,cluster0
12784,Weekends,Evening,Road,'03 - Snow','01 - Daylight','03 - Loose snow','10 - No control','P.D. only','02 - Angle',mid_town,0,cluster0
12785,Weekends,Evening,Road,'01 - Clear','01 - Daylight','06 - Ice','01 - Traffic signal',Injury,'99 - Other',Ottawa_east,0,cluster3
12786,Weekends,Evening,Road,'03 - Snow','01 - Daylight','05 - Packed snow','10 - No control','P.D. only','03 - Rear end',downtown,0,cluster3
12787,Weekday,Night,Road,'01 - Clear','07 - Dark','01 - Dry','01 - Traffic signal','P.D. only','99 - Other',Ottawa_west,0,cluster4
12788,Weekends,Evening,Road,'03 - Snow','01 - Daylight','03 - Loose snow','10 - No control','P.D. only','06 - SMV unattended vehicle',Ottawa_west,0,cluster0
12789,Weekends,Evening,Road,'03 - Snow','01 - Daylight','06 - Ice','10 - No control','P.D. only','07 - SMV other',Ottawa_west,0,cluster0
12790,Weekends,Evening,Road,'03 - Snow','01 - Daylight','05 - Packed snow','01 - Traffic signal','P.D. only','03 - Rear end',mid_town,0,cluster0
12791,Weekends,Evening,Road,'03 - Snow','01 - Daylight','03 - Loose snow','10 - No control','P.D. only','07 - SMV other',Ottawa_west,0,cluster0
12792,Weekday,Night,Road,'01 - Clear','05 - Dusk','06 - Ice','01 - Traffic signal','P.D. only','03 - Rear end',Ottawa_south,0,cluster1
12793,Weekday,Evening,Road,'01 - Clear','01 - Daylight','03 - Loose snow','10 - No control','P.D. only','06 - SMV unattended vehicle',Ottawa_west,0,cluster0
12794,Weekends,Evening,highway,'03 - Snow','01 - Daylight','04 - Slush','10 - No control','P.D. only','03 - Rear end',downtown,0,cluster3
12795,Weekends,Evening,Road,'03 - Snow','01 - Daylight','05 - Packed snow','01 - Traffic signal','P.D. only','03 - Rear end',Ottawa_west,0,cluster3
12796,Weekends,Evening,Road,'03 - Snow','01 - Daylight','03 - Loose snow','10 - No control','P.D. only','02 - Angle',downtown,0,cluster0
12797,Weekends,Evening,Road,'03 - Snow','01 - Daylight','05 - Packed snow','10 - No control',Injury,'07 - SMV other',downtown,0,cluster0
12798,Weekends,Night,Road,'03 - Snow','01 - Daylight','03 - Loose snow','02 - Stop sign','P.D. only','02 - Angle',downtown,0,cluster0
12799,Weekday,Night,Road,'03 - Snow','05 - Dusk','02 - Wet','10 - No control','P.D. only','03 - Rear end',Ottawa_east,0,cluster1
12800,Weekends,Evening,Road,'01 - Clear','01 - Daylight','04 - Slush','01 - Traffic signal',Injury,'05 - Turning movement',Ottawa_south,0,cluster3
12801,Weekday,Night,Road,'03 - Snow','05 - Dusk','03 - Loose snow','01 - Traffic signal','P.D. only','04 - Sideswipe',downtown,0,cluster5
12802,Weekday,Night,Road,'03 - Snow','01 - Daylight','03 - Loose snow','10 - No control','P.D. only','06 - SMV unattended vehicle',downtown,0,cluster0
12803,Weekday,Night,Road,'03 - Snow','01 - Daylight','04 - Slush','10 - No control','P.D. only','06 - SMV unattended vehicle',Ottawa_south,0,cluster0
12804,Weekday,Night,Road,'03 - Snow','07 - Dark','04 - Slush','01 - Traffic signal','P.D. only','04 - Sideswipe',downtown,0,cluster4
12805,Weekday,Night,Road,'01 - Clear','05 - Dusk','01 - Dry','10 - No control','P.D. only','03 - Rear end',mid_town,0,cluster1
12806,Weekends,Evening,Road,'01 - Clear','01 - Daylight','02 - Wet','10 - No control','P.D. only','02 - Angle',Ottawa_east,0,cluster3
12807,Weekday,Noon,Road,'01 - Clear','03 - Dawn','05 - Packed snow','10 - No control','P.D. only','06 - SMV unattended vehicle',Ottawa_east,0,cluster1
12808,Weekday,Night,Road,'01 - Clear','07 - Dark','01 - Dry','01 - Traffic signal','P.D. only','03 - Rear end',downtown,0,cluster1
12809,Weekends,Evening,Road,'01 - Clear','01 - Daylight','04 - Slush','01 - Traffic signal','P.D. only','03 - Rear end',mid_town,0,cluster2
12810,Weekday,Night,Road,'03 - Snow','07 - Dark','03 - Loose snow','10 - No control','P.D. only','04 - Sideswipe',downtown,0,cluster0
12811,Weekday,Night,Road,'01 - Clear','07 - Dark','01 - Dry','10 - No control','P.D. only','07 - SMV other',Ottawa_west,0,cluster1
12812,Weekends,Evening,Road,'04 - Freezing Rain','01 - Daylight','04 - Slush','02 - Stop sign','P.D. only','03 - Rear end',Ottawa_south,0,cluster3
12813,Weekday,Mid_Night,Road,'01 - Clear','00 - Unknown','03 - Loose snow','10 - No control','P.D. only','06 - SMV unattended vehicle',mid_town,0,cluster0
12814,Weekday,Night,Road,'03 - Snow','07 - Dark','06 - Ice','10 - No control','P.D. only','07 - SMV other',Ottawa_east,0,cluster0
12815,Weekends,Evening,Road,'01 - Clear','01 - Daylight','02 - Wet','01 - Traffic signal','P.D. only','03 - Rear end',Ottawa_west,0,cluster3
12816,Weekday,Mid_Night,Road,'03 - Snow','07 - Dark','03 - Loose snow','02 - Stop sign','P.D. only','04 - Sideswipe',mid_town,0,cluster0
12817,Weekday,Mid_Night,Road,'03 - Snow','07 - Dark','06 - Ice','02 - Stop sign','P.D. only','03 - Rear end',Ottawa_south,0,cluster4
12818,Weekday,Mid_Night,Road,'03 - Snow','07 - Dark','03 - Loose snow','10 - No control',Injury,'01 - Approaching',downtown,0,cluster0
12819,Weekday,Mid_Night,Road,'02 - Rain','07 - Dark','03 - Loose snow','01 - Traffic signal','P.D. only','03 - Rear end',downtown,0,cluster4
12820,Weekday,Mid_Night,Road,'03 - Snow','07 - Dark','03 - Loose snow','10 - No control','P.D. only','07 - SMV other',Ottawa_west,0,cluster0
12821,Weekday,Mid_Night,Road,'01 - Clear','07 - Dark','02 - Wet','01 - Traffic signal','P.D. only','03 - Rear end',downtown,0,cluster4
12822,Weekday,Mid_Night,Road,'01 - Clear','07 - Dark','04 - Slush','01 - Traffic signal','P.D. only','05 - Turning movement',downtown,0,cluster4
12823,Weekday,Early_Morning,Road,'01 - Clear','07 - Dark','05 - Packed snow','03 - Yield sign','P.D. only','07 - SMV other',downtown,0,cluster4
12824,Weekday,Noon,Road,'03 - Snow','07 - Dark','02 - Wet','10 - No control','P.D. only','07 - SMV other',Ottawa_south,0,cluster0
12825,Weekday,Noon,Road,'01 - Clear','03 - Dawn','02 - Wet','10 - No control','P.D. only','05 - Turning movement',Ottawa_west,0,cluster1
12826,Weekday,Noon,Road,'03 - Snow','03 - Dawn','05 - Packed snow','10 - No control','P.D. only','06 - SMV unattended vehicle',downtown,0,cluster0
12827,Weekday,Noon,Road,'03 - Snow','01 - Daylight','03 - Loose snow','10 - No control','P.D. only','03 - Rear end',mid_town,0,cluster0
12828,Weekday,Noon,Road,'01 - Clear','01 - Daylight','02 - Wet','10 - No control','P.D. only','99 - Other',Ottawa_west,0,cluster1
12829,Weekday,Noon,Road,'01 - Clear','03 - Dawn','02 - Wet','10 - No control','P.D. only','01 - Approaching',mid_town,0,cluster2
12830,Weekday,Evening,highway,'03 - Snow','01 - Daylight','04 - Slush','01 - Traffic signal',Injury,'03 - Rear end',downtown,0,cluster0
12831,Weekday,Noon,Road,'01 - Clear','01 - Daylight','02 - Wet','10 - No control','P.D. only','07 - SMV other',mid_town,0,cluster0
12832,Weekday,Afternoon,Road,'03 - Snow','01 - Daylight','04 - Slush','01 - Traffic signal',Injury,'03 - Rear end',downtown,0,cluster1
12833,Weekday,Noon,Road,'01 - Clear','01 - Daylight','02 - Wet','01 - Traffic signal','P.D. only','03 - Rear end',downtown,0,cluster5
12834,Weekday,Afternoon,Road,'01 - Clear','01 - Daylight','02 - Wet','10 - No control',Injury,'07 - SMV other',downtown,0,cluster5
12835,Weekday,Night,Road,'01 - Clear','07 - Dark','04 - Slush','01 - Traffic signal',Injury,'03 - Rear end',mid_town,0,cluster1
12836,Weekday,Afternoon,Road,'03 - Snow','01 - Daylight','03 - Loose snow','02 - Stop sign',Injury,'02 - Angle',downtown,0,cluster0
12837,Weekday,Afternoon,Road,'01 - Clear','01 - Daylight','02 - Wet','01 - Traffic signal','P.D. only','02 - Angle',downtown,0,cluster5
12838,Weekday,Afternoon,Road,'01 - Clear','01 - Daylight','01 - Dry','10 - No control','P.D. only','05 - Turning movement',Ottawa_west,0,cluster1
12839,Weekends,Night,Road,'03 - Snow','07 - Dark','04 - Slush','10 - No control','P.D. only','06 - SMV unattended vehicle',downtown,0,cluster1
12840,Weekday,Evening,Road,'01 - Clear','01 - Daylight','05 - Packed snow','10 - No control','P.D. only','04 - Sideswipe',downtown,0,cluster1
12841,Weekday,Evening,Road,'01 - Clear','01 - Daylight','02 - Wet','10 - No control','P.D. only','02 - Angle',Ottawa_south,0,cluster2
12842,Weekday,Evening,Road,'01 - Clear','01 - Daylight','01 - Dry','10 - No control',Injury,'07 - SMV other',downtown,1,cluster1
12843,Weekday,Mid_Night,Road,'01 - Clear','00 - Unknown','03 - Loose snow','10 - No control','P.D. only','06 - SMV unattended vehicle',Ottawa_east,0,cluster0
12844,Weekday,Evening,Road,'01 - Clear','01 - Daylight','05 - Packed snow','02 - Stop sign','P.D. only','99 - Other',downtown,0,cluster1
12845,Weekday,Night,Road,'03 - Snow','07 - Dark','06 - Ice','02 - Stop sign','P.D. only','03 - Rear end',downtown,0,cluster1
12846,Weekday,Evening,Road,'01 - Clear','01 - Daylight','04 - Slush','01 - Traffic signal','P.D. only','03 - Rear end',mid_town,0,cluster2
12847,Weekday,Night,Road,'03 - Snow','07 - Dark','03 - Loose snow','10 - No control','P.D. only','03 - Rear end',downtown,0,cluster1
12848,Weekday,Evening,Road,'01 - Clear','01 - Daylight','01 - Dry','10 - No control','P.D. only','02 - Angle',downtown,0,cluster1
12849,Weekday,Evening,Road,'04 - Freezing Rain','01 - Daylight','06 - Ice','01 - Traffic signal','P.D. only','05 - Turning movement',mid_town,0,cluster0
12850,Weekday,Evening,Road,'01 - Clear','01 - Daylight','01 - Dry','10 - No control','P.D. only','01 - Approaching',downtown,0,cluster1
12851,Weekday,Night,Road,'03 - Snow','01 - Daylight','02 - Wet','01 - Traffic signal','P.D. only','03 - Rear end',Ottawa_south,0,cluster5
12852,Weekday,Night,Road,'01 - Clear','01 - Daylight','04 - Slush','01 - Traffic signal','P.D. only','04 - Sideswipe',downtown,0,cluster5
12853,Weekday,Night,Road,'05 - Drifting Snow','01 - Daylight','04 - Slush','02 - Stop sign','P.D. only','03 - Rear end',Ottawa_west,0,cluster1
12854,Weekday,Noon,Road,'01 - Clear','01 - Daylight','01 - Dry','01 - Traffic signal','P.D. only','03 - Rear end',downtown,0,cluster1
12855,Weekday,Night,Road,'01 - Clear','05 - Dusk','01 - Dry','10 - No control','P.D. only','06 - SMV unattended vehicle',downtown,0,cluster1
12856,Weekday,Night,Road,'01 - Clear','01 - Daylight','04 - Slush','02 - Stop sign','P.D. only','99 - Other',Ottawa_east,0,cluster1
12857,Weekday,Night,Road,'01 - Clear','07 - Dark','04 - Slush','10 - No control','P.D. only','06 - SMV unattended vehicle',mid_town,0,cluster1
12858,Weekday,Night,Road,'03 - Snow','05 - Dusk','02 - Wet','10 - No control','P.D. only','04 - Sideswipe',mid_town,0,cluster0
12859,Weekday,Night,Road,'01 - Clear','05 - Dusk','02 - Wet','02 - Stop sign',Injury,'07 - SMV other',downtown,1,cluster5
12860,Weekday,Night,Road,'01 - Clear','05 - Dusk','02 - Wet','01 - Traffic signal',Injury,'05 - Turning movement',Ottawa_west,0,cluster5
12861,Weekday,Night,Road,'01 - Clear','07 - Dark','04 - Slush','01 - Traffic signal','P.D. only','05 - Turning movement',mid_town,0,cluster4
12862,Weekday,Night,Road,'01 - Clear','07 - Dark','02 - Wet','01 - Traffic signal','P.D. only','03 - Rear end',Ottawa_west,0,cluster5
12863,Weekday,Night,Road,'01 - Clear','07 - Dark','04 - Slush','01 - Traffic signal','P.D. only','05 - Turning movement',downtown,0,cluster4
12864,Weekday,Night,Road,'01 - Clear','05 - Dusk','03 - Loose snow','01 - Traffic signal','P.D. only','04 - Sideswipe',mid_town,0,cluster5
12865,Weekday,Night,Road,'01 - Clear','07 - Dark','02 - Wet','10 - No control','P.D. only','05 - Turning movement',Ottawa_south,0,cluster1
12866,Weekday,Night,Road,'01 - Clear','07 - Dark','04 - Slush','10 - No control','P.D. only','05 - Turning movement',downtown,0,cluster1
12867,Weekday,Night,Road,'03 - Snow','07 - Dark','03 - Loose snow','01 - Traffic signal','P.D. only','05 - Turning movement',downtown,0,cluster4
12868,Weekday,Noon,Road,'01 - Clear','07 - Dark','02 - Wet','02 - Stop sign','P.D. only','02 - Angle',Ottawa_east,0,cluster4
12869,Weekday,Noon,Road,'03 - Snow','03 - Dawn','03 - Loose snow','01 - Traffic signal','P.D. only','03 - Rear end',downtown,0,cluster0
12870,Weekday,Mid_Night,Road,'03 - Snow','07 - Dark','03 - Loose snow','01 - Traffic signal','P.D. only','03 - Rear end',downtown,0,cluster4
12871,Weekday,Night,Road,'01 - Clear','07 - Dark','03 - Loose snow','01 - Traffic signal','P.D. only','02 - Angle',downtown,0,cluster4
12872,Weekday,Mid_Night,Road,'03 - Snow','07 - Dark','03 - Loose snow','02 - Stop sign',Injury,'07 - SMV other',downtown,1,cluster0
12873,Weekday,Night,Road,'03 - Snow','05 - Dusk','04 - Slush','01 - Traffic signal',Injury,'03 - Rear end',downtown,0,cluster1
12874,Weekday,Mid_Night,Road,'03 - Snow','07 - Dark','04 - Slush','01 - Traffic signal','P.D. only','03 - Rear end',Ottawa_south,0,cluster4
12875,Weekday,Mid_Night,Road,'01 - Clear','07 - Dark','02 - Wet','01 - Traffic signal','P.D. only','02 - Angle',downtown,0,cluster4
12876,Weekday,Mid_Night,Road,'03 - Snow','07 - Dark','04 - Slush','01 - Traffic signal','P.D. only','05 - Turning movement',mid_town,0,cluster4
12877,Weekday,Mid_Night,Road,'01 - Clear','07 - Dark','02 - Wet','01 - Traffic signal','P.D. only','05 - Turning movement',downtown,0,cluster4
12878,Weekday,Mid_Night,Road,'03 - Snow','07 - Dark','03 - Loose snow','10 - No control','P.D. only','07 - SMV other',Ottawa_south,0,cluster0
12879,Weekday,Early_Morning,Road,'03 - Snow','07 - Dark','03 - Loose snow','01 - Traffic signal','P.D. only','02 - Angle',downtown,0,cluster4
12880,Weekday,Morning,Road,'03 - Snow','07 - Dark','06 - Ice','10 - No control','P.D. only','07 - SMV other',Ottawa_south,0,cluster0
12881,Weekday,Noon,Road,'01 - Clear','07 - Dark','04 - Slush','10 - No control','P.D. only','07 - SMV other',Ottawa_south,0,cluster0
12882,Weekday,Night,Road,'01 - Clear','07 - Dark','01 - Dry','10 - No control','P.D. only','07 - SMV other',Ottawa_west,0,cluster1
12883,Weekday,Night,Road,'01 - Clear','07 - Dark','01 - Dry','10 - No control','P.D. only','03 - Rear end',mid_town,0,cluster1
12884,Weekends,Evening,Road,'03 - Snow','01 - Daylight','04 - Slush','01 - Traffic signal','P.D. only','05 - Turning movement',mid_town,0,cluster0
12885,Weekday,Night,Road,'01 - Clear','07 - Dark','01 - Dry','01 - Traffic signal',Injury,'05 - Turning movement',mid_town,0,cluster4
12886,Weekday,Afternoon,Road,'01 - Clear','01 - Daylight','03 - Loose snow','10 - No control','P.D. only','99 - Other',Ottawa_east,0,cluster0
12887,Weekday,Night,Road,'03 - Snow','05 - Dusk','03 - Loose snow','10 - No control','P.D. only','01 - Approaching',mid_town,0,cluster0
12888,Weekday,Night,Road,'01 - Clear','07 - Dark','01 - Dry','10 - No control','P.D. only','05 - Turning movement',mid_town,0,cluster1
12889,Weekends,Evening,Road,'01 - Clear','01 - Daylight','04 - Slush','10 - No control','P.D. only','05 - Turning movement',Ottawa_west,0,cluster3
12890,Weekday,Night,Road,'01 - Clear','07 - Dark','01 - Dry','01 - Traffic signal','P.D. only','03 - Rear end',downtown,0,cluster1
12891,Weekends,Evening,Road,'04 - Freezing Rain','01 - Daylight','04 - Slush','01 - Traffic signal','P.D. only','04 - Sideswipe',Ottawa_east,0,cluster3
12892,Weekday,Night,Road,'01 - Clear','07 - Dark','01 - Dry','02 - Stop sign','P.D. only','02 - Angle',downtown,0,cluster1
12893,Weekends,Afternoon,Road,'04 - Freezing Rain','01 - Daylight','02 - Wet','10 - No control','P.D. only','06 - SMV unattended vehicle',downtown,0,cluster3
12894,Weekday,Night,Road,'01 - Clear','07 - Dark','01 - Dry','10 - No control','P.D. only','06 - SMV unattended vehicle',mid_town,0,cluster1
12895,Weekends,Night,Road,'01 - Clear','01 - Daylight','04 - Slush','01 - Traffic signal','P.D. only','04 - Sideswipe',downtown,0,cluster5
12896,Weekday,Mid_Night,Road,'03 - Snow','07 - Dark','03 - Loose snow','01 - Traffic signal','P.D. only','03 - Rear end',mid_town,0,cluster0
12897,Weekends,Night,Road,'04 - Freezing Rain','05 - Dusk','04 - Slush','10 - No control','P.D. only','06 - SMV unattended vehicle',downtown,0,cluster1
12898,Weekday,Night,Road,'01 - Clear','07 - Dark','01 - Dry','10 - No control','P.D. only','07 - SMV other',Ottawa_south,0,cluster1
12899,Weekday,Noon,Road,'01 - Clear','01 - Daylight','05 - Packed snow','03 - Yield sign','P.D. only','02 - Angle',downtown,0,cluster1
12900,Weekday,Mid_Night,Road,'01 - Clear','07 - Dark','01 - Dry','10 - No control',Injury,'07 - SMV other',Ottawa_east,0,cluster4
12901,Weekday,Mid_Night,Road,'03 - Snow','07 - Dark','01 - Dry','01 - Traffic signal','P.D. only','03 - Rear end',Ottawa_west,0,cluster4
12902,Weekday,Mid_Night,Road,'01 - Clear','07 - Dark','01 - Dry','01 - Traffic signal',Injury,'05 - Turning movement',downtown,0,cluster4
12903,Weekday,Mid_Night,Road,'01 - Clear','07 - Dark','01 - Dry','01 - Traffic signal','P.D. only','02 - Angle',Ottawa_east,0,cluster4
12904,Weekday,Mid_Night,Road,'01 - Clear','07 - Dark','01 - Dry','10 - No control','P.D. only','06 - SMV unattended vehicle',downtown,0,cluster4
12905,Weekday,Mid_Night,Road,'01 - Clear','07 - Dark','01 - Dry','02 - Stop sign','P.D. only','02 - Angle',Ottawa_east,0,cluster4
12906,Weekday,Mid_Night,Road,'01 - Clear','07 - Dark','01 - Dry','10 - No control','P.D. only','07 - SMV other',downtown,0,cluster4
12907,Weekday,Morning,Road,'01 - Clear','07 - Dark','06 - Ice','10 - No control',Injury,'07 - SMV other',Ottawa_east,0,cluster0
12908,Weekday,Morning,Road,'01 - Clear','07 - Dark','01 - Dry','01 - Traffic signal',Injury,'05 - Turning movement',downtown,0,cluster4
12909,Weekday,Noon,Road,'03 - Snow','07 - Dark','02 - Wet','10 - No control','P.D. only','07 - SMV other',Ottawa_south,0,cluster0
12910,Weekday,Noon,Road,'01 - Clear','03 - Dawn','01 - Dry','02 - Stop sign',Injury,'03 - Rear end',downtown,0,cluster1
12911,Weekday,Mid_Night,Road,'01 - Clear','07 - Dark','06 - Ice','10 - No control','P.D. only','06 - SMV unattended vehicle',Ottawa_south,0,cluster4
12912,Weekday,Noon,Road,'01 - Clear','01 - Daylight','02 - Wet','01 - Traffic signal',Injury,'07 - SMV other',downtown,1,cluster5
12913,Weekday,Noon,Road,'01 - Clear','01 - Daylight','01 - Dry','01 - Traffic signal','P.D. only','02 - Angle',downtown,0,cluster1
12914,Weekday,Noon,Road,'01 - Clear','01 - Daylight','01 - Dry','01 - Traffic signal',Injury,'02 - Angle',Ottawa_east,0,cluster1
12915,Weekday,Noon,Road,'01 - Clear','01 - Daylight','01 - Dry','10 - No control','P.D. only','07 - SMV other',mid_town,0,cluster2
12916,Weekday,Afternoon,Road,'01 - Clear','01 - Daylight','01 - Dry','01 - Traffic signal','P.D. only','05 - Turning movement',downtown,0,cluster4
12917,Weekday,Afternoon,Road,'01 - Clear','01 - Daylight','01 - Dry','02 - Stop sign','P.D. only','02 - Angle',Ottawa_east,0,cluster1
12918,Weekday,Noon,Road,'01 - Clear','01 - Daylight','02 - Wet','10 - No control','P.D. only','03 - Rear end',Ottawa_west,0,cluster1
12919,Weekday,Mid_Night,Road,'01 - Clear','00 - Unknown','01 - Dry','10 - No control','P.D. only','06 - SMV unattended vehicle',downtown,0,cluster1
12920,Weekday,Afternoon,Road,'01 - Clear','01 - Daylight','06 - Ice','01 - Traffic signal','P.D. only','03 - Rear end',Ottawa_east,0,cluster1
12921,Weekday,Afternoon,Road,'01 - Clear','01 - Daylight','01 - Dry','01 - Traffic signal','P.D. only','04 - Sideswipe',downtown,0,cluster1
12922,Weekday,Afternoon,Road,'01 - Clear','01 - Daylight','01 - Dry','10 - No control','P.D. only','03 - Rear end',Ottawa_south,0,cluster1
12923,Weekday,Afternoon,Road,'01 - Clear','01 - Daylight','01 - Dry','10 - No control','P.D. only','05 - Turning movement',mid_town,0,cluster2
12924,Weekday,Afternoon,Road,'01 - Clear','01 - Daylight','06 - Ice','10 - No control','P.D. only','04 - Sideswipe',downtown,0,cluster1
12925,Weekday,Evening,Road,'01 - Clear','01 - Daylight','01 - Dry','01 - Traffic signal','P.D. only','02 - Angle',downtown,0,cluster1
12926,Weekday,Afternoon,Road,'01 - Clear','01 - Daylight','01 - Dry','01 - Traffic signal','P.D. only','03 - Rear end',mid_town,0,cluster2
12927,Weekday,Evening,Road,'01 - Clear','01 - Daylight','01 - Dry','02 - Stop sign',Injury,'03 - Rear end',downtown,0,cluster1