Instance_number,DATE,TIME,Road_type,ENVIRONMENT,LIGHT,SURFACE_CONDITION,TRAFFIC_CONTROL,COLLISION_CLASSIFICATION,IMPACT_TYPE,Location,NO_OF_PEDESTRIANS,Cluster
12928,Weekday,Evening,Road,'01 - Clear','01 - Daylight','01 - Dry','10 - No control',Injury,'02 - Angle',mid_town,0,cluster2
12929,Weekday,Afternoon,Road,'01 - Clear','01 - Daylight','06 - Ice','10 - No control','P.D. only','03 - Rear end',mid_town,0,cluster2
12930,Weekday,Evening,Road,'01 - Clear','01 - Daylight','01 - Dry','01 - Traffic signal','P.D. only','03 - Rear end',mid_town,0,cluster2
12931,Weekday,Evening,Road,'01 - Clear','01 - Daylight','05 - Packed snow','10 - No control','P.D. only','06 - SMV unattended vehicle',Ottawa_west,0,cluster2
12932,Weekday,Evening,Road,'01 - Clear','01 - Daylight','01 - Dry','01 - Traffic signal','P.D. only','05 - Turning movement',downtown,0,cluster4
12933,Weekday,Evening,Road,'01 - Clear','01 - Daylight','01 - Dry','02 - Stop sign','P.D. only','05 - Turning movement',Ottawa_south,0,cluster2
12934,Weekday,Evening,Road,'01 - Clear','01 - Daylight','01 - Dry','02 - Stop sign','P.D. only','04 - Sideswipe',downtown,0,cluster1
12935,Weekday,Evening,Road,'01 - Clear','01 - Daylight','01 - Dry','01 - Traffic signal','P.D. only','02 - Angle',downtown,0,cluster1
12936,Weekday,Evening,Road,'01 - Clear','01 - Daylight','06 - Ice','02 - Stop sign','P.D. only','02 - Angle',downtown,0,cluster1
12937,Weekday,Evening,Road,'01 - Clear','01 - Daylight','01 - Dry','10 - No control','P.D. only','05 - Turning movement',mid_town,0,cluster2
12938,Weekday,Evening,Road,'01 - Clear','01 - Daylight','01 - Dry','01 - Traffic signal','P.D. only','03 - Rear end',downtown,0,cluster1
12939,Weekday,Evening,Road,'01 - Clear','01 - Daylight','01 - Dry','01 - Traffic signal',Injury,'07 - SMV other',downtown,1,cluster5
12940,Weekday,Night,Road,'01 - Clear','01 - Daylight','01 - Dry','01 - Traffic signal','P.D. only','03 - Rear end',downtown,0,cluster1
12941,Weekday,Afternoon,Road,'01 - Clear','01 - Daylight','01 - Dry','01 - Traffic signal','P.D. only','03 - Rear end',downtown,0,cluster1
12942,Weekday,Evening,Road,'01 - Clear','01 - Daylight','01 - Dry','01 - Traffic signal','P.D. only','04 - Sideswipe',downtown,0,cluster1
12943,Weekday,Night,Road,'01 - Clear','07 - Dark','01 - Dry','01 - Traffic signal','P.D. only','04 - Sideswipe',mid_town,0,cluster4
12944,Weekday,Evening,Road,'01 - Clear','01 - Daylight','01 - Dry','01 - Traffic signal','P.D. only','99 - Other',downtown,0,cluster1
12945,Weekday,Evening,Road,'01 - Clear','01 - Daylight','01 - Dry','02 - Stop sign','P.D. only','02 - Angle',Ottawa_south,0,cluster2
12946,Weekday,Evening,Road,'01 - Clear','01 - Daylight','01 - Dry','02 - Stop sign',Injury,'02 - Angle',Ottawa_south,0,cluster2
12947,Weekday,Evening,Road,'01 - Clear','01 - Daylight','01 - Dry','01 - Traffic signal','P.D. only','02 - Angle',downtown,0,cluster1
12948,Weekends,Night,Road,'03 - Snow','07 - Dark','03 - Loose snow','10 - No control','P.D. only','07 - SMV other',Ottawa_east,0,cluster0
12949,Weekends,Night,Road,'01 - Clear','07 - Dark','01 - Dry','10 - No control','P.D. only','05 - Turning movement',Ottawa_south,0,cluster1
12950,Weekday,Mid_Night,Road,'01 - Clear','00 - Unknown','04 - Slush','10 - No control','P.D. only','06 - SMV unattended vehicle',downtown,0,cluster1
12951,Weekends,Mid_Night,Road,'03 - Snow','07 - Dark','03 - Loose snow','01 - Traffic signal',Injury,'03 - Rear end',mid_town,0,cluster0
12952,Weekends,Mid_Night,Road,'03 - Snow','07 - Dark','03 - Loose snow','01 - Traffic signal','P.D. only','04 - Sideswipe',Ottawa_south,0,cluster4
12953,Weekends,Mid_Night,Road,'03 - Snow','07 - Dark','04 - Slush','10 - No control',Injury,'07 - SMV other',mid_town,0,cluster0
12954,Weekends,Mid_Night,Road,'03 - Snow','07 - Dark','03 - Loose snow','01 - Traffic signal','P.D. only','02 - Angle',downtown,0,cluster4
12955,Weekends,Early_Morning,Road,'03 - Snow','07 - Dark','04 - Slush','10 - No control','P.D. only','02 - Angle',downtown,0,cluster3
12956,Weekends,Morning,Road,'03 - Snow','07 - Dark','03 - Loose snow','01 - Traffic signal','P.D. only','07 - SMV other',mid_town,0,cluster0
12957,Weekends,Noon,Road,'03 - Snow','07 - Dark','03 - Loose snow','01 - Traffic signal','P.D. only','03 - Rear end',downtown,0,cluster3
12958,Weekends,Noon,Road,'03 - Snow','01 - Daylight','03 - Loose snow','10 - No control','P.D. only','06 - SMV unattended vehicle',Ottawa_east,0,cluster0
12959,Weekends,Evening,Road,'04 - Freezing Rain','01 - Daylight','06 - Ice','10 - No control','P.D. only','01 - Approaching',mid_town,0,cluster0
12960,Weekends,Afternoon,Road,'03 - Snow','01 - Daylight','03 - Loose snow','02 - Stop sign','P.D. only','99 - Other',downtown,0,cluster0
12961,Weekends,Afternoon,Road,'04 - Freezing Rain','01 - Daylight','06 - Ice','10 - No control','P.D. only','07 - SMV other',mid_town,0,cluster0
12962,Weekends,Afternoon,Road,'03 - Snow','01 - Daylight','05 - Packed snow','10 - No control','P.D. only','06 - SMV unattended vehicle',mid_town,0,cluster0
12963,Weekends,Afternoon,Road,'03 - Snow','01 - Daylight','03 - Loose snow','10 - No control',Injury,'01 - Approaching',mid_town,0,cluster0
12964,Weekends,Afternoon,Road,'03 - Snow','01 - Daylight','03 - Loose snow','10 - No control','P.D. only','06 - SMV unattended vehicle',downtown,0,cluster0
12965,Weekends,Morning,Road,'04 - Freezing Rain','07 - Dark','05 - Packed snow','01 - Traffic signal','P.D. only','07 - SMV other',Ottawa_east,0,cluster4
12966,Weekends,Night,Road,'03 - Snow','01 - Daylight','04 - Slush','10 - No control','P.D. only','06 - SMV unattended vehicle',downtown,0,cluster1
12967,Weekends,Evening,Road,'04 - Freezing Rain','01 - Daylight','03 - Loose snow','10 - No control','P.D. only','07 - SMV other',Ottawa_south,1,cluster0
12968,Weekends,Evening,Road,'03 - Snow','01 - Daylight','04 - Slush','01 - Traffic signal','P.D. only','05 - Turning movement',downtown,0,cluster3
12969,Weekends,Evening,Road,'04 - Freezing Rain','01 - Daylight','04 - Slush','01 - Traffic signal','P.D. only','02 - Angle',mid_town,0,cluster0
12970,Weekends,Evening,Road,'04 - Freezing Rain','01 - Daylight','03 - Loose snow','10 - No control','P.D. only','01 - Approaching',downtown,0,cluster3
12971,Weekends,Evening,Road,'04 - Freezing Rain','01 - Daylight','03 - Loose snow','10 - No control','P.D. only','04 - Sideswipe',Ottawa_east,0,cluster0
12972,Weekends,Evening,Road,'01 - Clear','01 - Daylight','04 - Slush','01 - Traffic signal','P.D. only','02 - Angle',mid_town,0,cluster2
12973,Weekends,Evening,Road,'03 - Snow','01 - Daylight','05 - Packed snow','01 - Traffic signal','P.D. only','02 - Angle',downtown,0,cluster3
12974,Weekends,Night,highway,'04 - Freezing Rain','01 - Daylight','04 - Slush','02 - Stop sign','P.D. only','02 - Angle',Ottawa_west,0,cluster1
12975,Weekends,Night,Road,'03 - Snow','01 - Daylight','04 - Slush','10 - No control','P.D. only','99 - Other',downtown,0,cluster1
12976,Weekends,Night,Road,'03 - Snow','05 - Dusk','02 - Wet','10 - No control','P.D. only','07 - SMV other',downtown,0,cluster3
12977,Weekends,Night,Road,'04 - Freezing Rain','05 - Dusk','04 - Slush','10 - No control',Injury,'03 - Rear end',downtown,0,cluster1
12978,Weekends,Night,Road,'03 - Snow','05 - Dusk','03 - Loose snow','01 - Traffic signal',Injury,'05 - Turning movement',mid_town,0,cluster0
12979,Weekends,Night,Road,'03 - Snow','01 - Daylight','03 - Loose snow','10 - No control','P.D. only','04 - Sideswipe',downtown,0,cluster0
12980,Weekends,Night,Road,'03 - Snow','07 - Dark','03 - Loose snow','02 - Stop sign','P.D. only','07 - SMV other',Ottawa_west,0,cluster0
12981,Weekends,Evening,Road,'03 - Snow','01 - Daylight','03 - Loose snow','10 - No control','P.D. only','04 - Sideswipe',downtown,0,cluster0
12982,Weekends,Night,Road,'03 - Snow','07 - Dark','03 - Loose snow','02 - Stop sign','P.D. only','07 - SMV other',downtown,0,cluster0
12983,Weekends,Night,Road,'03 - Snow','07 - Dark','04 - Slush','10 - No control','P.D. only','03 - Rear end',downtown,0,cluster1
12984,Weekends,Night,Road,'04 - Freezing Rain','07 - Dark','03 - Loose snow','10 - No control','P.D. only','01 - Approaching',Ottawa_west,0,cluster0
12985,Weekends,Night,Road,'03 - Snow','07 - Dark','03 - Loose snow','01 - Traffic signal','P.D. only','05 - Turning movement',downtown,0,cluster4
12986,Weekends,Night,Road,'04 - Freezing Rain','07 - Dark','03 - Loose snow','10 - No control','P.D. only','03 - Rear end',downtown,0,cluster1
12987,Weekends,Mid_Night,Road,'03 - Snow','07 - Dark','03 - Loose snow','02 - Stop sign','P.D. only','06 - SMV unattended vehicle',downtown,0,cluster4
12988,Weekends,Early_Morning,Road,'03 - Snow','07 - Dark','04 - Slush','10 - No control','P.D. only','06 - SMV unattended vehicle',mid_town,0,cluster0
12989,Weekends,Mid_Night,Road,'01 - Clear','07 - Dark','02 - Wet','10 - No control','P.D. only','07 - SMV other',Ottawa_west,0,cluster3
12990,Weekends,Mid_Night,Road,'03 - Snow','07 - Dark','04 - Slush','10 - No control','P.D. only','06 - SMV unattended vehicle',downtown,0,cluster3
12991,Weekday,Early_Morning,Road,'02 - Rain','07 - Dark','06 - Ice','10 - No control','P.D. only','07 - SMV other',mid_town,0,cluster0
12992,Weekends,Evening,Road,'03 - Snow','01 - Daylight','04 - Slush','10 - No control','P.D. only','06 - SMV unattended vehicle',downtown,0,cluster3
12993,Weekday,Early_Morning,Road,'01 - Clear','07 - Dark','06 - Ice','10 - No control',Injury,'07 - SMV other',Ottawa_east,0,cluster0
12994,Weekday,Noon,Road,'01 - Clear','03 - Dawn','03 - Loose snow','10 - No control','P.D. only','04 - Sideswipe',downtown,0,cluster1
12995,Weekends,Mid_Night,Road,'04 - Freezing Rain','07 - Dark','03 - Loose snow','10 - No control','P.D. only','06 - SMV unattended vehicle',downtown,0,cluster3
12996,Weekends,Night,Road,'01 - Clear','07 - Dark','04 - Slush','10 - No control','P.D. only','03 - Rear end',Ottawa_east,0,cluster1
12997,Weekday,Afternoon,Road,'01 - Clear','01 - Daylight','02 - Wet','10 - No control','P.D. only','05 - Turning movement',Ottawa_east,0,cluster1
12998,Weekday,Afternoon,Road,'01 - Clear','01 - Daylight','02 - Wet','01 - Traffic signal','P.D. only','03 - Rear end',downtown,0,cluster5
12999,Weekday,Afternoon,Road,'01 - Clear','01 - Daylight','03 - Loose snow','10 - No control',Injury,'07 - SMV other',Ottawa_south,0,cluster0
13000,Weekday,Night,highway,'01 - Clear','01 - Daylight','01 - Dry','10 - No control','P.D. only','04 - Sideswipe',mid_town,0,cluster1
13001,Weekday,Noon,highway,'01 - Clear','01 - Daylight','01 - Dry','10 - No control','P.D. only','07 - SMV other',downtown,0,cluster1
13002,Weekday,Night,highway,'01 - Clear','05 - Dusk','01 - Dry','10 - No control','P.D. only','07 - SMV other',downtown,0,cluster1
13003,Weekday,Noon,highway,'01 - Clear','07 - Dark','06 - Ice','10 - No control','P.D. only','07 - SMV other',Ottawa_south,0,cluster0
13004,Weekday,Noon,highway,'03 - Snow','03 - Dawn','06 - Ice','10 - No control','P.D. only','07 - SMV other',Ottawa_south,0,cluster0
13005,Weekday,Night,highway,'01 - Clear','01 - Daylight','02 - Wet','10 - No control','P.D. only','03 - Rear end',downtown,0,cluster1
13006,Weekday,Noon,highway,'03 - Snow','01 - Daylight','06 - Ice','10 - No control','P.D. only','07 - SMV other',Ottawa_south,0,cluster0
13007,Weekday,Night,highway,'03 - Snow','05 - Dusk','03 - Loose snow','10 - No control','P.D. only','04 - Sideswipe',downtown,0,cluster0
13008,Weekday,Noon,highway,'06 - Strong wind','01 - Daylight','06 - Ice','10 - No control','P.D. only','07 - SMV other',Ottawa_south,0,cluster0
13009,Weekday,Noon,highway,'01 - Clear','01 - Daylight','06 - Ice','10 - No control','P.D. only','03 - Rear end',Ottawa_south,0,cluster1
13010,Weekday,Afternoon,Road,'01 - Clear','01 - Daylight','01 - Dry','01 - Traffic signal','P.D. only','02 - Angle',mid_town,0,cluster2
13011,Weekday,Early_Morning,highway,'03 - Snow','07 - Dark','03 - Loose snow','10 - No control','P.D. only','07 - SMV other',Ottawa_west,0,cluster0
13012,Weekday,Evening,Road,'01 - Clear','01 - Daylight','02 - Wet','01 - Traffic signal','P.D. only','02 - Angle',mid_town,0,cluster2
13013,Weekday,Mid_Night,highway,'01 - Clear','07 - Dark','02 - Wet','10 - No control',Injury,'03 - Rear end',downtown,0,cluster1
13014,Weekday,Night,Road,'01 - Clear','01 - Daylight','01 - Dry','02 - Stop sign',Injury,'03 - Rear end',downtown,0,cluster1
13015,Weekday,Early_Morning,highway,'04 - Freezing Rain','07 - Dark','04 - Slush','10 - No control','P.D. only','07 - SMV other',downtown,0,cluster0
13016,Weekends,Early_Morning,highway,'03 - Snow','07 - Dark','03 - Loose snow','10 - No control','P.D. only','07 - SMV other',Ottawa_west,0,cluster0
13017,Weekday,Morning,highway,'03 - Snow','07 - Dark','03 - Loose snow','10 - No control','P.D. only','07 - SMV other',downtown,0,cluster0
13018,Weekday,Mid_Night,Road,'03 - Snow','07 - Dark','03 - Loose snow','01 - Traffic signal','P.D. only','03 - Rear end',downtown,0,cluster4
13019,Weekends,Night,Road,'01 - Clear','01 - Daylight','01 - Dry','01 - Traffic signal','P.D. only','04 - Sideswipe',downtown,0,cluster1
13020,Weekday,Afternoon,Road,'03 - Snow','01 - Daylight','04 - Slush','10 - No control','P.D. only','06 - SMV unattended vehicle',Ottawa_west,0,cluster0
13021,Weekday,Morning,highway,'05 - Drifting Snow','07 - Dark','06 - Ice','10 - No control','P.D. only','07 - SMV other',Ottawa_south,0,cluster0
13022,Weekday,Evening,Road,'01 - Clear','01 - Daylight','01 - Dry','10 - No control',Injury,'03 - Rear end',downtown,0,cluster1
13023,Weekday,Afternoon,Road,'01 - Clear','01 - Daylight','02 - Wet','01 - Traffic signal','P.D. only','04 - Sideswipe',downtown,0,cluster5
13024,Weekday,Afternoon,highway,'01 - Clear','01 - Daylight','01 - Dry','10 - No control','P.D. only','03 - Rear end',downtown,0,cluster1
13025,Weekday,Mid_Night,highway,'03 - Snow','07 - Dark','03 - Loose snow','10 - No control','P.D. only','99 - Other',downtown,0,cluster0
13026,Weekday,Evening,highway,'01 - Clear','01 - Daylight','02 - Wet','10 - No control','P.D. only','04 - Sideswipe',downtown,0,cluster3
13027,Weekday,Evening,Road,'01 - Clear','01 - Daylight','01 - Dry','10 - No control','P.D. only','04 - Sideswipe',downtown,0,cluster1
13028,Weekday,Night,Road,'01 - Clear','05 - Dusk','99 - Other','10 - No control','P.D. only','03 - Rear end',downtown,0,cluster1
13029,Weekday,Evening,Road,'01 - Clear','01 - Daylight','01 - Dry','01 - Traffic signal','P.D. only','02 - Angle',mid_town,0,cluster2
13030,Weekday,Night,Road,'01 - Clear','05 - Dusk','01 - Dry','10 - No control','P.D. only','04 - Sideswipe',mid_town,0,cluster1
13031,Weekday,Mid_Night,Road,'01 - Clear','07 - Dark','03 - Loose snow','10 - No control','P.D. only','07 - SMV other',downtown,0,cluster4
13032,Weekday,Evening,Road,'03 - Snow','01 - Daylight','05 - Packed snow','10 - No control','P.D. only','07 - SMV other',downtown,0,cluster0
13033,Weekday,Night,Road,'03 - Snow','07 - Dark','05 - Packed snow','10 - No control','P.D. only','01 - Approaching',downtown,0,cluster1
13034,Weekday,Mid_Night,Road,'03 - Snow','07 - Dark','03 - Loose snow','10 - No control','P.D. only','03 - Rear end',downtown,0,cluster0
13035,Weekday,Evening,Road,'01 - Clear','01 - Daylight','02 - Wet','10 - No control','P.D. only','07 - SMV other',downtown,0,cluster3
13036,Weekends,Mid_Night,Road,'01 - Clear','07 - Dark','01 - Dry','01 - Traffic signal','P.D. only','05 - Turning movement',downtown,0,cluster4
13037,Weekday,Noon,Road,'03 - Snow','01 - Daylight','06 - Ice','10 - No control',Injury,'01 - Approaching',downtown,0,cluster0
13038,Weekday,Night,Road,'03 - Snow','05 - Dusk','03 - Loose snow','10 - No control',Injury,'99 - Other',downtown,0,cluster0
13039,Weekday,Mid_Night,Road,'02 - Rain','07 - Dark','03 - Loose snow','10 - No control','P.D. only','01 - Approaching',mid_town,0,cluster0
13040,Weekends,Morning,Road,'01 - Clear','07 - Dark','04 - Slush','01 - Traffic signal','P.D. only','05 - Turning movement',downtown,0,cluster4
13041,Weekends,Mid_Night,Road,'01 - Clear','07 - Dark','01 - Dry','10 - No control','P.D. only','06 - SMV unattended vehicle',downtown,0,cluster4
13042,Weekday,Night,Road,'03 - Snow','01 - Daylight','03 - Loose snow','01 - Traffic signal','P.D. only','03 - Rear end',downtown,0,cluster1
13043,Weekday,Evening,Road,'03 - Snow','01 - Daylight','06 - Ice','10 - No control','P.D. only','07 - SMV other',downtown,0,cluster0
13044,Weekday,Noon,Road,'01 - Clear','07 - Dark','06 - Ice','01 - Traffic signal','P.D. only','03 - Rear end',downtown,0,cluster4
13045,Weekday,Noon,Road,'02 - Rain','07 - Dark','02 - Wet','02 - Stop sign','P.D. only','07 - SMV other',downtown,0,cluster5
13046,Weekday,Night,Road,'03 - Snow','05 - Dusk','03 - Loose snow','10 - No control','P.D. only','04 - Sideswipe',downtown,0,cluster0
13047,Weekends,Mid_Night,Road,'01 - Clear','07 - Dark','02 - Wet','10 - No control','P.D. only','07 - SMV other',Ottawa_west,0,cluster3
13048,Weekday,Night,Road,'01 - Clear','01 - Daylight','01 - Dry','03 - Yield sign','P.D. only','03 - Rear end',downtown,0,cluster1
13049,Weekday,Mid_Night,Road,'03 - Snow','07 - Dark','02 - Wet','02 - Stop sign','P.D. only','03 - Rear end',mid_town,0,cluster0
13050,Weekday,Evening,Road,'01 - Clear','01 - Daylight','01 - Dry','01 - Traffic signal','P.D. only','02 - Angle',mid_town,0,cluster2
13051,Weekday,Mid_Night,Road,'03 - Snow','07 - Dark','02 - Wet','10 - No control','P.D. only','07 - SMV other',Ottawa_east,0,cluster0
13052,Weekends,Mid_Night,Road,'01 - Clear','07 - Dark','01 - Dry','01 - Traffic signal',Injury,'05 - Turning movement',downtown,0,cluster4
13053,Weekday,Evening,Road,'01 - Clear','01 - Daylight','01 - Dry','10 - No control','P.D. only','07 - SMV other',downtown,0,cluster1
13054,Weekday,Evening,Road,'01 - Clear','01 - Daylight','01 - Dry','01 - Traffic signal','P.D. only','02 - Angle',downtown,0,cluster1
13055,Weekday,Noon,Road,'01 - Clear','01 - Daylight','01 - Dry','10 - No control','P.D. only','03 - Rear end',downtown,0,cluster1
13056,Weekday,Afternoon,Road,'01 - Clear','01 - Daylight','01 - Dry','01 - Traffic signal','P.D. only','03 - Rear end',downtown,0,cluster1
13057,Weekday,Afternoon,Road,'03 - Snow','01 - Daylight','04 - Slush','10 - No control','P.D. only','07 - SMV other',mid_town,0,cluster0
13058,Weekday,Evening,Road,'01 - Clear','01 - Daylight','01 - Dry','01 - Traffic signal','P.D. only','07 - SMV other',mid_town,0,cluster2
13059,Weekday,Noon,Road,'01 - Clear','01 - Daylight','01 - Dry','10 - No control',Injury,'03 - Rear end',downtown,0,cluster1
13060,Weekday,Evening,Road,'01 - Clear','01 - Daylight','01 - Dry','01 - Traffic signal','P.D. only','03 - Rear end',mid_town,0,cluster2
13061,Weekday,Noon,Road,'01 - Clear','01 - Daylight','01 - Dry','01 - Traffic signal','P.D. only','02 - Angle',downtown,0,cluster1
13062,Weekday,Night,Road,'01 - Clear','01 - Daylight','01 - Dry','10 - No control','P.D. only','07 - SMV other',downtown,0,cluster1
13063,Weekends,Evening,Road,'01 - Clear','01 - Daylight','01 - Dry','10 - No control','P.D. only','03 - Rear end',mid_town,0,cluster2
13064,Weekday,Mid_Night,Road,'01 - Clear','07 - Dark','01 - Dry','10 - No control','P.D. only','07 - SMV other',downtown,0,cluster4
13065,Weekday,Evening,Road,'01 - Clear','01 - Daylight','01 - Dry','02 - Stop sign','P.D. only','02 - Angle',downtown,0,cluster1
13066,Weekday,Mid_Night,Road,'01 - Clear','00 - Unknown','01 - Dry','10 - No control',Injury,'03 - Rear end',mid_town,0,cluster2
13067,Weekday,Noon,Road,'04 - Freezing Rain','01 - Daylight','06 - Ice','10 - No control','P.D. only','01 - Approaching',downtown,0,cluster1
13068,Weekday,Evening,Road,'02 - Rain','01 - Daylight','04 - Slush','10 - No control','P.D. only','07 - SMV other',downtown,0,cluster0
13069,Weekday,Night,Road,'03 - Snow','01 - Daylight','04 - Slush','10 - No control',Injury,'01 - Approaching',downtown,0,cluster1
13070,Weekday,Night,Road,'01 - Clear','01 - Daylight','01 - Dry','10 - No control',Injury,'03 - Rear end',downtown,0,cluster1
13071,Weekends,Afternoon,Road,'02 - Rain','01 - Daylight','02 - Wet','10 - No control',Injury,'03 - Rear end',mid_town,0,cluster3
13072,Weekday,Mid_Night,Road,'01 - Clear','07 - Dark','02 - Wet','01 - Traffic signal','P.D. only','07 - SMV other',downtown,0,cluster4
13073,Weekday,Evening,Road,'01 - Clear','01 - Daylight','01 - Dry','10 - No control','P.D. only','07 - SMV other',downtown,0,cluster1
13074,Weekday,Night,Road,'01 - Clear','01 - Daylight','01 - Dry','02 - Stop sign','P.D. only','02 - Angle',downtown,0,cluster1
13075,Weekday,Evening,Road,'01 - Clear','01 - Daylight','01 - Dry','10 - No control','P.D. only','03 - Rear end',downtown,0,cluster1
13076,Weekends,Night,Road,'01 - Clear','01 - Daylight','01 - Dry','01 - Traffic signal',Injury,'07 - SMV other',mid_town,1,cluster5
13077,Weekday,Night,Road,'01 - Clear','01 - Daylight','01 - Dry','10 - No control','P.D. only','03 - Rear end',downtown,0,cluster1
13078,Weekday,Noon,Road,'01 - Clear','01 - Daylight','01 - Dry','01 - Traffic signal','P.D. only','02 - Angle',downtown,0,cluster1
13079,Weekday,Night,Road,'03 - Snow','01 - Daylight','03 - Loose snow','01 - Traffic signal','P.D. only','03 - Rear end',downtown,0,cluster1
13080,Weekday,Mid_Night,Road,'01 - Clear','07 - Dark','01 - Dry','01 - Traffic signal','P.D. only','07 - SMV other',downtown,0,cluster4
13081,Weekday,Afternoon,Road,'01 - Clear','01 - Daylight','01 - Dry','10 - No control',Injury,'04 - Sideswipe',downtown,0,cluster1
13082,Weekday,Evening,Road,'01 - Clear','01 - Daylight','01 - Dry','01 - Traffic signal','P.D. only','03 - Rear end',downtown,0,cluster1
13083,Weekday,Night,Road,'02 - Rain','01 - Daylight','02 - Wet','10 - No control',Injury,'03 - Rear end',downtown,0,cluster1
13084,Weekends,Evening,Road,'01 - Clear','01 - Daylight','01 - Dry','10 - No control','P.D. only','03 - Rear end',downtown,0,cluster3
13085,Weekends,Evening,Road,'01 - Clear','01 - Daylight','01 - Dry','10 - No control','P.D. only','03 - Rear end',downtown,0,cluster3
13086,Weekday,Mid_Night,Road,'02 - Rain','07 - Dark','02 - Wet','01 - Traffic signal','P.D. only','05 - Turning movement',downtown,0,cluster4
13087,Weekday,Evening,Road,'01 - Clear','01 - Daylight','01 - Dry','10 - No control','P.D. only','03 - Rear end',mid_town,0,cluster2
13088,Weekday,Afternoon,Road,'02 - Rain','01 - Daylight','02 - Wet','10 - No control',Injury,'03 - Rear end',mid_town,0,cluster2
13089,Weekday,Night,Road,'01 - Clear','01 - Daylight','01 - Dry','02 - Stop sign',Injury,'02 - Angle',downtown,0,cluster1
13090,Weekday,Night,Road,'01 - Clear','01 - Daylight','01 - Dry','10 - No control','P.D. only','02 - Angle',downtown,0,cluster1
13091,Weekday,Noon,Road,'01 - Clear','01 - Daylight','01 - Dry','01 - Traffic signal',Injury,'05 - Turning movement',downtown,0,cluster4
13092,Weekday,Early_Morning,Road,'00 - Unknown','07 - Dark','01 - Dry','01 - Traffic signal','P.D. only','02 - Angle',mid_town,0,cluster4
13093,Weekday,Afternoon,Road,'02 - Rain','01 - Daylight','02 - Wet','03 - Yield sign','P.D. only','03 - Rear end',mid_town,0,cluster2
13094,Weekends,Night,Road,'01 - Clear','01 - Daylight','01 - Dry','01 - Traffic signal','P.D. only','05 - Turning movement',downtown,0,cluster1
13095,Weekday,Noon,Road,'02 - Rain','01 - Daylight','02 - Wet','10 - No control',Injury,'07 - SMV other',downtown,0,cluster5
13096,Weekday,Evening,Road,'01 - Clear','01 - Daylight','01 - Dry','02 - Stop sign','P.D. only','07 - SMV other',mid_town,0,cluster2
13097,Weekday,Night,Road,'01 - Clear','01 - Daylight','01 - Dry','10 - No control','P.D. only','03 - Rear end',downtown,0,cluster1
13098,Weekday,Mid_Night,Road,'01 - Clear','01 - Daylight','01 - Dry','01 - Traffic signal','P.D. only','03 - Rear end',downtown,0,cluster1
13099,Weekday,Night,Road,'01 - Clear','01 - Daylight','01 - Dry','10 - No control','P.D. only','03 - Rear end',downtown,0,cluster1
13100,Weekday,Night,Road,'01 - Clear','01 - Daylight','01 - Dry','01 - Traffic signal','P.D. only','03 - Rear end',downtown,0,cluster1
13101,Weekday,Night,Road,'01 - Clear','01 - Daylight','02 - Wet','10 - No control','P.D. only','07 - SMV other',mid_town,0,cluster5
13102,Weekday,Night,Road,'02 - Rain','01 - Daylight','02 - Wet','01 - Traffic signal','P.D. only','03 - Rear end',mid_town,0,cluster5
13103,Weekday,Night,Road,'01 - Clear','01 - Daylight','01 - Dry','10 - No control',Injury,'03 - Rear end',mid_town,0,cluster1
13104,Weekday,Noon,Road,'01 - Clear','01 - Daylight','02 - Wet','01 - Traffic signal','P.D. only','03 - Rear end',downtown,0,cluster5
13105,Weekday,Noon,Road,'02 - Rain','01 - Daylight','02 - Wet','10 - No control','P.D. only','03 - Rear end',downtown,0,cluster1
13106,Weekday,Night,Road,'02 - Rain','01 - Daylight','01 - Dry','01 - Traffic signal','P.D. only','05 - Turning movement',downtown,0,cluster1
13107,Weekday,Night,Road,'01 - Clear','01 - Daylight','01 - Dry','01 - Traffic signal',Injury,'03 - Rear end',downtown,0,cluster1
13108,Weekday,Night,Road,'01 - Clear','01 - Daylight','01 - Dry','01 - Traffic signal','P.D. only','05 - Turning movement',mid_town,0,cluster1
13109,Weekends,Evening,Road,'02 - Rain','01 - Daylight','02 - Wet','10 - No control','P.D. only','07 - SMV other',mid_town,0,cluster0
13110,Weekday,Noon,Road,'01 - Clear','01 - Daylight','01 - Dry','01 - Traffic signal','P.D. only','03 - Rear end',downtown,0,cluster1
13111,Weekday,Evening,Road,'01 - Clear','01 - Daylight','01 - Dry','01 - Traffic signal','P.D. only','05 - Turning movement',downtown,0,cluster4
13112,Weekday,Afternoon,Road,'02 - Rain','01 - Daylight','02 - Wet','01 - Traffic signal',Injury,'02 - Angle',mid_town,0,cluster5