Instance_number,DATE,TIME,Road_type,ENVIRONMENT,LIGHT,SURFACE_CONDITION,TRAFFIC_CONTROL,COLLISION_CLASSIFICATION,IMPACT_TYPE,Location,NO_OF_PEDESTRIANS,Cluster
13113,Weekday,Evening,Road,'02 - Rain','01 - Daylight','02 - Wet','10 - No control','P.D. only','03 - Rear end',downtown,0,cluster3
13114,Weekday,Night,Road,'01 - Clear','01 - Daylight','01 - Dry','03 - Yield sign','P.D. only','03 - Rear end',downtown,0,cluster1
13115,Weekday,Night,Road,'01 - Clear','01 - Daylight','01 - Dry','02 - Stop sign','P.D. only','03 - Rear end',downtown,0,cluster1
13116,Weekday,Night,Road,'01 - Clear','01 - Daylight','01 - Dry','10 - No control','P.D. only','02 - Angle',downtown,0,cluster1
13117,Weekday,Afternoon,Road,'01 - Clear','01 - Daylight','01 - Dry','02 - Stop sign',Injury,'07 - SMV other',downtown,1,cluster1
13118,Weekday,Evening,Road,'01 - Clear','01 - Daylight','01 - Dry','03 - Yield sign',Injury,'03 - Rear end',downtown,0,cluster1
13119,Weekday,Evening,Road,'02 - Rain','01 - Daylight','02 - Wet','01 - Traffic signal','P.D. only','03 - Rear end',mid_town,0,cluster2
13120,Weekday,Evening,Road,'01 - Clear','01 - Daylight','01 - Dry','02 - Stop sign','P.D. only','99 - Other',downtown,0,cluster1
13121,Weekday,Afternoon,Road,'01 - Clear','01 - Daylight','01 - Dry','01 - Traffic signal','P.D. only','07 - SMV other',mid_town,0,cluster2
13122,Weekday,Evening,Road,'02 - Rain','01 - Daylight','02 - Wet','01 - Traffic signal','P.D. only','02 - Angle',downtown,0,cluster5
13123,Weekday,Mid_Night,Road,'01 - Clear','01 - Daylight','01 - Dry','10 - No control','P.D. only','02 - Angle',mid_town,0,cluster2
13124,Weekday,Night,Road,'01 - Clear','01 - Daylight','01 - Dry','02 - Stop sign','P.D. only','99 - Other',downtown,0,cluster1
13125,Weekday,Noon,Road,'01 - Clear','01 - Daylight','01 - Dry','02 - Stop sign',Injury,'05 - Turning movement',downtown,0,cluster1
13126,Weekday,Noon,Road,'01 - Clear','01 - Daylight','01 - Dry','01 - Traffic signal',Injury,'03 - Rear end',mid_town,0,cluster2
13127,Weekday,Noon,highway,'03 - Snow','01 - Daylight','04 - Slush','10 - No control',Injury,'03 - Rear end',Ottawa_west,0,cluster0
13128,Weekday,Afternoon,highway,'03 - Snow','01 - Daylight','03 - Loose snow','10 - No control','P.D. only','07 - SMV other',downtown,0,cluster0
13129,Weekday,Mid_Night,Road,'01 - Clear','01 - Daylight','01 - Dry','10 - No control','P.D. only','03 - Rear end',downtown,0,cluster1
13130,Weekday,Noon,highway,'01 - Clear','01 - Daylight','01 - Dry','10 - No control',Injury,'07 - SMV other',downtown,0,cluster1
13131,Weekday,Afternoon,Road,'03 - Snow','01 - Daylight','04 - Slush','10 - No control',Injury,'07 - SMV other',Ottawa_south,0,cluster0
13132,Weekday,Afternoon,Road,'01 - Clear','01 - Daylight','03 - Loose snow','10 - No control','P.D. only','04 - Sideswipe',downtown,0,cluster1
13133,Weekends,Mid_Night,Road,'02 - Rain','00 - Unknown','02 - Wet','10 - No control','P.D. only','07 - SMV other',downtown,0,cluster3
13134,Weekends,Mid_Night,highway,'04 - Freezing Rain','07 - Dark','06 - Ice','10 - No control','P.D. only','07 - SMV other',Ottawa_west,0,cluster0
13135,Weekends,Mid_Night,highway,'01 - Clear','07 - Dark','01 - Dry','01 - Traffic signal','P.D. only','03 - Rear end',mid_town,0,cluster4
13136,Weekday,Noon,highway,'01 - Clear','03 - Dawn','01 - Dry','10 - No control','P.D. only','03 - Rear end',Ottawa_west,0,cluster1
13137,Weekday,Evening,highway,'03 - Snow','01 - Daylight','03 - Loose snow','10 - No control','P.D. only','07 - SMV other',mid_town,0,cluster0
13138,Weekday,Evening,highway,'03 - Snow','01 - Daylight','03 - Loose snow','10 - No control','P.D. only','07 - SMV other',mid_town,0,cluster0
13139,Weekends,Noon,highway,'01 - Clear','01 - Daylight','06 - Ice','10 - No control','P.D. only','99 - Other',Ottawa_west,0,cluster3
13140,Weekends,Evening,highway,'01 - Clear','01 - Daylight','01 - Dry','10 - No control','P.D. only','03 - Rear end',mid_town,0,cluster2
13141,Weekday,Night,highway,'03 - Snow','01 - Daylight','02 - Wet','10 - No control','P.D. only','04 - Sideswipe',downtown,0,cluster1
13142,Weekday,Noon,highway,'03 - Snow','01 - Daylight','02 - Wet','10 - No control','P.D. only','03 - Rear end',downtown,0,cluster1
13143,Weekday,Night,highway,'01 - Clear','07 - Dark','01 - Dry','10 - No control','P.D. only','07 - SMV other',Ottawa_east,0,cluster1
13144,Weekday,Night,highway,'01 - Clear','01 - Daylight','01 - Dry','10 - No control','P.D. only','04 - Sideswipe',downtown,0,cluster1
13145,Weekday,Night,highway,'03 - Snow','01 - Daylight','03 - Loose snow','10 - No control','P.D. only','04 - Sideswipe',mid_town,0,cluster0
13146,Weekday,Afternoon,highway,'01 - Clear','01 - Daylight','01 - Dry','10 - No control','P.D. only','03 - Rear end',downtown,0,cluster1
13147,Weekday,Night,highway,'03 - Snow','07 - Dark','04 - Slush','10 - No control','P.D. only','07 - SMV other',mid_town,0,cluster0
13148,Weekday,Evening,highway,'03 - Snow','01 - Daylight','03 - Loose snow','10 - No control','P.D. only','07 - SMV other',mid_town,0,cluster0
13149,Weekday,Night,highway,'03 - Snow','01 - Daylight','05 - Packed snow','10 - No control','P.D. only','07 - SMV other',downtown,0,cluster0
13150,Weekday,Night,highway,'05 - Drifting Snow','05 - Dusk','03 - Loose snow','10 - No control','P.D. only','07 - SMV other',Ottawa_east,0,cluster0
13151,Weekday,Mid_Night,highway,'03 - Snow','07 - Dark','02 - Wet','10 - No control','P.D. only','07 - SMV other',downtown,0,cluster0
13152,Weekday,Mid_Night,highway,'01 - Clear','07 - Dark','01 - Dry','10 - No control','P.D. only','04 - Sideswipe',downtown,0,cluster4
13153,Weekday,Night,highway,'01 - Clear','01 - Daylight','01 - Dry','10 - No control','P.D. only','03 - Rear end',downtown,0,cluster1
13154,Weekends,Evening,Road,'01 - Clear','01 - Daylight','01 - Dry','02 - Stop sign',Injury,'05 - Turning movement',Ottawa_east,0,cluster2
13155,Weekday,Noon,highway,'01 - Clear','01 - Daylight','01 - Dry','10 - No control','P.D. only','03 - Rear end',mid_town,0,cluster2
13156,Weekday,Mid_Night,highway,'03 - Snow','07 - Dark','05 - Packed snow','10 - No control',Injury,'07 - SMV other',downtown,0,cluster0
13157,Weekday,Mid_Night,highway,'03 - Snow','07 - Dark','05 - Packed snow','10 - No control','P.D. only','07 - SMV other',Ottawa_south,0,cluster0
13158,Weekday,Noon,highway,'01 - Clear','01 - Daylight','01 - Dry','10 - No control','P.D. only','07 - SMV other',downtown,0,cluster1
13159,Weekends,Mid_Night,highway,'01 - Clear','07 - Dark','01 - Dry','10 - No control','P.D. only','07 - SMV other',Ottawa_west,0,cluster4
13160,Weekday,Noon,highway,'01 - Clear','01 - Daylight','02 - Wet','10 - No control','P.D. only','07 - SMV other',downtown,0,cluster5
13161,Weekday,Noon,highway,'01 - Clear','01 - Daylight','01 - Dry','10 - No control','P.D. only','04 - Sideswipe',downtown,0,cluster1
13162,Weekday,Night,highway,'01 - Clear','05 - Dusk','01 - Dry','10 - No control','P.D. only','03 - Rear end',mid_town,0,cluster1
13163,Weekday,Night,highway,'01 - Clear','07 - Dark','01 - Dry','10 - No control','P.D. only','03 - Rear end',downtown,0,cluster1
13164,Weekday,Evening,highway,'03 - Snow','01 - Daylight','06 - Ice','10 - No control','P.D. only','99 - Other',mid_town,0,cluster0
13165,Weekday,Noon,highway,'01 - Clear','01 - Daylight','01 - Dry','10 - No control','P.D. only','03 - Rear end',downtown,0,cluster1
13166,Weekday,Night,highway,'03 - Snow','01 - Daylight','06 - Ice','10 - No control','P.D. only','07 - SMV other',Ottawa_west,0,cluster0
13167,Weekends,Early_Morning,highway,'01 - Clear','07 - Dark','02 - Wet','10 - No control','P.D. only','07 - SMV other',downtown,0,cluster3
13168,Weekday,Mid_Night,highway,'03 - Snow','07 - Dark','03 - Loose snow','10 - No control','P.D. only','03 - Rear end',Ottawa_west,0,cluster0
13169,Weekday,Noon,highway,'01 - Clear','01 - Daylight','01 - Dry','10 - No control','P.D. only','03 - Rear end',downtown,0,cluster1
13170,Weekday,Evening,highway,'06 - Strong wind','01 - Daylight','01 - Dry','10 - No control','P.D. only','04 - Sideswipe',mid_town,0,cluster2
13171,Weekday,Evening,Road,'01 - Clear','01 - Daylight','01 - Dry','10 - No control','P.D. only','07 - SMV other',Ottawa_west,0,cluster2
13172,Weekends,Mid_Night,highway,'01 - Clear','07 - Dark','04 - Slush','10 - No control',Injury,'07 - SMV other',Ottawa_west,0,cluster3
13173,Weekends,Mid_Night,highway,'03 - Snow','07 - Dark','03 - Loose snow','10 - No control','P.D. only','04 - Sideswipe',Ottawa_west,0,cluster0
13174,Weekday,Night,highway,'01 - Clear','01 - Daylight','01 - Dry','10 - No control',Injury,'03 - Rear end',Ottawa_west,0,cluster1
13175,Weekday,Mid_Night,highway,'05 - Drifting Snow','07 - Dark','03 - Loose snow','10 - No control','P.D. only','99 - Other',mid_town,0,cluster0
13176,Weekday,Evening,highway,'01 - Clear','01 - Daylight','01 - Dry','10 - No control','P.D. only','07 - SMV other',Ottawa_west,0,cluster2
13177,Weekday,Morning,highway,'01 - Clear','07 - Dark','06 - Ice','10 - No control',Injury,'07 - SMV other',downtown,0,cluster1
13178,Weekday,Mid_Night,highway,'01 - Clear','07 - Dark','04 - Slush','10 - No control','P.D. only','07 - SMV other',mid_town,0,cluster0
13179,Weekday,Mid_Night,highway,'01 - Clear','07 - Dark','01 - Dry','10 - No control','P.D. only','04 - Sideswipe',downtown,0,cluster4
13180,Weekday,Night,highway,'01 - Clear','01 - Daylight','02 - Wet','10 - No control','P.D. only','04 - Sideswipe',downtown,0,cluster1
13181,Weekday,Night,highway,'01 - Clear','01 - Daylight','01 - Dry','10 - No control',Injury,'03 - Rear end',downtown,0,cluster1
13182,Weekday,Night,highway,'01 - Clear','01 - Daylight','02 - Wet','10 - No control',Injury,'07 - SMV other',mid_town,0,cluster5
13183,Weekday,Noon,highway,'01 - Clear','01 - Daylight','01 - Dry','10 - No control','P.D. only','03 - Rear end',mid_town,0,cluster2
13184,Weekday,Evening,highway,'03 - Snow','01 - Daylight','04 - Slush','10 - No control','P.D. only','07 - SMV other',mid_town,0,cluster0
13185,Weekday,Evening,highway,'03 - Snow','01 - Daylight','04 - Slush','10 - No control','P.D. only','07 - SMV other',mid_town,0,cluster0
13186,Weekday,Night,highway,'03 - Snow','01 - Daylight','06 - Ice','10 - No control','P.D. only','04 - Sideswipe',Ottawa_east,0,cluster0
13187,Weekday,Mid_Night,highway,'03 - Snow','07 - Dark','03 - Loose snow','10 - No control','P.D. only','07 - SMV other',downtown,0,cluster0
13188,Weekday,Mid_Night,highway,'03 - Snow','07 - Dark','04 - Slush','10 - No control','P.D. only','07 - SMV other',downtown,0,cluster0
13189,Weekday,Evening,highway,'03 - Snow','01 - Daylight','03 - Loose snow','10 - No control','P.D. only','04 - Sideswipe',Ottawa_west,0,cluster0
13190,Weekday,Evening,highway,'03 - Snow','01 - Daylight','03 - Loose snow','10 - No control','P.D. only','04 - Sideswipe',Ottawa_west,0,cluster0
13191,Weekday,Afternoon,highway,'02 - Rain','01 - Daylight','04 - Slush','10 - No control',Injury,'07 - SMV other',Ottawa_south,0,cluster0
13192,Weekday,Evening,highway,'03 - Snow','01 - Daylight','04 - Slush','10 - No control','P.D. only','07 - SMV other',mid_town,0,cluster0
13193,Weekday,Morning,highway,'03 - Snow','07 - Dark','06 - Ice','10 - No control','P.D. only','07 - SMV other',mid_town,0,cluster0
13194,Weekday,Afternoon,highway,'03 - Snow','01 - Daylight','02 - Wet','10 - No control','P.D. only','03 - Rear end',Ottawa_south,0,cluster0
13195,Weekday,Evening,highway,'03 - Snow','01 - Daylight','04 - Slush','10 - No control',Injury,'07 - SMV other',downtown,0,cluster0
13196,Weekday,Night,highway,'03 - Snow','01 - Daylight','03 - Loose snow','10 - No control','P.D. only','07 - SMV other',mid_town,0,cluster0
13197,Weekday,Night,highway,'03 - Snow','01 - Daylight','03 - Loose snow','10 - No control','P.D. only','03 - Rear end',Ottawa_west,0,cluster0
13198,Weekday,Night,highway,'03 - Snow','01 - Daylight','03 - Loose snow','10 - No control','P.D. only','04 - Sideswipe',Ottawa_west,0,cluster0
13199,Weekday,Afternoon,highway,'04 - Freezing Rain','01 - Daylight','06 - Ice','10 - No control',Injury,'07 - SMV other',Ottawa_west,0,cluster0
13200,Weekday,Afternoon,highway,'04 - Freezing Rain','01 - Daylight','06 - Ice','10 - No control','P.D. only','07 - SMV other',Ottawa_west,0,cluster0
13201,Weekday,Evening,highway,'04 - Freezing Rain','01 - Daylight','06 - Ice','10 - No control','P.D. only','99 - Other',downtown,0,cluster0
13202,Weekday,Evening,highway,'04 - Freezing Rain','01 - Daylight','06 - Ice','10 - No control','P.D. only','99 - Other',downtown,0,cluster0
13203,Weekday,Night,highway,'03 - Snow','01 - Daylight','03 - Loose snow','10 - No control','P.D. only','03 - Rear end',Ottawa_west,0,cluster0
13204,Weekday,Afternoon,highway,'03 - Snow','01 - Daylight','04 - Slush','10 - No control',Injury,'04 - Sideswipe',downtown,0,cluster0
13205,Weekday,Night,highway,'03 - Snow','01 - Daylight','03 - Loose snow','10 - No control','P.D. only','04 - Sideswipe',Ottawa_east,0,cluster0
13206,Weekday,Night,highway,'03 - Snow','05 - Dusk','04 - Slush','10 - No control','P.D. only','03 - Rear end',downtown,0,cluster1
13207,Weekday,Night,highway,'03 - Snow','07 - Dark','03 - Loose snow','10 - No control','P.D. only','07 - SMV other',Ottawa_west,0,cluster0
13208,Weekday,Evening,highway,'01 - Clear','01 - Daylight','01 - Dry','10 - No control','P.D. only','03 - Rear end',downtown,0,cluster1
13209,Weekday,Night,highway,'01 - Clear','01 - Daylight','01 - Dry','10 - No control','P.D. only','04 - Sideswipe',mid_town,0,cluster1
13210,Weekday,Evening,highway,'03 - Snow','01 - Daylight','06 - Ice','10 - No control',Injury,'07 - SMV other',Ottawa_east,0,cluster0
13211,Weekends,Evening,highway,'03 - Snow','01 - Daylight','06 - Ice','10 - No control','P.D. only','04 - Sideswipe',Ottawa_east,0,cluster0
13212,Weekends,Night,highway,'03 - Snow','01 - Daylight','06 - Ice','10 - No control','P.D. only','04 - Sideswipe',mid_town,0,cluster0
13213,Weekday,Evening,highway,'03 - Snow','01 - Daylight','03 - Loose snow','10 - No control','P.D. only','04 - Sideswipe',mid_town,0,cluster0
13214,Weekday,Evening,highway,'01 - Clear','01 - Daylight','01 - Dry','10 - No control','P.D. only','04 - Sideswipe',mid_town,0,cluster2
13215,Weekends,Afternoon,highway,'01 - Clear','01 - Daylight','01 - Dry','10 - No control','P.D. only','03 - Rear end',mid_town,0,cluster2
13216,Weekday,Afternoon,highway,'01 - Clear','01 - Daylight','01 - Dry','10 - No control',Injury,'07 - SMV other',downtown,0,cluster1
13217,Weekday,Mid_Night,highway,'01 - Clear','07 - Dark','02 - Wet','10 - No control','P.D. only','04 - Sideswipe',downtown,0,cluster4
13218,Weekday,Noon,highway,'01 - Clear','01 - Daylight','01 - Dry','10 - No control','P.D. only','03 - Rear end',downtown,0,cluster1
13219,Weekday,Noon,highway,'01 - Clear','01 - Daylight','01 - Dry','10 - No control',Injury,'03 - Rear end',downtown,0,cluster1
13220,Weekday,Afternoon,highway,'03 - Snow','01 - Daylight','04 - Slush','10 - No control',Injury,'04 - Sideswipe',mid_town,0,cluster0
13221,Weekday,Mid_Night,highway,'03 - Snow','07 - Dark','04 - Slush','10 - No control','P.D. only','03 - Rear end',Ottawa_west,0,cluster0
13222,Weekday,Noon,highway,'01 - Clear','01 - Daylight','01 - Dry','10 - No control','P.D. only','03 - Rear end',Ottawa_west,0,cluster1
13223,Weekday,Noon,highway,'03 - Snow','01 - Daylight','03 - Loose snow','10 - No control','P.D. only','04 - Sideswipe',mid_town,0,cluster0
13224,Weekday,Morning,highway,'01 - Clear','07 - Dark','01 - Dry','10 - No control','P.D. only','03 - Rear end',downtown,0,cluster1
13225,Weekday,Evening,highway,'01 - Clear','01 - Daylight','01 - Dry','10 - No control','P.D. only','04 - Sideswipe',downtown,0,cluster1
13226,Weekday,Evening,highway,'01 - Clear','01 - Daylight','01 - Dry','10 - No control','P.D. only','03 - Rear end',downtown,0,cluster1
13227,Weekday,Night,highway,'01 - Clear','01 - Daylight','01 - Dry','10 - No control',Injury,'04 - Sideswipe',mid_town,0,cluster1
13228,Weekday,Night,highway,'01 - Clear','01 - Daylight','01 - Dry','10 - No control','P.D. only','03 - Rear end',downtown,0,cluster1
13229,Weekends,Evening,highway,'01 - Clear','01 - Daylight','01 - Dry','10 - No control','P.D. only','04 - Sideswipe',mid_town,0,cluster2
13230,Weekday,Noon,highway,'03 - Snow','03 - Dawn','04 - Slush','10 - No control','P.D. only','03 - Rear end',downtown,0,cluster1
13231,Weekday,Mid_Night,Road,'01 - Clear','07 - Dark','01 - Dry','10 - No control','P.D. only','07 - SMV other',downtown,0,cluster4
13232,Weekday,Evening,Road,'01 - Clear','01 - Daylight','05 - Packed snow','01 - Traffic signal','P.D. only','99 - Other',mid_town,0,cluster2
13233,Weekday,Afternoon,Road,'03 - Snow','01 - Daylight','06 - Ice','10 - No control','P.D. only','07 - SMV other',Ottawa_west,0,cluster0
13234,Weekends,Mid_Night,highway,'02 - Rain','07 - Dark','06 - Ice','10 - No control','P.D. only','07 - SMV other',Ottawa_west,0,cluster0
13235,Weekends,Mid_Night,Road,'01 - Clear','07 - Dark','01 - Dry','01 - Traffic signal','P.D. only','03 - Rear end',downtown,0,cluster4
13236,Weekday,Mid_Night,highway,'03 - Snow','07 - Dark','03 - Loose snow','10 - No control','P.D. only','07 - SMV other',Ottawa_west,0,cluster0
13237,Weekends,Mid_Night,Road,'01 - Clear','07 - Dark','02 - Wet','02 - Stop sign',Injury,'07 - SMV other',Ottawa_east,1,cluster3
13238,Weekday,Night,Road,'01 - Clear','01 - Daylight','01 - Dry','02 - Stop sign','P.D. only','03 - Rear end',downtown,0,cluster1
13239,Weekday,Noon,Road,'01 - Clear','07 - Dark','06 - Ice','10 - No control',Injury,'03 - Rear end',downtown,0,cluster1
13240,Weekday,Noon,Road,'03 - Snow','03 - Dawn','03 - Loose snow','02 - Stop sign','P.D. only','02 - Angle',downtown,0,cluster0
13241,Weekday,Mid_Night,Road,'01 - Clear','07 - Dark','03 - Loose snow','01 - Traffic signal','P.D. only','03 - Rear end',downtown,0,cluster4
13242,Weekends,Night,Road,'01 - Clear','07 - Dark','03 - Loose snow','10 - No control','P.D. only','01 - Approaching',downtown,0,cluster1
13243,Weekday,Afternoon,Road,'01 - Clear','01 - Daylight','06 - Ice','10 - No control','P.D. only','99 - Other',downtown,0,cluster1
13244,Weekday,Evening,Road,'01 - Clear','01 - Daylight','02 - Wet','01 - Traffic signal','P.D. only','02 - Angle',downtown,0,cluster5
13245,Weekday,Mid_Night,Road,'03 - Snow','00 - Unknown','03 - Loose snow','10 - No control','P.D. only','07 - SMV other',downtown,0,cluster0
13246,Weekday,Night,Road,'01 - Clear','07 - Dark','01 - Dry','02 - Stop sign','P.D. only','03 - Rear end',downtown,0,cluster1
13247,Weekends,Evening,highway,'03 - Snow','01 - Daylight','06 - Ice','10 - No control','P.D. only','03 - Rear end',downtown,0,cluster3
13248,Weekday,Early_Morning,highway,'01 - Clear','07 - Dark','02 - Wet','10 - No control','P.D. only','03 - Rear end',downtown,0,cluster1
13249,Weekday,Morning,highway,'01 - Clear','07 - Dark','02 - Wet','10 - No control','P.D. only','07 - SMV other',downtown,0,cluster5
13250,Weekday,Noon,highway,'01 - Clear','01 - Daylight','01 - Dry','10 - No control',Injury,'07 - SMV other',Ottawa_south,0,cluster1
13251,Weekday,Evening,highway,'01 - Clear','01 - Daylight','01 - Dry','10 - No control','P.D. only','07 - SMV other',Ottawa_east,0,cluster2
13252,Weekday,Early_Morning,highway,'03 - Snow','07 - Dark','03 - Loose snow','10 - No control','P.D. only','07 - SMV other',Ottawa_west,0,cluster0
13253,Weekday,Mid_Night,highway,'03 - Snow','07 - Dark','03 - Loose snow','10 - No control','P.D. only','07 - SMV other',Ottawa_west,0,cluster0
13254,Weekday,Evening,highway,'01 - Clear','01 - Daylight','01 - Dry','10 - No control','P.D. only','03 - Rear end',mid_town,0,cluster2
13255,Weekday,Evening,highway,'01 - Clear','01 - Daylight','01 - Dry','10 - No control','P.D. only','03 - Rear end',mid_town,0,cluster2
13256,Weekday,Night,highway,'01 - Clear','05 - Dusk','01 - Dry','10 - No control','P.D. only','04 - Sideswipe',downtown,0,cluster1
13257,Weekday,Mid_Night,highway,'03 - Snow','07 - Dark','03 - Loose snow','10 - No control','P.D. only','04 - Sideswipe',downtown,0,cluster0
13258,Weekday,Mid_Night,highway,'03 - Snow','07 - Dark','06 - Ice','10 - No control','P.D. only','07 - SMV other',downtown,0,cluster0
13259,Weekday,Night,highway,'03 - Snow','05 - Dusk','03 - Loose snow','10 - No control','P.D. only','04 - Sideswipe',Ottawa_west,0,cluster0
13260,Weekday,Night,highway,'01 - Clear','05 - Dusk','01 - Dry','10 - No control','P.D. only','03 - Rear end',mid_town,0,cluster1
13261,Weekday,Night,highway,'03 - Snow','05 - Dusk','01 - Dry','10 - No control','P.D. only','07 - SMV other',mid_town,0,cluster0
13262,Weekday,Mid_Night,highway,'03 - Snow','07 - Dark','03 - Loose snow','10 - No control','P.D. only','03 - Rear end',downtown,0,cluster0
13263,Weekday,Afternoon,highway,'03 - Snow','01 - Daylight','03 - Loose snow','10 - No control','P.D. only','04 - Sideswipe',downtown,0,cluster0
13264,Weekday,Night,highway,'03 - Snow','05 - Dusk','06 - Ice','10 - No control','P.D. only','07 - SMV other',downtown,0,cluster0
13265,Weekday,Night,highway,'03 - Snow','07 - Dark','06 - Ice','10 - No control','P.D. only','07 - SMV other',mid_town,0,cluster0
13266,Weekday,Mid_Night,highway,'04 - Freezing Rain','07 - Dark','05 - Packed snow','10 - No control','P.D. only','07 - SMV other',downtown,0,cluster4
13267,Weekday,Mid_Night,highway,'03 - Snow','07 - Dark','03 - Loose snow','10 - No control','P.D. only','07 - SMV other',Ottawa_west,0,cluster0
13268,Weekday,Mid_Night,highway,'03 - Snow','07 - Dark','03 - Loose snow','10 - No control','P.D. only','07 - SMV other',downtown,0,cluster0
13269,Weekday,Mid_Night,highway,'03 - Snow','07 - Dark','03 - Loose snow','10 - No control','P.D. only','03 - Rear end',downtown,0,cluster0
13270,Weekends,Afternoon,highway,'01 - Clear','01 - Daylight','02 - Wet','10 - No control','P.D. only','07 - SMV other',downtown,0,cluster3
13271,Weekends,Evening,highway,'01 - Clear','01 - Daylight','01 - Dry','10 - No control','P.D. only','07 - SMV other',mid_town,0,cluster2
13272,Weekends,Noon,highway,'03 - Snow','01 - Daylight','03 - Loose snow','10 - No control','P.D. only','07 - SMV other',downtown,0,cluster0
13273,Weekends,Evening,highway,'03 - Snow','01 - Daylight','03 - Loose snow','10 - No control','P.D. only','04 - Sideswipe',Ottawa_west,0,cluster0
13274,Weekends,Evening,highway,'03 - Snow','01 - Daylight','04 - Slush','10 - No control','P.D. only','99 - Other',mid_town,0,cluster0
13275,Weekends,Evening,highway,'03 - Snow','01 - Daylight','04 - Slush','10 - No control','P.D. only','04 - Sideswipe',Ottawa_west,0,cluster0
13276,Weekends,Night,highway,'03 - Snow','01 - Daylight','04 - Slush','10 - No control','P.D. only','07 - SMV other',Ottawa_west,0,cluster0
13277,Weekends,Night,highway,'03 - Snow','07 - Dark','03 - Loose snow','10 - No control','P.D. only','07 - SMV other',Ottawa_west,0,cluster0
13278,Weekends,Night,highway,'03 - Snow','07 - Dark','04 - Slush','10 - No control',Injury,'07 - SMV other',Ottawa_west,0,cluster0
13279,Weekends,Mid_Night,highway,'03 - Snow','07 - Dark','04 - Slush','10 - No control','P.D. only','07 - SMV other',downtown,0,cluster0
13280,Weekends,Early_Morning,highway,'01 - Clear','07 - Dark','05 - Packed snow','10 - No control','P.D. only','07 - SMV other',downtown,0,cluster3
13281,Weekends,Early_Morning,highway,'03 - Snow','07 - Dark','05 - Packed snow','10 - No control','P.D. only','07 - SMV other',Ottawa_west,0,cluster0
13282,Weekends,Night,highway,'03 - Snow','07 - Dark','05 - Packed snow','10 - No control','P.D. only','07 - SMV other',Ottawa_west,0,cluster0
13283,Weekday,Evening,highway,'01 - Clear','01 - Daylight','01 - Dry','10 - No control','P.D. only','07 - SMV other',Ottawa_south,0,cluster2
13284,Weekday,Mid_Night,highway,'01 - Clear','07 - Dark','02 - Wet','10 - No control','P.D. only','07 - SMV other',downtown,0,cluster4
13285,Weekday,Afternoon,highway,'01 - Clear','01 - Daylight','01 - Dry','10 - No control','P.D. only','03 - Rear end',downtown,0,cluster1
13286,Weekday,Night,highway,'01 - Clear','07 - Dark','02 - Wet','10 - No control','P.D. only','03 - Rear end',mid_town,0,cluster1
13287,Weekday,Mid_Night,highway,'01 - Clear','07 - Dark','02 - Wet','10 - No control','P.D. only','07 - SMV other',Ottawa_east,0,cluster4
13288,Weekends,Evening,highway,'01 - Clear','01 - Daylight','01 - Dry','10 - No control','P.D. only','03 - Rear end',downtown,0,cluster3
13289,Weekends,Night,highway,'01 - Clear','01 - Daylight','01 - Dry','10 - No control','P.D. only','03 - Rear end',downtown,0,cluster1
13290,Weekday,Night,highway,'01 - Clear','07 - Dark','02 - Wet','10 - No control','P.D. only','03 - Rear end',downtown,0,cluster1
13291,Weekends,Noon,highway,'03 - Snow','07 - Dark','03 - Loose snow','10 - No control','P.D. only','07 - SMV other',Ottawa_south,0,cluster0
13292,Weekends,Night,highway,'03 - Snow','01 - Daylight','03 - Loose snow','10 - No control',Injury,'07 - SMV other',Ottawa_south,0,cluster0
13293,Weekends,Night,highway,'03 - Snow','05 - Dusk','03 - Loose snow','10 - No control','P.D. only','03 - Rear end',mid_town,0,cluster0
13294,Weekday,Evening,highway,'01 - Clear','01 - Daylight','02 - Wet','10 - No control','P.D. only','07 - SMV other',Ottawa_west,0,cluster0
13295,Weekday,Mid_Night,highway,'01 - Clear','07 - Dark','01 - Dry','10 - No control','P.D. only','07 - SMV other',downtown,0,cluster4
13296,Weekday,Mid_Night,highway,'02 - Rain','00 - Unknown','02 - Wet','10 - No control','P.D. only','07 - SMV other',Ottawa_west,0,cluster0
13297,Weekday,Night,highway,'02 - Rain','05 - Dusk','02 - Wet','10 - No control','P.D. only','03 - Rear end',downtown,0,cluster1