Instance_number,DATE,TIME,Road_type,ENVIRONMENT,LIGHT,SURFACE_CONDITION,TRAFFIC_CONTROL,COLLISION_CLASSIFICATION,IMPACT_TYPE,Location,NO_OF_PEDESTRIANS,Cluster
13486,Weekday,Afternoon,highway,'01 - Clear','01 - Daylight','01 - Dry','10 - No control','P.D. only','03 - Rear end',downtown,0,cluster1
13487,Weekday,Afternoon,highway,'01 - Clear','01 - Daylight','01 - Dry','10 - No control','P.D. only','03 - Rear end',downtown,0,cluster1
13488,Weekday,Morning,highway,'01 - Clear','07 - Dark','05 - Packed snow','10 - No control','P.D. only','04 - Sideswipe',Ottawa_west,0,cluster1
13489,Weekday,Night,highway,'01 - Clear','05 - Dusk','01 - Dry','10 - No control','P.D. only','03 - Rear end',mid_town,0,cluster1
13490,Weekday,Noon,highway,'01 - Clear','01 - Daylight','02 - Wet','10 - No control',Injury,'03 - Rear end',downtown,0,cluster1
13491,Weekends,Night,highway,'02 - Rain','01 - Daylight','03 - Loose snow','10 - No control','P.D. only','07 - SMV other',downtown,0,cluster0
13492,Weekday,Afternoon,highway,'01 - Clear','01 - Daylight','01 - Dry','10 - No control','P.D. only','04 - Sideswipe',downtown,0,cluster1
13493,Weekday,Evening,highway,'01 - Clear','01 - Daylight','01 - Dry','10 - No control','P.D. only','07 - SMV other',Ottawa_west,0,cluster2
13494,Weekends,Evening,highway,'03 - Snow','01 - Daylight','06 - Ice','10 - No control','P.D. only','07 - SMV other',Ottawa_west,0,cluster0
13495,Weekends,Evening,highway,'03 - Snow','01 - Daylight','03 - Loose snow','10 - No control','P.D. only','07 - SMV other',Ottawa_west,0,cluster0
13496,Weekends,Night,highway,'03 - Snow','01 - Daylight','06 - Ice','10 - No control',Injury,'03 - Rear end',Ottawa_west,0,cluster1
13497,Weekday,Mid_Night,highway,'03 - Snow','07 - Dark','03 - Loose snow','02 - Stop sign','P.D. only','05 - Turning movement',downtown,0,cluster4
13498,Weekday,Mid_Night,highway,'03 - Snow','07 - Dark','04 - Slush','10 - No control','P.D. only','99 - Other',downtown,0,cluster4
13499,Weekends,Mid_Night,highway,'04 - Freezing Rain','07 - Dark','06 - Ice','10 - No control','P.D. only','07 - SMV other',downtown,0,cluster3
13500,Weekday,Night,highway,'01 - Clear','05 - Dusk','01 - Dry','10 - No control','P.D. only','03 - Rear end',downtown,0,cluster1
13501,Weekday,Mid_Night,highway,'03 - Snow','07 - Dark','04 - Slush','10 - No control',Injury,'07 - SMV other',downtown,1,cluster0
13502,Weekday,Mid_Night,highway,'01 - Clear','07 - Dark','01 - Dry','10 - No control','P.D. only','03 - Rear end',Ottawa_south,0,cluster1
13503,Weekends,Evening,highway,'03 - Snow','01 - Daylight','03 - Loose snow','10 - No control','P.D. only','07 - SMV other',mid_town,0,cluster0
13504,Weekday,Afternoon,highway,'01 - Clear','01 - Daylight','01 - Dry','10 - No control','P.D. only','03 - Rear end',downtown,0,cluster1
13505,Weekday,Afternoon,highway,'01 - Clear','01 - Daylight','01 - Dry','10 - No control','P.D. only','04 - Sideswipe',downtown,0,cluster1
13506,Weekday,Evening,highway,'01 - Clear','01 - Daylight','01 - Dry','10 - No control','P.D. only','03 - Rear end',downtown,0,cluster1
13507,Weekday,Night,highway,'01 - Clear','07 - Dark','01 - Dry','10 - No control','P.D. only','03 - Rear end',downtown,0,cluster1
13508,Weekday,Night,highway,'01 - Clear','05 - Dusk','01 - Dry','10 - No control',Injury,'03 - Rear end',downtown,0,cluster1
13509,Weekday,Evening,highway,'01 - Clear','01 - Daylight','01 - Dry','10 - No control','P.D. only','03 - Rear end',Ottawa_west,0,cluster2
13510,Weekday,Mid_Night,highway,'01 - Clear','07 - Dark','01 - Dry','10 - No control','P.D. only','03 - Rear end',downtown,0,cluster1
13511,Weekday,Noon,highway,'01 - Clear','01 - Daylight','06 - Ice','10 - No control','P.D. only','07 - SMV other',mid_town,0,cluster0
13512,Weekday,Mid_Night,highway,'01 - Clear','07 - Dark','06 - Ice','10 - No control','P.D. only','07 - SMV other',downtown,0,cluster4
13513,Weekends,Night,highway,'01 - Clear','07 - Dark','01 - Dry','10 - No control','P.D. only','07 - SMV other',downtown,0,cluster1
13514,Weekends,Night,highway,'01 - Clear','05 - Dusk','01 - Dry','10 - No control','P.D. only','03 - Rear end',downtown,0,cluster1
13515,Weekends,Mid_Night,highway,'01 - Clear','07 - Dark','01 - Dry','10 - No control','P.D. only','07 - SMV other',Ottawa_south,0,cluster4
13516,Weekends,Mid_Night,highway,'01 - Clear','07 - Dark','01 - Dry','10 - No control','P.D. only','07 - SMV other',downtown,0,cluster4
13517,Weekday,Night,highway,'01 - Clear','07 - Dark','01 - Dry','10 - No control','P.D. only','04 - Sideswipe',downtown,0,cluster1
13518,Weekends,Early_Morning,highway,'03 - Snow','07 - Dark','03 - Loose snow','10 - No control','P.D. only','03 - Rear end',mid_town,0,cluster0
13519,Weekday,Night,highway,'01 - Clear','01 - Daylight','01 - Dry','10 - No control','P.D. only','07 - SMV other',Ottawa_west,0,cluster1
13520,Weekday,Night,highway,'01 - Clear','07 - Dark','01 - Dry','10 - No control',Injury,'03 - Rear end',downtown,0,cluster1
13521,Weekday,Afternoon,highway,'03 - Snow','01 - Daylight','03 - Loose snow','10 - No control','P.D. only','04 - Sideswipe',Ottawa_west,0,cluster0
13522,Weekday,Mid_Night,highway,'03 - Snow','07 - Dark','03 - Loose snow','10 - No control','P.D. only','04 - Sideswipe',mid_town,0,cluster0
13523,Weekday,Mid_Night,highway,'03 - Snow','07 - Dark','05 - Packed snow','10 - No control','P.D. only','07 - SMV other',Ottawa_west,0,cluster0
13524,Weekday,Night,highway,'03 - Snow','07 - Dark','03 - Loose snow','10 - No control','P.D. only','07 - SMV other',downtown,0,cluster0
13525,Weekday,Mid_Night,highway,'03 - Snow','07 - Dark','03 - Loose snow','10 - No control','P.D. only','07 - SMV other',downtown,0,cluster0
13526,Weekday,Mid_Night,highway,'03 - Snow','07 - Dark','03 - Loose snow','10 - No control','P.D. only','07 - SMV other',downtown,0,cluster0
13527,Weekday,Afternoon,highway,'03 - Snow','01 - Daylight','05 - Packed snow','10 - No control',Injury,'07 - SMV other',mid_town,0,cluster0
13528,Weekday,Night,highway,'03 - Snow','01 - Daylight','05 - Packed snow','10 - No control','P.D. only','04 - Sideswipe',mid_town,0,cluster0
13529,Weekday,Night,highway,'03 - Snow','01 - Daylight','03 - Loose snow','10 - No control',Injury,'07 - SMV other',Ottawa_west,0,cluster0
13530,Weekday,Night,highway,'03 - Snow','01 - Daylight','03 - Loose snow','10 - No control',Injury,'99 - Other',downtown,0,cluster0
13531,Weekday,Evening,highway,'03 - Snow','01 - Daylight','03 - Loose snow','10 - No control','P.D. only','07 - SMV other',mid_town,0,cluster0
13532,Weekday,Noon,highway,'01 - Clear','03 - Dawn','01 - Dry','10 - No control','P.D. only','03 - Rear end',mid_town,0,cluster2
13533,Weekday,Evening,highway,'03 - Snow','01 - Daylight','03 - Loose snow','10 - No control','P.D. only','07 - SMV other',Ottawa_west,0,cluster0
13534,Weekday,Evening,highway,'03 - Snow','01 - Daylight','03 - Loose snow','10 - No control',Injury,'07 - SMV other',Ottawa_west,0,cluster0
13535,Weekday,Night,highway,'03 - Snow','01 - Daylight','06 - Ice','10 - No control','P.D. only','07 - SMV other',Ottawa_west,0,cluster0
13536,Weekday,Noon,highway,'01 - Clear','01 - Daylight','02 - Wet','10 - No control','P.D. only','03 - Rear end',Ottawa_west,0,cluster1
13537,Weekday,Afternoon,highway,'01 - Clear','01 - Daylight','02 - Wet','10 - No control','P.D. only','03 - Rear end',downtown,0,cluster1
13538,Weekday,Afternoon,highway,'01 - Clear','01 - Daylight','02 - Wet','10 - No control',Injury,'03 - Rear end',mid_town,0,cluster2
13539,Weekday,Noon,highway,'01 - Clear','07 - Dark','01 - Dry','10 - No control','P.D. only','03 - Rear end',downtown,0,cluster1
13540,Weekday,Afternoon,highway,'01 - Clear','01 - Daylight','01 - Dry','10 - No control','P.D. only','03 - Rear end',downtown,0,cluster1
13541,Weekday,Night,highway,'01 - Clear','05 - Dusk','01 - Dry','10 - No control',Injury,'07 - SMV other',mid_town,0,cluster1
13542,Weekday,Mid_Night,highway,'03 - Snow','07 - Dark','03 - Loose snow','10 - No control','P.D. only','03 - Rear end',downtown,0,cluster0
13543,Weekday,Early_Morning,highway,'04 - Freezing Rain','07 - Dark','06 - Ice','10 - No control','P.D. only','07 - SMV other',mid_town,0,cluster0
13544,Weekday,Early_Morning,highway,'02 - Rain','07 - Dark','04 - Slush','10 - No control','P.D. only','07 - SMV other',Ottawa_west,0,cluster0
13545,Weekday,Afternoon,highway,'01 - Clear','01 - Daylight','01 - Dry','10 - No control','P.D. only','04 - Sideswipe',downtown,0,cluster1
13546,Weekday,Noon,highway,'01 - Clear','07 - Dark','01 - Dry','10 - No control','P.D. only','03 - Rear end',downtown,0,cluster1
13547,Weekday,Noon,highway,'01 - Clear','01 - Daylight','01 - Dry','10 - No control',Injury,'03 - Rear end',mid_town,0,cluster2
13548,Weekday,Noon,highway,'01 - Clear','01 - Daylight','01 - Dry','10 - No control','P.D. only','03 - Rear end',mid_town,0,cluster2
13549,Weekday,Noon,highway,'01 - Clear','07 - Dark','06 - Ice','10 - No control',Injury,'07 - SMV other',Ottawa_west,0,cluster0
13550,Weekday,Morning,highway,'01 - Clear','07 - Dark','04 - Slush','10 - No control','P.D. only','07 - SMV other',Ottawa_west,0,cluster0
13551,Weekday,Morning,highway,'02 - Rain','07 - Dark','04 - Slush','10 - No control','P.D. only','07 - SMV other',Ottawa_west,0,cluster0
13552,Weekends,Night,highway,'01 - Clear','01 - Daylight','01 - Dry','10 - No control','P.D. only','03 - Rear end',mid_town,0,cluster1
13553,Weekday,Night,highway,'02 - Rain','05 - Dusk','02 - Wet','10 - No control','P.D. only','03 - Rear end',downtown,0,cluster1
13554,Weekday,Mid_Night,highway,'04 - Freezing Rain','07 - Dark','04 - Slush','10 - No control','P.D. only','04 - Sideswipe',mid_town,0,cluster0
13555,Weekday,Mid_Night,highway,'04 - Freezing Rain','07 - Dark','04 - Slush','10 - No control','P.D. only','07 - SMV other',downtown,0,cluster4
13556,Weekends,Afternoon,highway,'03 - Snow','01 - Daylight','03 - Loose snow','10 - No control','P.D. only','07 - SMV other',mid_town,0,cluster0
13557,Weekday,Evening,Road,'03 - Snow','01 - Daylight','03 - Loose snow','01 - Traffic signal','P.D. only','02 - Angle',Ottawa_east,0,cluster0
13558,Weekday,Evening,highway,'01 - Clear','01 - Daylight','01 - Dry','10 - No control','P.D. only','04 - Sideswipe',downtown,0,cluster1
13559,Weekends,Afternoon,highway,'03 - Snow','01 - Daylight','06 - Ice','10 - No control',Injury,'07 - SMV other',downtown,0,cluster0
13560,Weekday,Evening,Road,'01 - Clear','01 - Daylight','04 - Slush','01 - Traffic signal','P.D. only','07 - SMV other',mid_town,0,cluster0
13561,Weekday,Evening,Road,'04 - Freezing Rain','01 - Daylight','06 - Ice','01 - Traffic signal','P.D. only','03 - Rear end',Ottawa_west,0,cluster2
13562,Weekday,Afternoon,Road,'03 - Snow','01 - Daylight','06 - Ice','01 - Traffic signal','P.D. only','03 - Rear end',mid_town,0,cluster0
13563,Weekday,Afternoon,Road,'03 - Snow','01 - Daylight','03 - Loose snow','10 - No control','P.D. only','07 - SMV other',Ottawa_south,0,cluster0
13564,Weekday,Afternoon,Road,'01 - Clear','01 - Daylight','02 - Wet','10 - No control',Injury,'02 - Angle',Ottawa_east,0,cluster1
13565,Weekday,Noon,highway,'03 - Snow','01 - Daylight','03 - Loose snow','10 - No control','P.D. only','04 - Sideswipe',Ottawa_south,0,cluster0
13566,Weekends,Night,Road,'03 - Snow','07 - Dark','04 - Slush','10 - No control','P.D. only','06 - SMV unattended vehicle',downtown,0,cluster1
13567,Weekends,Afternoon,highway,'03 - Snow','01 - Daylight','06 - Ice','10 - No control','P.D. only','07 - SMV other',Ottawa_west,0,cluster0
13568,Weekday,Evening,Road,'03 - Snow','01 - Daylight','03 - Loose snow','10 - No control','P.D. only','04 - Sideswipe',downtown,0,cluster0
13569,Weekday,Evening,Road,'01 - Clear','01 - Daylight','01 - Dry','01 - Traffic signal','P.D. only','03 - Rear end',Ottawa_east,0,cluster2
13570,Weekday,Evening,Road,'03 - Snow','01 - Daylight','04 - Slush','01 - Traffic signal','P.D. only','03 - Rear end',downtown,0,cluster0
13571,Weekday,Evening,Road,'01 - Clear','01 - Daylight','04 - Slush','10 - No control','P.D. only','99 - Other',downtown,0,cluster1
13572,Weekday,Evening,Road,'00 - Unknown','01 - Daylight','00 - Unknown','01 - Traffic signal','P.D. only','05 - Turning movement',Ottawa_south,0,cluster0
13573,Weekday,Afternoon,highway,'03 - Snow','01 - Daylight','04 - Slush','10 - No control','P.D. only','07 - SMV other',downtown,0,cluster0
13574,Weekday,Afternoon,Road,'01 - Clear','01 - Daylight','01 - Dry','10 - No control','P.D. only','04 - Sideswipe',downtown,0,cluster1
13575,Weekends,Mid_Night,highway,'01 - Clear','07 - Dark','02 - Wet','10 - No control','P.D. only','07 - SMV other',mid_town,0,cluster3
13576,Weekday,Evening,Road,'01 - Clear','01 - Daylight','04 - Slush','10 - No control','P.D. only','07 - SMV other',downtown,0,cluster0
13577,Weekday,Evening,Road,'01 - Clear','01 - Daylight','03 - Loose snow','02 - Stop sign','P.D. only','02 - Angle',Ottawa_south,0,cluster0
13578,Weekday,Noon,highway,'03 - Snow','03 - Dawn','03 - Loose snow','10 - No control','P.D. only','07 - SMV other',downtown,0,cluster0
13579,Weekday,Evening,Road,'01 - Clear','01 - Daylight','01 - Dry','01 - Traffic signal',Injury,'03 - Rear end',mid_town,0,cluster2
13580,Weekday,Mid_Night,highway,'03 - Snow','07 - Dark','06 - Ice','10 - No control','P.D. only','07 - SMV other',Ottawa_east,0,cluster0
13581,Weekday,Evening,Road,'01 - Clear','01 - Daylight','03 - Loose snow','01 - Traffic signal','P.D. only','03 - Rear end',downtown,0,cluster1
13582,Weekends,Early_Morning,Road,'01 - Clear','07 - Dark','06 - Ice','10 - No control','P.D. only','07 - SMV other',Ottawa_south,0,cluster3
13583,Weekday,Evening,Road,'01 - Clear','01 - Daylight','03 - Loose snow','01 - Traffic signal','P.D. only','03 - Rear end',Ottawa_south,0,cluster2
13584,Weekends,Mid_Night,highway,'01 - Clear','07 - Dark','02 - Wet','10 - No control','P.D. only','07 - SMV other',Ottawa_south,0,cluster3
13585,Weekday,Mid_Night,highway,'03 - Snow','07 - Dark','06 - Ice','10 - No control','P.D. only','04 - Sideswipe',downtown,0,cluster4
13586,Weekday,Evening,highway,'01 - Clear','01 - Daylight','02 - Wet','10 - No control','P.D. only','07 - SMV other',downtown,0,cluster3
13587,Weekday,Mid_Night,Road,'01 - Clear','00 - Unknown','01 - Dry','10 - No control','P.D. only','06 - SMV unattended vehicle',downtown,0,cluster1
13588,Weekday,Evening,Road,'01 - Clear','01 - Daylight','02 - Wet','01 - Traffic signal','P.D. only','04 - Sideswipe',Ottawa_east,0,cluster5
13589,Weekends,Evening,highway,'03 - Snow','01 - Daylight','03 - Loose snow','10 - No control','P.D. only','07 - SMV other',downtown,0,cluster0
13590,Weekday,Mid_Night,Road,'01 - Clear','07 - Dark','03 - Loose snow','10 - No control','P.D. only','06 - SMV unattended vehicle',mid_town,0,cluster0
13591,Weekends,Afternoon,highway,'03 - Snow','01 - Daylight','03 - Loose snow','10 - No control',Injury,'07 - SMV other',downtown,0,cluster0
13592,Weekday,Night,highway,'03 - Snow','05 - Dusk','04 - Slush','10 - No control','P.D. only','03 - Rear end',downtown,0,cluster1
13593,Weekday,Evening,Road,'01 - Clear','01 - Daylight','02 - Wet','10 - No control','P.D. only','02 - Angle',mid_town,0,cluster2
13594,Weekday,Night,highway,'03 - Snow','01 - Daylight','02 - Wet','01 - Traffic signal',Injury,'03 - Rear end',Ottawa_west,0,cluster5
13595,Weekends,Afternoon,highway,'03 - Snow','01 - Daylight','03 - Loose snow','10 - No control',Injury,'07 - SMV other',downtown,0,cluster0
13596,Weekday,Mid_Night,highway,'01 - Clear','07 - Dark','01 - Dry','10 - No control','P.D. only','04 - Sideswipe',Ottawa_west,0,cluster4
13597,Weekends,Mid_Night,highway,'01 - Clear','07 - Dark','02 - Wet','10 - No control','P.D. only','07 - SMV other',mid_town,0,cluster3
13598,Weekday,Afternoon,highway,'01 - Clear','01 - Daylight','06 - Ice','10 - No control',Injury,'07 - SMV other',downtown,0,cluster1
13599,Weekday,Early_Morning,highway,'01 - Clear','07 - Dark','01 - Dry','10 - No control','P.D. only','07 - SMV other',downtown,0,cluster1
13600,Weekday,Night,highway,'01 - Clear','01 - Daylight','01 - Dry','10 - No control','P.D. only','03 - Rear end',downtown,0,cluster1
13601,Weekday,Noon,highway,'01 - Clear','01 - Daylight','01 - Dry','10 - No control','P.D. only','03 - Rear end',Ottawa_west,0,cluster1
13602,Weekday,Night,highway,'01 - Clear','05 - Dusk','01 - Dry','10 - No control','P.D. only','03 - Rear end',downtown,0,cluster1
13603,Weekday,Night,highway,'01 - Clear','07 - Dark','01 - Dry','10 - No control','P.D. only','03 - Rear end',Ottawa_west,0,cluster1
13604,Weekday,Night,highway,'01 - Clear','07 - Dark','01 - Dry','10 - No control','P.D. only','03 - Rear end',downtown,0,cluster1
13605,Weekday,Mid_Night,highway,'01 - Clear','07 - Dark','01 - Dry','10 - No control','P.D. only','04 - Sideswipe',mid_town,0,cluster2
13606,Weekday,Afternoon,highway,'01 - Clear','01 - Daylight','01 - Dry','10 - No control','P.D. only','99 - Other',downtown,0,cluster1
13607,Weekday,Night,highway,'01 - Clear','01 - Daylight','01 - Dry','10 - No control','P.D. only','03 - Rear end',mid_town,0,cluster1
13608,Weekday,Evening,highway,'01 - Clear','01 - Daylight','01 - Dry','10 - No control','P.D. only','04 - Sideswipe',downtown,0,cluster1
13609,Weekday,Evening,highway,'01 - Clear','01 - Daylight','01 - Dry','10 - No control',Injury,'99 - Other',downtown,0,cluster1
13610,Weekday,Evening,highway,'01 - Clear','01 - Daylight','01 - Dry','10 - No control',Injury,'03 - Rear end',downtown,0,cluster1
13611,Weekday,Noon,highway,'01 - Clear','03 - Dawn','01 - Dry','10 - No control','P.D. only','03 - Rear end',downtown,0,cluster1
13612,Weekday,Morning,highway,'02 - Rain','07 - Dark','02 - Wet','10 - No control','P.D. only','07 - SMV other',downtown,0,cluster5
13613,Weekday,Night,highway,'01 - Clear','01 - Daylight','01 - Dry','10 - No control',Injury,'04 - Sideswipe',downtown,0,cluster1
13614,Weekday,Noon,Road,'01 - Clear','01 - Daylight','01 - Dry','01 - Traffic signal','P.D. only','03 - Rear end',Ottawa_west,0,cluster1
13615,Weekends,Early_Morning,highway,'02 - Rain','07 - Dark','02 - Wet','10 - No control',Injury,'07 - SMV other',mid_town,0,cluster0
13616,Weekday,Afternoon,highway,'01 - Clear','01 - Daylight','01 - Dry','10 - No control','P.D. only','03 - Rear end',mid_town,0,cluster2
13617,Weekday,Noon,highway,'01 - Clear','01 - Daylight','01 - Dry','10 - No control','P.D. only','07 - SMV other',Ottawa_east,0,cluster1
13618,Weekday,Noon,highway,'01 - Clear','01 - Daylight','01 - Dry','10 - No control','P.D. only','07 - SMV other',Ottawa_east,0,cluster1
13619,Weekday,Mid_Night,highway,'01 - Clear','07 - Dark','01 - Dry','10 - No control','P.D. only','07 - SMV other',Ottawa_east,0,cluster4
13620,Weekday,Early_Morning,highway,'03 - Snow','07 - Dark','03 - Loose snow','10 - No control','P.D. only','07 - SMV other',downtown,0,cluster0
13621,Weekday,Mid_Night,highway,'01 - Clear','07 - Dark','01 - Dry','10 - No control',Injury,'07 - SMV other',downtown,0,cluster4
13622,Weekday,Early_Morning,highway,'03 - Snow','07 - Dark','05 - Packed snow','10 - No control','P.D. only','07 - SMV other',mid_town,0,cluster0
13623,Weekday,Early_Morning,highway,'03 - Snow','07 - Dark','05 - Packed snow','10 - No control','P.D. only','07 - SMV other',mid_town,0,cluster0
13624,Weekday,Mid_Night,highway,'03 - Snow','07 - Dark','03 - Loose snow','10 - No control','P.D. only','07 - SMV other',downtown,0,cluster0
13625,Weekday,Noon,highway,'03 - Snow','07 - Dark','03 - Loose snow','10 - No control','P.D. only','07 - SMV other',mid_town,0,cluster0
13626,Weekday,Evening,highway,'03 - Snow','01 - Daylight','03 - Loose snow','10 - No control','P.D. only','07 - SMV other',mid_town,0,cluster0
13627,Weekday,Afternoon,highway,'03 - Snow','01 - Daylight','06 - Ice','10 - No control','P.D. only','07 - SMV other',downtown,0,cluster0
13628,Weekday,Evening,highway,'03 - Snow','01 - Daylight','03 - Loose snow','10 - No control','P.D. only','07 - SMV other',Ottawa_east,0,cluster0
13629,Weekday,Mid_Night,highway,'03 - Snow','07 - Dark','03 - Loose snow','10 - No control','P.D. only','03 - Rear end',downtown,0,cluster0
13630,Weekday,Evening,highway,'03 - Snow','01 - Daylight','03 - Loose snow','10 - No control','P.D. only','03 - Rear end',mid_town,0,cluster0
13631,Weekday,Night,highway,'03 - Snow','01 - Daylight','03 - Loose snow','10 - No control','P.D. only','03 - Rear end',Ottawa_west,0,cluster0
13632,Weekday,Night,highway,'03 - Snow','01 - Daylight','03 - Loose snow','10 - No control','P.D. only','07 - SMV other',Ottawa_west,0,cluster0
13633,Weekends,Noon,highway,'01 - Clear','01 - Daylight','06 - Ice','10 - No control','P.D. only','06 - SMV unattended vehicle',Ottawa_south,0,cluster3
13634,Weekends,Afternoon,highway,'01 - Clear','01 - Daylight','03 - Loose snow','10 - No control','P.D. only','07 - SMV other',Ottawa_west,0,cluster0
13635,Weekends,Noon,highway,'01 - Clear','01 - Daylight','06 - Ice','10 - No control',Injury,'07 - SMV other',mid_town,0,cluster0
13636,Weekends,Noon,highway,'01 - Clear','01 - Daylight','06 - Ice','10 - No control','P.D. only','07 - SMV other',Ottawa_west,0,cluster3
13637,Weekends,Noon,highway,'01 - Clear','01 - Daylight','06 - Ice','10 - No control','P.D. only','07 - SMV other',Ottawa_west,0,cluster3
13638,Weekends,Afternoon,highway,'01 - Clear','01 - Daylight','06 - Ice','10 - No control','P.D. only','07 - SMV other',Ottawa_west,0,cluster3
13639,Weekday,Noon,highway,'03 - Snow','01 - Daylight','03 - Loose snow','10 - No control','P.D. only','07 - SMV other',downtown,0,cluster0
13640,Weekday,Night,highway,'03 - Snow','01 - Daylight','03 - Loose snow','10 - No control','P.D. only','07 - SMV other',mid_town,0,cluster0
13641,Weekday,Evening,highway,'03 - Snow','01 - Daylight','03 - Loose snow','10 - No control','P.D. only','04 - Sideswipe',mid_town,0,cluster0
13642,Weekends,Noon,highway,'01 - Clear','01 - Daylight','06 - Ice','10 - No control','P.D. only','07 - SMV other',mid_town,0,cluster0
13643,Weekends,Night,highway,'01 - Clear','01 - Daylight','01 - Dry','10 - No control','P.D. only','03 - Rear end',mid_town,0,cluster1
13644,Weekday,Night,highway,'05 - Drifting Snow','07 - Dark','03 - Loose snow','10 - No control','P.D. only','07 - SMV other',downtown,0,cluster0
13645,Weekends,Night,highway,'01 - Clear','01 - Daylight','01 - Dry','10 - No control','P.D. only','03 - Rear end',mid_town,0,cluster1
13646,Weekday,Mid_Night,highway,'03 - Snow','07 - Dark','05 - Packed snow','10 - No control','P.D. only','99 - Other',mid_town,0,cluster0
13647,Weekday,Afternoon,highway,'03 - Snow','01 - Daylight','03 - Loose snow','10 - No control','P.D. only','07 - SMV other',Ottawa_west,0,cluster0
13648,Weekday,Noon,highway,'03 - Snow','01 - Daylight','03 - Loose snow','10 - No control','P.D. only','07 - SMV other',Ottawa_west,0,cluster0
13649,Weekday,Night,highway,'03 - Snow','01 - Daylight','03 - Loose snow','10 - No control','P.D. only','03 - Rear end',Ottawa_west,0,cluster0
13650,Weekends,Afternoon,highway,'01 - Clear','01 - Daylight','01 - Dry','10 - No control',Injury,'07 - SMV other',Ottawa_south,0,cluster1
13651,Weekday,Evening,highway,'03 - Snow','01 - Daylight','03 - Loose snow','10 - No control','P.D. only','07 - SMV other',Ottawa_west,0,cluster0
13652,Weekends,Noon,highway,'01 - Clear','01 - Daylight','05 - Packed snow','10 - No control','P.D. only','07 - SMV other',downtown,0,cluster3
13653,Weekends,Noon,highway,'01 - Clear','03 - Dawn','06 - Ice','10 - No control','P.D. only','03 - Rear end',Ottawa_west,0,cluster3
13654,Weekends,Noon,highway,'01 - Clear','01 - Daylight','06 - Ice','10 - No control','P.D. only','07 - SMV other',Ottawa_west,0,cluster3
13655,Weekends,Afternoon,highway,'01 - Clear','01 - Daylight','06 - Ice','10 - No control','P.D. only','04 - Sideswipe',downtown,0,cluster3
13656,Weekday,Noon,highway,'03 - Snow','01 - Daylight','03 - Loose snow','10 - No control','P.D. only','03 - Rear end',downtown,0,cluster0
13657,Weekday,Night,highway,'03 - Snow','01 - Daylight','03 - Loose snow','10 - No control',Injury,'07 - SMV other',downtown,0,cluster0
13658,Weekends,Evening,highway,'01 - Clear','01 - Daylight','01 - Dry','10 - No control','P.D. only','04 - Sideswipe',mid_town,0,cluster2
13659,Weekends,Noon,highway,'01 - Clear','01 - Daylight','01 - Dry','10 - No control','P.D. only','07 - SMV other',downtown,0,cluster1
13660,Weekday,Noon,highway,'01 - Clear','03 - Dawn','01 - Dry','10 - No control','P.D. only','03 - Rear end',Ottawa_west,0,cluster1
13661,Weekday,Afternoon,highway,'01 - Clear','01 - Daylight','01 - Dry','10 - No control','P.D. only','03 - Rear end',downtown,0,cluster1
13662,Weekday,Noon,highway,'01 - Clear','03 - Dawn','01 - Dry','10 - No control','P.D. only','03 - Rear end',Ottawa_west,0,cluster1
13663,Weekday,Afternoon,highway,'03 - Snow','01 - Daylight','03 - Loose snow','10 - No control','P.D. only','03 - Rear end',downtown,0,cluster0
13664,Weekday,Afternoon,highway,'01 - Clear','01 - Daylight','03 - Loose snow','10 - No control','P.D. only','03 - Rear end',downtown,0,cluster1
13665,Weekday,Early_Morning,highway,'03 - Snow','07 - Dark','03 - Loose snow','10 - No control','P.D. only','07 - SMV other',downtown,0,cluster0
13666,Weekday,Noon,highway,'03 - Snow','01 - Daylight','02 - Wet','10 - No control','P.D. only','99 - Other',Ottawa_west,0,cluster0
13667,Weekday,Mid_Night,highway,'03 - Snow','07 - Dark','04 - Slush','10 - No control','P.D. only','07 - SMV other',downtown,0,cluster0
13668,Weekends,Mid_Night,highway,'01 - Clear','07 - Dark','01 - Dry','10 - No control','P.D. only','07 - SMV other',downtown,0,cluster4