Instance_number,DATE,TIME,Road_type,ENVIRONMENT,LIGHT,SURFACE_CONDITION,TRAFFIC_CONTROL,COLLISION_CLASSIFICATION,IMPACT_TYPE,Location,NO_OF_PEDESTRIANS,Cluster
13669,Weekday,Mid_Night,highway,'01 - Clear','07 - Dark','04 - Slush','10 - No control','P.D. only','07 - SMV other',Ottawa_west,0,cluster4
13670,Weekday,Mid_Night,highway,'02 - Rain','07 - Dark','04 - Slush','10 - No control','P.D. only','07 - SMV other',Ottawa_west,0,cluster0
13671,Weekday,Noon,highway,'03 - Snow','07 - Dark','06 - Ice','10 - No control','P.D. only','07 - SMV other',Ottawa_west,0,cluster0
13672,Weekends,Noon,highway,'01 - Clear','01 - Daylight','06 - Ice','10 - No control','P.D. only','03 - Rear end',Ottawa_west,0,cluster3
13673,Weekday,Mid_Night,highway,'03 - Snow','07 - Dark','04 - Slush','10 - No control','P.D. only','07 - SMV other',downtown,0,cluster0
13674,Weekday,Night,highway,'01 - Clear','01 - Daylight','01 - Dry','10 - No control','P.D. only','03 - Rear end',mid_town,0,cluster1
13675,Weekday,Mid_Night,highway,'03 - Snow','07 - Dark','04 - Slush','10 - No control','P.D. only','99 - Other',mid_town,0,cluster0
13676,Weekday,Mid_Night,highway,'01 - Clear','07 - Dark','01 - Dry','10 - No control','P.D. only','07 - SMV other',Ottawa_west,0,cluster4
13677,Weekday,Night,highway,'01 - Clear','01 - Daylight','01 - Dry','10 - No control','P.D. only','99 - Other',downtown,0,cluster1
13678,Weekday,Night,highway,'01 - Clear','07 - Dark','01 - Dry','10 - No control','P.D. only','03 - Rear end',downtown,0,cluster1
13679,Weekday,Night,Road,'03 - Snow','01 - Daylight','03 - Loose snow','10 - No control','P.D. only','03 - Rear end',mid_town,0,cluster0
13680,Weekday,Mid_Night,highway,'02 - Rain','07 - Dark','04 - Slush','10 - No control','P.D. only','07 - SMV other',downtown,0,cluster4
13681,Weekday,Night,Road,'03 - Snow','01 - Daylight','04 - Slush','10 - No control','P.D. only','04 - Sideswipe',mid_town,0,cluster0
13682,Weekday,Night,Road,'01 - Clear','01 - Daylight','04 - Slush','01 - Traffic signal','P.D. only','04 - Sideswipe',downtown,0,cluster5
13683,Weekends,Mid_Night,Road,'03 - Snow','00 - Unknown','03 - Loose snow','10 - No control','P.D. only','06 - SMV unattended vehicle',downtown,0,cluster0
13684,Weekday,Night,Road,'01 - Clear','07 - Dark','01 - Dry','10 - No control','P.D. only','06 - SMV unattended vehicle',downtown,0,cluster1
13685,Weekday,Mid_Night,highway,'03 - Snow','07 - Dark','03 - Loose snow','10 - No control','P.D. only','07 - SMV other',Ottawa_west,0,cluster0
13686,Weekends,Night,Road,'03 - Snow','05 - Dusk','01 - Dry','10 - No control','P.D. only','02 - Angle',downtown,0,cluster1
13687,Weekday,Night,Road,'01 - Clear','01 - Daylight','02 - Wet','01 - Traffic signal','P.D. only','05 - Turning movement',Ottawa_south,0,cluster5
13688,Weekday,Night,Road,'03 - Snow','07 - Dark','03 - Loose snow','01 - Traffic signal',Injury,'03 - Rear end',downtown,0,cluster1
13689,Weekday,Mid_Night,highway,'01 - Clear','07 - Dark','03 - Loose snow','10 - No control','P.D. only','07 - SMV other',mid_town,0,cluster0
13690,Weekday,Evening,Road,'01 - Clear','01 - Daylight','01 - Dry','02 - Stop sign','P.D. only','02 - Angle',downtown,0,cluster1
13691,Weekday,Night,Road,'04 - Freezing Rain','01 - Daylight','02 - Wet','01 - Traffic signal','P.D. only','03 - Rear end',Ottawa_west,0,cluster5
13692,Weekday,Night,Road,'03 - Snow','07 - Dark','03 - Loose snow','01 - Traffic signal','P.D. only','02 - Angle',downtown,0,cluster4
13693,Weekday,Noon,highway,'01 - Clear','01 - Daylight','06 - Ice','10 - No control','P.D. only','03 - Rear end',downtown,0,cluster1
13694,Weekday,Evening,Road,'03 - Snow','01 - Daylight','05 - Packed snow','01 - Traffic signal','P.D. only','03 - Rear end',mid_town,0,cluster0
13695,Weekday,Night,Road,'01 - Clear','05 - Dusk','05 - Packed snow','02 - Stop sign','P.D. only','05 - Turning movement',downtown,0,cluster1
13696,Weekday,Night,Road,'01 - Clear','01 - Daylight','02 - Wet','01 - Traffic signal','P.D. only','05 - Turning movement',mid_town,0,cluster5
13697,Weekday,Night,Road,'01 - Clear','05 - Dusk','01 - Dry','01 - Traffic signal','P.D. only','05 - Turning movement',Ottawa_west,0,cluster4
13698,Weekday,Night,Road,'03 - Snow','05 - Dusk','03 - Loose snow','10 - No control','P.D. only','06 - SMV unattended vehicle',downtown,0,cluster0
13699,Weekday,Night,Road,'01 - Clear','05 - Dusk','02 - Wet','02 - Stop sign','P.D. only','02 - Angle',Ottawa_east,0,cluster5
13700,Weekday,Early_Morning,Road,'04 - Freezing Rain','07 - Dark','06 - Ice','10 - No control','P.D. only','07 - SMV other',Ottawa_west,0,cluster0
13701,Weekday,Night,Road,'01 - Clear','01 - Daylight','04 - Slush','10 - No control','P.D. only','03 - Rear end',mid_town,0,cluster1
13702,Weekday,Mid_Night,Road,'03 - Snow','07 - Dark','03 - Loose snow','10 - No control','P.D. only','07 - SMV other',mid_town,0,cluster0
13703,Weekends,Night,Road,'03 - Snow','07 - Dark','03 - Loose snow','10 - No control','P.D. only','06 - SMV unattended vehicle',Ottawa_west,0,cluster0
13704,Weekday,Night,Road,'01 - Clear','05 - Dusk','04 - Slush','10 - No control','P.D. only','05 - Turning movement',downtown,0,cluster1
13705,Weekday,Night,Road,'01 - Clear','01 - Daylight','01 - Dry','01 - Traffic signal','P.D. only','04 - Sideswipe',mid_town,0,cluster1
13706,Weekday,Night,Road,'01 - Clear','07 - Dark','05 - Packed snow','02 - Stop sign','P.D. only','03 - Rear end',mid_town,0,cluster1
13707,Weekday,Night,Road,'01 - Clear','07 - Dark','03 - Loose snow','01 - Traffic signal','P.D. only','07 - SMV other',Ottawa_west,1,cluster5
13708,Weekday,Night,Road,'03 - Snow','07 - Dark','06 - Ice','10 - No control','P.D. only','03 - Rear end',mid_town,0,cluster0
13709,Weekday,Mid_Night,Road,'01 - Clear','07 - Dark','04 - Slush','01 - Traffic signal',Injury,'03 - Rear end',mid_town,0,cluster4
13710,Weekday,Mid_Night,Road,'01 - Clear','07 - Dark','03 - Loose snow','02 - Stop sign','P.D. only','05 - Turning movement',downtown,0,cluster4
13711,Weekday,Mid_Night,Road,'01 - Clear','07 - Dark','03 - Loose snow','02 - Stop sign','P.D. only','07 - SMV other',mid_town,0,cluster0
13712,Weekday,Mid_Night,Road,'01 - Clear','07 - Dark','01 - Dry','10 - No control','P.D. only','07 - SMV other',downtown,0,cluster4
13713,Weekday,Night,Road,'01 - Clear','05 - Dusk','04 - Slush','01 - Traffic signal','P.D. only','05 - Turning movement',downtown,0,cluster4
13714,Weekday,Mid_Night,Road,'01 - Clear','07 - Dark','06 - Ice','02 - Stop sign','P.D. only','04 - Sideswipe',mid_town,0,cluster4
13715,Weekday,Mid_Night,Road,'01 - Clear','07 - Dark','04 - Slush','01 - Traffic signal','P.D. only','03 - Rear end',downtown,0,cluster4
13716,Weekday,Mid_Night,Road,'01 - Clear','07 - Dark','01 - Dry','10 - No control','P.D. only','07 - SMV other',Ottawa_west,0,cluster4
13717,Weekday,Mid_Night,Road,'01 - Clear','07 - Dark','04 - Slush','01 - Traffic signal','P.D. only','05 - Turning movement',downtown,0,cluster4
13718,Weekday,Early_Morning,Road,'01 - Clear','07 - Dark','05 - Packed snow','10 - No control','P.D. only','06 - SMV unattended vehicle',Ottawa_west,0,cluster1
13719,Weekday,Morning,Road,'01 - Clear','07 - Dark','03 - Loose snow','10 - No control',Injury,'99 - Other',mid_town,1,cluster0
13720,Weekends,Night,Road,'01 - Clear','01 - Daylight','03 - Loose snow','10 - No control','P.D. only','06 - SMV unattended vehicle',Ottawa_south,0,cluster1
13721,Weekday,Afternoon,Road,'01 - Clear','01 - Daylight','02 - Wet','01 - Traffic signal','P.D. only','03 - Rear end',mid_town,0,cluster2
13722,Weekday,Afternoon,Road,'01 - Clear','01 - Daylight','06 - Ice','10 - No control','P.D. only','07 - SMV other',downtown,0,cluster1
13723,Weekday,Afternoon,Road,'01 - Clear','01 - Daylight','02 - Wet','02 - Stop sign','P.D. only','05 - Turning movement',mid_town,0,cluster2
13724,Weekday,Noon,Road,'01 - Clear','01 - Daylight','06 - Ice','01 - Traffic signal','P.D. only','03 - Rear end',mid_town,0,cluster2
13725,Weekday,Afternoon,Road,'01 - Clear','01 - Daylight','02 - Wet','01 - Traffic signal','P.D. only','03 - Rear end',downtown,0,cluster5
13726,Weekday,Afternoon,Road,'01 - Clear','01 - Daylight','05 - Packed snow','10 - No control',Injury,'02 - Angle',downtown,0,cluster1
13727,Weekday,Afternoon,Road,'01 - Clear','01 - Daylight','05 - Packed snow','02 - Stop sign','P.D. only','07 - SMV other',Ottawa_west,0,cluster5
13728,Weekday,Evening,Road,'01 - Clear','01 - Daylight','02 - Wet','01 - Traffic signal','P.D. only','02 - Angle',downtown,0,cluster5
13729,Weekday,Evening,Road,'01 - Clear','01 - Daylight','01 - Dry','01 - Traffic signal',Injury,'05 - Turning movement',Ottawa_east,0,cluster2
13730,Weekday,Evening,Road,'01 - Clear','01 - Daylight','01 - Dry','10 - No control','P.D. only','06 - SMV unattended vehicle',downtown,0,cluster1
13731,Weekday,Evening,Road,'01 - Clear','01 - Daylight','02 - Wet','10 - No control',Injury,'03 - Rear end',Ottawa_east,0,cluster2
13732,Weekday,Evening,Road,'01 - Clear','01 - Daylight','06 - Ice','01 - Traffic signal','P.D. only','03 - Rear end',mid_town,0,cluster2
13733,Weekday,Night,Road,'03 - Snow','07 - Dark','05 - Packed snow','10 - No control','P.D. only','06 - SMV unattended vehicle',mid_town,0,cluster0
13734,Weekday,Evening,Road,'01 - Clear','01 - Daylight','06 - Ice','10 - No control','P.D. only','03 - Rear end',mid_town,0,cluster2
13735,Weekday,Evening,Road,'01 - Clear','01 - Daylight','02 - Wet','02 - Stop sign','P.D. only','02 - Angle',Ottawa_east,0,cluster2
13736,Weekday,Evening,Road,'01 - Clear','01 - Daylight','02 - Wet','02 - Stop sign','P.D. only','07 - SMV other',downtown,0,cluster5
13737,Weekday,Evening,Road,'01 - Clear','01 - Daylight','01 - Dry','01 - Traffic signal','P.D. only','03 - Rear end',mid_town,0,cluster2
13738,Weekday,Evening,Road,'01 - Clear','01 - Daylight','02 - Wet','01 - Traffic signal','P.D. only','07 - SMV other',Ottawa_east,0,cluster5
13739,Weekday,Evening,Road,'01 - Clear','01 - Daylight','02 - Wet','01 - Traffic signal','P.D. only','03 - Rear end',Ottawa_west,0,cluster2
13740,Weekday,Evening,Road,'01 - Clear','01 - Daylight','01 - Dry','01 - Traffic signal','P.D. only','02 - Angle',Ottawa_east,0,cluster2
13741,Weekday,Evening,Road,'01 - Clear','01 - Daylight','01 - Dry','01 - Traffic signal','P.D. only','03 - Rear end',mid_town,0,cluster2
13742,Weekday,Evening,Road,'01 - Clear','01 - Daylight','02 - Wet','10 - No control','P.D. only','03 - Rear end',Ottawa_east,0,cluster2
13743,Weekday,Evening,Road,'03 - Snow','01 - Daylight','03 - Loose snow','01 - Traffic signal','P.D. only','03 - Rear end',Ottawa_south,0,cluster0
13744,Weekday,Evening,Road,'01 - Clear','01 - Daylight','02 - Wet','01 - Traffic signal','P.D. only','05 - Turning movement',mid_town,0,cluster2
13745,Weekday,Night,Road,'01 - Clear','05 - Dusk','04 - Slush','10 - No control','P.D. only','02 - Angle',mid_town,0,cluster1
13746,Weekday,Evening,Road,'01 - Clear','01 - Daylight','04 - Slush','10 - No control','P.D. only','02 - Angle',mid_town,0,cluster2
13747,Weekday,Noon,highway,'01 - Clear','03 - Dawn','06 - Ice','10 - No control','P.D. only','07 - SMV other',Ottawa_west,0,cluster0
13748,Weekday,Evening,highway,'01 - Clear','01 - Daylight','01 - Dry','10 - No control','P.D. only','03 - Rear end',downtown,0,cluster1
13749,Weekday,Afternoon,Road,'01 - Clear','01 - Daylight','02 - Wet','01 - Traffic signal','P.D. only','03 - Rear end',Ottawa_south,0,cluster5
13750,Weekday,Evening,Road,'01 - Clear','01 - Daylight','02 - Wet','01 - Traffic signal','P.D. only','02 - Angle',Ottawa_east,0,cluster5
13751,Weekday,Evening,Road,'01 - Clear','01 - Daylight','03 - Loose snow','01 - Traffic signal','P.D. only','02 - Angle',mid_town,0,cluster0
13752,Weekday,Night,Road,'01 - Clear','01 - Daylight','04 - Slush','01 - Traffic signal','P.D. only','05 - Turning movement',Ottawa_south,0,cluster5
13753,Weekday,Evening,highway,'01 - Clear','01 - Daylight','01 - Dry','10 - No control','P.D. only','03 - Rear end',downtown,0,cluster1
13754,Weekday,Night,Road,'01 - Clear','01 - Daylight','02 - Wet','01 - Traffic signal','P.D. only','07 - SMV other',Ottawa_east,0,cluster5
13755,Weekday,Night,Road,'01 - Clear','01 - Daylight','05 - Packed snow','10 - No control','P.D. only','02 - Angle',Ottawa_west,0,cluster1
13756,Weekday,Night,Road,'01 - Clear','01 - Daylight','04 - Slush','01 - Traffic signal','P.D. only','04 - Sideswipe',downtown,0,cluster5
13757,Weekday,Evening,Road,'01 - Clear','01 - Daylight','04 - Slush','01 - Traffic signal','P.D. only','05 - Turning movement',mid_town,0,cluster2
13758,Weekday,Mid_Night,Road,'01 - Clear','07 - Dark','03 - Loose snow','10 - No control','P.D. only','06 - SMV unattended vehicle',downtown,0,cluster4
13759,Weekday,Night,Road,'01 - Clear','07 - Dark','01 - Dry','10 - No control','P.D. only','07 - SMV other',Ottawa_south,0,cluster1
13760,Weekday,Mid_Night,Road,'01 - Clear','07 - Dark','05 - Packed snow','10 - No control','P.D. only','06 - SMV unattended vehicle',Ottawa_west,0,cluster4
13761,Weekday,Mid_Night,Road,'01 - Clear','07 - Dark','01 - Dry','01 - Traffic signal','P.D. only','03 - Rear end',downtown,0,cluster4
13762,Weekday,Mid_Night,Road,'01 - Clear','07 - Dark','01 - Dry','10 - No control','P.D. only','05 - Turning movement',downtown,0,cluster4
13763,Weekday,Mid_Night,highway,'01 - Clear','07 - Dark','01 - Dry','01 - Traffic signal','P.D. only','03 - Rear end',mid_town,0,cluster4
13764,Weekday,Early_Morning,Road,'01 - Clear','07 - Dark','01 - Dry','02 - Stop sign','P.D. only','07 - SMV other',Ottawa_east,0,cluster4
13765,Weekday,Noon,Road,'01 - Clear','01 - Daylight','03 - Loose snow','10 - No control','P.D. only','07 - SMV other',Ottawa_east,0,cluster0
13766,Weekday,Afternoon,Road,'01 - Clear','01 - Daylight','01 - Dry','10 - No control','P.D. only','05 - Turning movement',Ottawa_east,0,cluster1
13767,Weekday,Evening,Road,'01 - Clear','01 - Daylight','06 - Ice','01 - Traffic signal','P.D. only','02 - Angle',mid_town,0,cluster2
13768,Weekday,Evening,Road,'01 - Clear','01 - Daylight','01 - Dry','01 - Traffic signal',Injury,'02 - Angle',downtown,0,cluster1
13769,Weekday,Evening,Road,'01 - Clear','01 - Daylight','01 - Dry','01 - Traffic signal','P.D. only','02 - Angle',mid_town,0,cluster2
13770,Weekday,Night,Road,'01 - Clear','05 - Dusk','06 - Ice','01 - Traffic signal','P.D. only','03 - Rear end',Ottawa_south,0,cluster1
13771,Weekday,Night,Road,'01 - Clear','07 - Dark','01 - Dry','01 - Traffic signal','P.D. only','03 - Rear end',Ottawa_west,0,cluster1
13772,Weekday,Night,Road,'01 - Clear','07 - Dark','01 - Dry','01 - Traffic signal',Injury,'05 - Turning movement',mid_town,0,cluster4
13773,Weekday,Mid_Night,Road,'01 - Clear','07 - Dark','01 - Dry','10 - No control',Injury,'07 - SMV other',Ottawa_south,0,cluster4
13774,Weekday,Mid_Night,Road,'01 - Clear','07 - Dark','06 - Ice','10 - No control','P.D. only','03 - Rear end',mid_town,0,cluster2
13775,Weekday,Noon,Road,'01 - Clear','01 - Daylight','05 - Packed snow','10 - No control','P.D. only','07 - SMV other',downtown,0,cluster1
13776,Weekday,Afternoon,Road,'03 - Snow','01 - Daylight','04 - Slush','01 - Traffic signal','P.D. only','02 - Angle',mid_town,0,cluster0
13777,Weekday,Night,Road,'03 - Snow','07 - Dark','03 - Loose snow','10 - No control','P.D. only','04 - Sideswipe',downtown,0,cluster0
13778,Weekday,Afternoon,highway,'01 - Clear','01 - Daylight','02 - Wet','10 - No control','P.D. only','03 - Rear end',downtown,0,cluster1
13779,Weekday,Night,Road,'01 - Clear','07 - Dark','04 - Slush','10 - No control',Injury,'03 - Rear end',downtown,0,cluster1
13780,Weekday,Night,Road,'01 - Clear','01 - Daylight','01 - Dry','01 - Traffic signal','P.D. only','03 - Rear end',downtown,0,cluster1
13781,Weekday,Noon,highway,'05 - Drifting Snow','01 - Daylight','06 - Ice','10 - No control','P.D. only','07 - SMV other',downtown,0,cluster0
13782,Weekday,Mid_Night,Road,'01 - Clear','07 - Dark','04 - Slush','10 - No control','P.D. only','07 - SMV other',Ottawa_east,0,cluster4
13783,Weekday,Noon,highway,'05 - Drifting Snow','01 - Daylight','06 - Ice','10 - No control','P.D. only','03 - Rear end',downtown,0,cluster1
13784,Weekday,Night,Road,'01 - Clear','01 - Daylight','01 - Dry','02 - Stop sign','P.D. only','02 - Angle',downtown,0,cluster1
13785,Weekday,Mid_Night,Road,'03 - Snow','07 - Dark','06 - Ice','02 - Stop sign','P.D. only','07 - SMV other',mid_town,0,cluster0
13786,Weekday,Noon,highway,'01 - Clear','01 - Daylight','06 - Ice','01 - Traffic signal','P.D. only','03 - Rear end',downtown,0,cluster1
13787,Weekends,Mid_Night,Road,'07 - Fog/mist/smoke/dust','07 - Dark','02 - Wet','10 - No control','P.D. only','07 - SMV other',mid_town,0,cluster0
13788,Weekday,Mid_Night,Road,'01 - Clear','07 - Dark','04 - Slush','01 - Traffic signal','P.D. only','03 - Rear end',Ottawa_south,0,cluster4
13789,Weekday,Afternoon,highway,'03 - Snow','01 - Daylight','03 - Loose snow','10 - No control','P.D. only','03 - Rear end',downtown,0,cluster0
13790,Weekday,Night,Road,'01 - Clear','01 - Daylight','03 - Loose snow','10 - No control','P.D. only','05 - Turning movement',mid_town,0,cluster0
13791,Weekday,Mid_Night,Road,'01 - Clear','07 - Dark','04 - Slush','01 - Traffic signal',Injury,'02 - Angle',Ottawa_east,0,cluster4
13792,Weekday,Noon,highway,'05 - Drifting Snow','01 - Daylight','03 - Loose snow','10 - No control','P.D. only','04 - Sideswipe',downtown,0,cluster0
13793,Weekday,Night,Road,'01 - Clear','01 - Daylight','01 - Dry','01 - Traffic signal','P.D. only','05 - Turning movement',mid_town,0,cluster1
13794,Weekday,Mid_Night,Road,'01 - Clear','07 - Dark','03 - Loose snow','02 - Stop sign','P.D. only','02 - Angle',downtown,0,cluster4
13795,Weekday,Noon,highway,'01 - Clear','01 - Daylight','06 - Ice','10 - No control','P.D. only','07 - SMV other',mid_town,0,cluster0
13796,Weekends,Afternoon,Road,'01 - Clear','01 - Daylight','01 - Dry','01 - Traffic signal','P.D. only','03 - Rear end',mid_town,0,cluster2
13797,Weekday,Mid_Night,Road,'01 - Clear','07 - Dark','05 - Packed snow','10 - No control','P.D. only','07 - SMV other',downtown,0,cluster4
13798,Weekday,Morning,Road,'03 - Snow','07 - Dark','04 - Slush','01 - Traffic signal',Injury,'07 - SMV other',Ottawa_south,0,cluster0
13799,Weekday,Night,Road,'03 - Snow','07 - Dark','05 - Packed snow','10 - No control','P.D. only','03 - Rear end',mid_town,0,cluster0
13800,Weekday,Noon,Road,'01 - Clear','07 - Dark','02 - Wet','01 - Traffic signal','P.D. only','04 - Sideswipe',Ottawa_south,0,cluster4
13801,Weekday,Evening,highway,'01 - Clear','01 - Daylight','03 - Loose snow','01 - Traffic signal','P.D. only','02 - Angle',mid_town,0,cluster0
13802,Weekday,Evening,Road,'03 - Snow','01 - Daylight','04 - Slush','01 - Traffic signal','P.D. only','03 - Rear end',mid_town,0,cluster0
13803,Weekday,Afternoon,Road,'01 - Clear','01 - Daylight','02 - Wet','01 - Traffic signal','P.D. only','03 - Rear end',mid_town,0,cluster2
13804,Weekday,Mid_Night,Road,'03 - Snow','00 - Unknown','03 - Loose snow','10 - No control','P.D. only','06 - SMV unattended vehicle',downtown,0,cluster0
13805,Weekday,Mid_Night,Road,'04 - Freezing Rain','07 - Dark','04 - Slush','02 - Stop sign','P.D. only','02 - Angle',Ottawa_east,0,cluster4
13806,Weekday,Night,Road,'03 - Snow','07 - Dark','05 - Packed snow','10 - No control','P.D. only','06 - SMV unattended vehicle',Ottawa_east,0,cluster0
13807,Weekday,Evening,Road,'01 - Clear','01 - Daylight','02 - Wet','01 - Traffic signal','P.D. only','02 - Angle',downtown,0,cluster5
13808,Weekday,Evening,Road,'01 - Clear','01 - Daylight','02 - Wet','10 - No control',Injury,'03 - Rear end',downtown,0,cluster3
13809,Weekday,Evening,Road,'01 - Clear','01 - Daylight','03 - Loose snow','01 - Traffic signal','P.D. only','02 - Angle',downtown,0,cluster5
13810,Weekday,Evening,Road,'01 - Clear','01 - Daylight','02 - Wet','01 - Traffic signal',Injury,'02 - Angle',mid_town,0,cluster2
13811,Weekday,Evening,Road,'01 - Clear','01 - Daylight','01 - Dry','01 - Traffic signal','P.D. only','02 - Angle',mid_town,0,cluster2
13812,Weekday,Evening,Road,'01 - Clear','01 - Daylight','02 - Wet','01 - Traffic signal','P.D. only','02 - Angle',Ottawa_south,0,cluster5
13813,Weekday,Evening,Road,'01 - Clear','01 - Daylight','02 - Wet','01 - Traffic signal','P.D. only','02 - Angle',downtown,0,cluster5
13814,Weekday,Evening,Road,'01 - Clear','01 - Daylight','05 - Packed snow','10 - No control','P.D. only','01 - Approaching',Ottawa_west,0,cluster2
13815,Weekday,Mid_Night,Road,'03 - Snow','00 - Unknown','05 - Packed snow','10 - No control','P.D. only','06 - SMV unattended vehicle',downtown,0,cluster0
13816,Weekday,Night,Road,'01 - Clear','01 - Daylight','02 - Wet','10 - No control','P.D. only','99 - Other',downtown,0,cluster1
13817,Weekends,Evening,Road,'01 - Clear','01 - Daylight','01 - Dry','10 - No control','P.D. only','06 - SMV unattended vehicle',Ottawa_west,0,cluster2
13818,Weekday,Night,Road,'01 - Clear','01 - Daylight','02 - Wet','01 - Traffic signal','P.D. only','02 - Angle',downtown,0,cluster5
13819,Weekday,Evening,Road,'01 - Clear','01 - Daylight','05 - Packed snow','10 - No control','P.D. only','06 - SMV unattended vehicle',mid_town,0,cluster2
13820,Weekday,Night,Road,'01 - Clear','05 - Dusk','04 - Slush','01 - Traffic signal',Injury,'07 - SMV other',Ottawa_east,1,cluster5
13821,Weekday,Night,Road,'01 - Clear','05 - Dusk','02 - Wet','01 - Traffic signal','P.D. only','04 - Sideswipe',mid_town,0,cluster5
13822,Weekday,Night,Road,'01 - Clear','05 - Dusk','03 - Loose snow','03 - Yield sign',Injury,'02 - Angle',downtown,0,cluster1
13823,Weekends,Night,Road,'02 - Rain','01 - Daylight','02 - Wet','10 - No control','P.D. only','03 - Rear end',Ottawa_west,0,cluster3
13824,Weekday,Noon,Road,'01 - Clear','03 - Dawn','01 - Dry','10 - No control','P.D. only','06 - SMV unattended vehicle',mid_town,0,cluster2
13825,Weekday,Night,Road,'01 - Clear','05 - Dusk','06 - Ice','01 - Traffic signal','P.D. only','03 - Rear end',mid_town,0,cluster1
13826,Weekday,Night,highway,'01 - Clear','01 - Daylight','04 - Slush','10 - No control','P.D. only','03 - Rear end',mid_town,0,cluster1
13827,Weekday,Mid_Night,Road,'03 - Snow','00 - Unknown','03 - Loose snow','10 - No control','P.D. only','06 - SMV unattended vehicle',downtown,0,cluster0
13828,Weekday,Night,Road,'03 - Snow','07 - Dark','04 - Slush','01 - Traffic signal',Injury,'05 - Turning movement',downtown,0,cluster4
13829,Weekday,Night,Road,'01 - Clear','07 - Dark','02 - Wet','01 - Traffic signal','P.D. only','05 - Turning movement',downtown,0,cluster4
13830,Weekday,Evening,Road,'03 - Snow','01 - Daylight','03 - Loose snow','10 - No control','P.D. only','07 - SMV other',Ottawa_south,0,cluster0
13831,Weekday,Night,Road,'01 - Clear','07 - Dark','02 - Wet','10 - No control','P.D. only','06 - SMV unattended vehicle',downtown,0,cluster1
13832,Weekday,Night,Road,'01 - Clear','05 - Dusk','02 - Wet','10 - No control','P.D. only','02 - Angle',mid_town,0,cluster1
13833,Weekday,Night,Road,'01 - Clear','07 - Dark','06 - Ice','10 - No control','P.D. only','03 - Rear end',mid_town,0,cluster1
13834,Weekday,Mid_Night,Road,'03 - Snow','07 - Dark','03 - Loose snow','10 - No control','P.D. only','06 - SMV unattended vehicle',downtown,0,cluster0
13835,Weekday,Afternoon,Road,'03 - Snow','01 - Daylight','05 - Packed snow','01 - Traffic signal','P.D. only','03 - Rear end',mid_town,0,cluster0
13836,Weekday,Mid_Night,Road,'01 - Clear','07 - Dark','05 - Packed snow','02 - Stop sign','P.D. only','99 - Other',Ottawa_west,0,cluster4
13837,Weekends,Mid_Night,Road,'01 - Clear','07 - Dark','04 - Slush','10 - No control','P.D. only','07 - SMV other',mid_town,0,cluster0
13838,Weekends,Mid_Night,Road,'03 - Snow','07 - Dark','04 - Slush','10 - No control','P.D. only','07 - SMV other',mid_town,0,cluster0
13839,Weekends,Early_Morning,Road,'01 - Clear','07 - Dark','01 - Dry','01 - Traffic signal','P.D. only','02 - Angle',downtown,0,cluster4
13840,Weekends,Early_Morning,Road,'03 - Snow','07 - Dark','04 - Slush','10 - No control','P.D. only','07 - SMV other',downtown,0,cluster0
13841,Weekends,Morning,Road,'03 - Snow','07 - Dark','02 - Wet','10 - No control','P.D. only','07 - SMV other',Ottawa_east,0,cluster0
13842,Weekends,Noon,Road,'01 - Clear','03 - Dawn','02 - Wet','01 - Traffic signal',Injury,'03 - Rear end',downtown,0,cluster3
13843,Weekends,Noon,Road,'01 - Clear','01 - Daylight','02 - Wet','01 - Traffic signal',Injury,'07 - SMV other',mid_town,0,cluster5
13844,Weekends,Mid_Night,Road,'01 - Clear','07 - Dark','01 - Dry','10 - No control','P.D. only','07 - SMV other',Ottawa_west,0,cluster4
13845,Weekday,Night,Road,'01 - Clear','00 - Unknown','02 - Wet','10 - No control','P.D. only','06 - SMV unattended vehicle',Ottawa_east,0,cluster1
13846,Weekends,Early_Morning,Road,'01 - Clear','07 - Dark','03 - Loose snow','10 - No control','P.D. only','06 - SMV unattended vehicle',downtown,0,cluster3
13847,Weekends,Evening,Road,'01 - Clear','01 - Daylight','02 - Wet','01 - Traffic signal','P.D. only','05 - Turning movement',mid_town,0,cluster3
13848,Weekday,Evening,Road,'01 - Clear','01 - Daylight','02 - Wet','01 - Traffic signal','P.D. only','05 - Turning movement',mid_town,0,cluster2
13849,Weekends,Evening,Road,'01 - Clear','01 - Daylight','01 - Dry','02 - Stop sign',Injury,'03 - Rear end',Ottawa_west,0,cluster2
13850,Weekends,Evening,Road,'01 - Clear','01 - Daylight','02 - Wet','01 - Traffic signal','P.D. only','03 - Rear end',Ottawa_west,0,cluster3
13851,Weekday,Night,Road,'01 - Clear','07 - Dark','02 - Wet','10 - No control','P.D. only','07 - SMV other',Ottawa_south,0,cluster5
13852,Weekends,Evening,Road,'01 - Clear','01 - Daylight','02 - Wet','10 - No control','P.D. only','04 - Sideswipe',mid_town,0,cluster3