Instance_number,DATE,TIME,Road_type,ENVIRONMENT,LIGHT,SURFACE_CONDITION,TRAFFIC_CONTROL,COLLISION_CLASSIFICATION,IMPACT_TYPE,Location,NO_OF_PEDESTRIANS,Cluster
13853,Weekends,Night,Road,'01 - Clear','01 - Daylight','02 - Wet','10 - No control','P.D. only','04 - Sideswipe',Ottawa_west,0,cluster3
13854,Weekends,Night,Road,'02 - Rain','01 - Daylight','02 - Wet','02 - Stop sign',Injury,'02 - Angle',Ottawa_south,0,cluster3
13855,Weekday,Mid_Night,Road,'01 - Clear','07 - Dark','01 - Dry','01 - Traffic signal','P.D. only','02 - Angle',downtown,0,cluster4
13856,Weekends,Evening,Road,'01 - Clear','01 - Daylight','01 - Dry','10 - No control','P.D. only','02 - Angle',Ottawa_west,0,cluster2
13857,Weekends,Night,Road,'01 - Clear','07 - Dark','02 - Wet','10 - No control','P.D. only','99 - Other',Ottawa_south,0,cluster3
13858,Weekends,Night,Road,'01 - Clear','07 - Dark','02 - Wet','10 - No control','P.D. only','07 - SMV other',downtown,0,cluster3
13859,Weekends,Night,Road,'01 - Clear','07 - Dark','02 - Wet','10 - No control','P.D. only','06 - SMV unattended vehicle',downtown,0,cluster3
13860,Weekends,Night,Road,'01 - Clear','07 - Dark','04 - Slush','10 - No control','P.D. only','06 - SMV unattended vehicle',Ottawa_east,0,cluster1
13861,Weekends,Mid_Night,Road,'01 - Clear','07 - Dark','02 - Wet','01 - Traffic signal','P.D. only','05 - Turning movement',mid_town,0,cluster4
13862,Weekends,Mid_Night,Road,'01 - Clear','07 - Dark','02 - Wet','10 - No control','P.D. only','05 - Turning movement',downtown,0,cluster3
13863,Weekends,Morning,Road,'01 - Clear','07 - Dark','02 - Wet','01 - Traffic signal',Injury,'02 - Angle',mid_town,0,cluster3
13864,Weekends,Afternoon,Road,'01 - Clear','01 - Daylight','04 - Slush','10 - No control','P.D. only','06 - SMV unattended vehicle',downtown,0,cluster3
13865,Weekday,Night,Road,'01 - Clear','07 - Dark','01 - Dry','10 - No control','P.D. only','06 - SMV unattended vehicle',downtown,0,cluster1
13866,Weekday,Night,Road,'01 - Clear','07 - Dark','06 - Ice','10 - No control','P.D. only','03 - Rear end',mid_town,0,cluster1
13867,Weekday,Night,Road,'01 - Clear','07 - Dark','01 - Dry','01 - Traffic signal','P.D. only','03 - Rear end',mid_town,0,cluster1
13868,Weekday,Mid_Night,Road,'01 - Clear','07 - Dark','01 - Dry','10 - No control','P.D. only','06 - SMV unattended vehicle',downtown,0,cluster4
13869,Weekday,Mid_Night,Road,'01 - Clear','07 - Dark','02 - Wet','01 - Traffic signal','P.D. only','03 - Rear end',downtown,0,cluster4
13870,Weekday,Mid_Night,Road,'01 - Clear','00 - Unknown','03 - Loose snow','10 - No control','P.D. only','06 - SMV unattended vehicle',Ottawa_south,0,cluster0
13871,Weekday,Early_Morning,Road,'01 - Clear','07 - Dark','01 - Dry','01 - Traffic signal','P.D. only','03 - Rear end',downtown,0,cluster4
13872,Weekday,Noon,Road,'01 - Clear','03 - Dawn','06 - Ice','10 - No control','P.D. only','06 - SMV unattended vehicle',downtown,0,cluster1
13873,Weekday,Mid_Night,Road,'03 - Snow','00 - Unknown','03 - Loose snow','10 - No control','P.D. only','03 - Rear end',downtown,0,cluster0
13874,Weekday,Evening,Road,'03 - Snow','01 - Daylight','03 - Loose snow','01 - Traffic signal','P.D. only','05 - Turning movement',Ottawa_east,0,cluster0
13875,Weekday,Evening,Road,'03 - Snow','01 - Daylight','04 - Slush','10 - No control','P.D. only','03 - Rear end',downtown,0,cluster0
13876,Weekday,Evening,Road,'03 - Snow','01 - Daylight','03 - Loose snow','01 - Traffic signal','P.D. only','05 - Turning movement',downtown,0,cluster0
13877,Weekday,Noon,highway,'03 - Snow','01 - Daylight','06 - Ice','10 - No control','P.D. only','07 - SMV other',Ottawa_west,0,cluster0
13878,Weekday,Evening,Road,'03 - Snow','01 - Daylight','03 - Loose snow','10 - No control','P.D. only','06 - SMV unattended vehicle',downtown,0,cluster0
13879,Weekday,Evening,Road,'03 - Snow','01 - Daylight','03 - Loose snow','01 - Traffic signal','P.D. only','03 - Rear end',Ottawa_west,0,cluster0
13880,Weekday,Mid_Night,Road,'01 - Clear','07 - Dark','01 - Dry','01 - Traffic signal','P.D. only','03 - Rear end',mid_town,0,cluster4
13881,Weekday,Evening,Road,'03 - Snow','01 - Daylight','03 - Loose snow','01 - Traffic signal','P.D. only','03 - Rear end',mid_town,0,cluster0
13882,Weekday,Mid_Night,Road,'01 - Clear','00 - Unknown','03 - Loose snow','10 - No control','P.D. only','06 - SMV unattended vehicle',mid_town,0,cluster0
13883,Weekday,Evening,Road,'03 - Snow','01 - Daylight','05 - Packed snow','10 - No control','P.D. only','03 - Rear end',downtown,0,cluster0
13884,Weekday,Night,Road,'03 - Snow','01 - Daylight','02 - Wet','01 - Traffic signal','P.D. only','05 - Turning movement',Ottawa_south,0,cluster5
13885,Weekday,Night,Road,'01 - Clear','05 - Dusk','03 - Loose snow','10 - No control','P.D. only','05 - Turning movement',mid_town,0,cluster0
13886,Weekday,Night,highway,'03 - Snow','07 - Dark','06 - Ice','01 - Traffic signal','P.D. only','03 - Rear end',downtown,0,cluster1
13887,Weekday,Night,Road,'01 - Clear','07 - Dark','02 - Wet','01 - Traffic signal',Injury,'07 - SMV other',downtown,1,cluster5
13888,Weekday,Night,Road,'01 - Clear','07 - Dark','04 - Slush','01 - Traffic signal','P.D. only','05 - Turning movement',mid_town,0,cluster4
13889,Weekday,Mid_Night,Road,'01 - Clear','07 - Dark','03 - Loose snow','02 - Stop sign','P.D. only','02 - Angle',downtown,0,cluster4
13890,Weekday,Night,Road,'03 - Snow','07 - Dark','03 - Loose snow','10 - No control','P.D. only','07 - SMV other',mid_town,0,cluster0
13891,Weekday,Night,Road,'01 - Clear','07 - Dark','01 - Dry','10 - No control','P.D. only','06 - SMV unattended vehicle',downtown,0,cluster1
13892,Weekday,Mid_Night,Road,'01 - Clear','00 - Unknown','01 - Dry','10 - No control','P.D. only','06 - SMV unattended vehicle',downtown,0,cluster1
13893,Weekday,Mid_Night,Road,'01 - Clear','07 - Dark','01 - Dry','01 - Traffic signal','P.D. only','99 - Other',Ottawa_west,0,cluster4
13894,Weekday,Night,Road,'01 - Clear','07 - Dark','05 - Packed snow','10 - No control','P.D. only','06 - SMV unattended vehicle',Ottawa_south,0,cluster1
13895,Weekday,Mid_Night,Road,'01 - Clear','07 - Dark','05 - Packed snow','10 - No control','P.D. only','06 - SMV unattended vehicle',downtown,0,cluster4
13896,Weekday,Evening,Road,'03 - Snow','01 - Daylight','05 - Packed snow','10 - No control','P.D. only','07 - SMV other',mid_town,0,cluster0
13897,Weekday,Evening,Road,'01 - Clear','01 - Daylight','05 - Packed snow','10 - No control','P.D. only','01 - Approaching',Ottawa_west,0,cluster2
13898,Weekday,Early_Morning,Road,'02 - Rain','07 - Dark','05 - Packed snow','10 - No control','P.D. only','06 - SMV unattended vehicle',downtown,0,cluster1
13899,Weekday,Night,Road,'01 - Clear','05 - Dusk','03 - Loose snow','10 - No control','P.D. only','03 - Rear end',mid_town,0,cluster1
13900,Weekday,Mid_Night,Road,'03 - Snow','00 - Unknown','05 - Packed snow','10 - No control','P.D. only','06 - SMV unattended vehicle',mid_town,0,cluster0
13901,Weekday,Evening,Road,'01 - Clear','01 - Daylight','06 - Ice','02 - Stop sign',Injury,'07 - SMV other',Ottawa_south,1,cluster0
13902,Weekday,Mid_Night,Road,'01 - Clear','07 - Dark','01 - Dry','10 - No control','P.D. only','03 - Rear end',downtown,0,cluster1
13903,Weekday,Evening,Road,'03 - Snow','01 - Daylight','03 - Loose snow','01 - Traffic signal','P.D. only','03 - Rear end',downtown,0,cluster0
13904,Weekends,Evening,Road,'01 - Clear','01 - Daylight','05 - Packed snow','10 - No control','P.D. only','06 - SMV unattended vehicle',mid_town,0,cluster2
13905,Weekday,Evening,Road,'03 - Snow','01 - Daylight','03 - Loose snow','10 - No control','P.D. only','02 - Angle',mid_town,0,cluster0
13906,Weekday,Mid_Night,Road,'03 - Snow','07 - Dark','05 - Packed snow','10 - No control','P.D. only','07 - SMV other',mid_town,0,cluster0
13907,Weekday,Evening,Road,'03 - Snow','01 - Daylight','03 - Loose snow','02 - Stop sign','P.D. only','05 - Turning movement',downtown,0,cluster0
13908,Weekday,Night,Road,'03 - Snow','07 - Dark','03 - Loose snow','01 - Traffic signal','P.D. only','07 - SMV other',mid_town,0,cluster0
13909,Weekday,Mid_Night,Road,'03 - Snow','07 - Dark','05 - Packed snow','10 - No control','P.D. only','06 - SMV unattended vehicle',Ottawa_east,0,cluster0
13910,Weekends,Evening,Road,'03 - Snow','01 - Daylight','03 - Loose snow','01 - Traffic signal','P.D. only','03 - Rear end',mid_town,0,cluster0
13911,Weekday,Evening,Road,'03 - Snow','01 - Daylight','06 - Ice','03 - Yield sign','P.D. only','07 - SMV other',Ottawa_west,0,cluster0
13912,Weekday,Evening,Road,'01 - Clear','01 - Daylight','05 - Packed snow','01 - Traffic signal','P.D. only','03 - Rear end',downtown,0,cluster1
13913,Weekday,Mid_Night,highway,'01 - Clear','07 - Dark','01 - Dry','10 - No control','P.D. only','04 - Sideswipe',mid_town,0,cluster2
13914,Weekday,Noon,Road,'01 - Clear','01 - Daylight','06 - Ice','10 - No control','P.D. only','03 - Rear end',downtown,0,cluster1
13915,Weekends,Night,Road,'01 - Clear','01 - Daylight','01 - Dry','10 - No control','P.D. only','06 - SMV unattended vehicle',Ottawa_east,0,cluster1
13916,Weekday,Evening,Road,'01 - Clear','01 - Daylight','02 - Wet','10 - No control','P.D. only','03 - Rear end',Ottawa_east,0,cluster2
13917,Weekday,Evening,Road,'03 - Snow','01 - Daylight','04 - Slush','10 - No control','P.D. only','07 - SMV other',downtown,0,cluster0
13918,Weekends,Night,Road,'01 - Clear','01 - Daylight','02 - Wet','02 - Stop sign','P.D. only','07 - SMV other',Ottawa_east,0,cluster5
13919,Weekday,Mid_Night,Road,'01 - Clear','07 - Dark','01 - Dry','02 - Stop sign','P.D. only','02 - Angle',mid_town,0,cluster4
13920,Weekends,Mid_Night,Road,'03 - Snow','07 - Dark','03 - Loose snow','10 - No control','P.D. only','03 - Rear end',downtown,0,cluster3
13921,Weekday,Mid_Night,Road,'03 - Snow','07 - Dark','03 - Loose snow','03 - Yield sign','P.D. only','07 - SMV other',downtown,0,cluster0
13922,Weekday,Noon,Road,'01 - Clear','01 - Daylight','01 - Dry','02 - Stop sign','P.D. only','02 - Angle',downtown,0,cluster1
13923,Weekday,Noon,Road,'07 - Fog/mist/smoke/dust','01 - Daylight','99 - Other','10 - No control','P.D. only','03 - Rear end',downtown,0,cluster1
13924,Weekday,Mid_Night,Road,'03 - Snow','07 - Dark','04 - Slush','10 - No control','P.D. only','07 - SMV other',downtown,0,cluster0
13925,Weekday,Night,Road,'01 - Clear','05 - Dusk','01 - Dry','10 - No control','P.D. only','04 - Sideswipe',downtown,0,cluster1
13926,Weekends,Evening,highway,'01 - Clear','01 - Daylight','03 - Loose snow','01 - Traffic signal','P.D. only','03 - Rear end',downtown,0,cluster3
13927,Weekday,Noon,Road,'01 - Clear','07 - Dark','01 - Dry','01 - Traffic signal','P.D. only','03 - Rear end',downtown,0,cluster4
13928,Weekday,Noon,Road,'01 - Clear','01 - Daylight','01 - Dry','02 - Stop sign','P.D. only','01 - Approaching',downtown,0,cluster1
13929,Weekday,Afternoon,Road,'01 - Clear','01 - Daylight','01 - Dry','10 - No control','P.D. only','07 - SMV other',downtown,0,cluster1
13930,Weekends,Evening,Road,'03 - Snow','01 - Daylight','03 - Loose snow','10 - No control','P.D. only','03 - Rear end',downtown,0,cluster3
13931,Weekday,Night,Road,'01 - Clear','07 - Dark','06 - Ice','01 - Traffic signal','P.D. only','03 - Rear end',mid_town,0,cluster1
13932,Weekday,Mid_Night,Road,'01 - Clear','07 - Dark','06 - Ice','10 - No control','P.D. only','07 - SMV other',mid_town,0,cluster0
13933,Weekday,Mid_Night,Road,'01 - Clear','07 - Dark','06 - Ice','10 - No control','P.D. only','07 - SMV other',downtown,0,cluster4
13934,Weekday,Afternoon,Road,'01 - Clear','01 - Daylight','01 - Dry','10 - No control','P.D. only','03 - Rear end',downtown,0,cluster1
13935,Weekday,Noon,Road,'01 - Clear','01 - Daylight','02 - Wet','10 - No control','P.D. only','04 - Sideswipe',downtown,0,cluster1
13936,Weekday,Afternoon,Road,'01 - Clear','01 - Daylight','01 - Dry','10 - No control','P.D. only','03 - Rear end',downtown,0,cluster1
13937,Weekday,Night,Road,'03 - Snow','07 - Dark','03 - Loose snow','01 - Traffic signal','P.D. only','02 - Angle',mid_town,0,cluster0
13938,Weekday,Early_Morning,highway,'01 - Clear','07 - Dark','01 - Dry','10 - No control','P.D. only','03 - Rear end',Ottawa_west,0,cluster1
13939,Weekday,Noon,highway,'01 - Clear','01 - Daylight','06 - Ice','10 - No control',Injury,'07 - SMV other',Ottawa_west,0,cluster0
13940,Weekday,Evening,highway,'01 - Clear','01 - Daylight','01 - Dry','10 - No control',Injury,'03 - Rear end',downtown,0,cluster1
13941,Weekday,Noon,highway,'03 - Snow','07 - Dark','03 - Loose snow','10 - No control','P.D. only','07 - SMV other',Ottawa_west,0,cluster0
13942,Weekday,Mid_Night,highway,'03 - Snow','07 - Dark','06 - Ice','10 - No control','P.D. only','07 - SMV other',downtown,0,cluster0
13943,Weekday,Mid_Night,highway,'03 - Snow','07 - Dark','06 - Ice','10 - No control','P.D. only','03 - Rear end',downtown,0,cluster1
13944,Weekday,Night,highway,'03 - Snow','05 - Dusk','05 - Packed snow','10 - No control','P.D. only','03 - Rear end',downtown,0,cluster1
13945,Weekday,Noon,highway,'01 - Clear','01 - Daylight','02 - Wet','10 - No control',Injury,'07 - SMV other',downtown,0,cluster5
13946,Weekday,Night,highway,'03 - Snow','01 - Daylight','05 - Packed snow','10 - No control','P.D. only','07 - SMV other',mid_town,0,cluster0
13947,Weekends,Evening,highway,'01 - Clear','01 - Daylight','01 - Dry','10 - No control','P.D. only','04 - Sideswipe',Ottawa_west,0,cluster2
13948,Weekday,Night,highway,'05 - Drifting Snow','07 - Dark','03 - Loose snow','10 - No control','P.D. only','04 - Sideswipe',Ottawa_west,0,cluster0
13949,Weekday,Mid_Night,highway,'03 - Snow','07 - Dark','03 - Loose snow','10 - No control','P.D. only','07 - SMV other',Ottawa_south,0,cluster0
13950,Weekday,Mid_Night,highway,'04 - Freezing Rain','07 - Dark','06 - Ice','10 - No control','P.D. only','04 - Sideswipe',downtown,0,cluster4
13951,Weekends,Mid_Night,highway,'05 - Drifting Snow','07 - Dark','03 - Loose snow','10 - No control','P.D. only','07 - SMV other',Ottawa_west,0,cluster0
13952,Weekday,Noon,highway,'01 - Clear','01 - Daylight','01 - Dry','10 - No control','P.D. only','04 - Sideswipe',downtown,0,cluster1
13953,Weekday,Mid_Night,highway,'03 - Snow','07 - Dark','06 - Ice','10 - No control','P.D. only','07 - SMV other',downtown,0,cluster0
13954,Weekday,Night,highway,'03 - Snow','01 - Daylight','02 - Wet','10 - No control',Injury,'03 - Rear end',downtown,0,cluster1
13955,Weekday,Night,highway,'01 - Clear','01 - Daylight','01 - Dry','10 - No control','P.D. only','03 - Rear end',downtown,0,cluster1
13956,Weekday,Night,highway,'01 - Clear','01 - Daylight','01 - Dry','10 - No control','P.D. only','03 - Rear end',downtown,0,cluster1
13957,Weekday,Noon,highway,'01 - Clear','01 - Daylight','06 - Ice','10 - No control',Injury,'04 - Sideswipe',downtown,0,cluster1
13958,Weekday,Noon,highway,'01 - Clear','01 - Daylight','06 - Ice','10 - No control',Injury,'04 - Sideswipe',downtown,0,cluster1
13959,Weekday,Noon,highway,'01 - Clear','01 - Daylight','06 - Ice','10 - No control',Injury,'07 - SMV other',downtown,0,cluster1
13960,Weekday,Noon,highway,'01 - Clear','01 - Daylight','00 - Unknown','10 - No control','P.D. only','07 - SMV other',downtown,0,cluster1
13961,Weekday,Noon,highway,'01 - Clear','01 - Daylight','06 - Ice','10 - No control',Injury,'03 - Rear end',Ottawa_west,0,cluster1
13962,Weekday,Night,highway,'01 - Clear','01 - Daylight','01 - Dry','10 - No control','P.D. only','03 - Rear end',downtown,0,cluster1
13963,Weekday,Night,highway,'01 - Clear','01 - Daylight','01 - Dry','10 - No control','P.D. only','03 - Rear end',mid_town,0,cluster1
13964,Weekday,Noon,highway,'01 - Clear','01 - Daylight','06 - Ice','10 - No control',Injury,'03 - Rear end',Ottawa_west,0,cluster1
13965,Weekday,Noon,highway,'01 - Clear','01 - Daylight','01 - Dry','10 - No control','P.D. only','03 - Rear end',mid_town,0,cluster2
13966,Weekday,Night,highway,'01 - Clear','01 - Daylight','01 - Dry','10 - No control','P.D. only','04 - Sideswipe',downtown,0,cluster1
13967,Weekday,Night,highway,'01 - Clear','01 - Daylight','01 - Dry','02 - Stop sign',Injury,'05 - Turning movement',downtown,0,cluster1
13968,Weekday,Noon,highway,'01 - Clear','01 - Daylight','06 - Ice','10 - No control',Injury,'07 - SMV other',Ottawa_west,0,cluster0
13969,Weekday,Noon,highway,'01 - Clear','01 - Daylight','06 - Ice','10 - No control','P.D. only','07 - SMV other',Ottawa_west,0,cluster0
13970,Weekends,Evening,highway,'01 - Clear','01 - Daylight','01 - Dry','10 - No control','P.D. only','04 - Sideswipe',mid_town,0,cluster2
13971,Weekday,Afternoon,highway,'01 - Clear','01 - Daylight','01 - Dry','10 - No control','P.D. only','03 - Rear end',mid_town,0,cluster2
13972,Weekends,Morning,highway,'01 - Clear','07 - Dark','01 - Dry','10 - No control','P.D. only','07 - SMV other',downtown,0,cluster1
13973,Weekday,Mid_Night,highway,'01 - Clear','07 - Dark','01 - Dry','10 - No control','P.D. only','07 - SMV other',Ottawa_west,0,cluster4
13974,Weekday,Night,highway,'01 - Clear','01 - Daylight','01 - Dry','10 - No control','P.D. only','03 - Rear end',Ottawa_west,0,cluster1
13975,Weekday,Night,highway,'01 - Clear','01 - Daylight','01 - Dry','10 - No control','P.D. only','03 - Rear end',downtown,0,cluster1
13976,Weekday,Night,highway,'01 - Clear','05 - Dusk','01 - Dry','10 - No control','P.D. only','03 - Rear end',mid_town,0,cluster1
13977,Weekends,Afternoon,highway,'01 - Clear','01 - Daylight','01 - Dry','10 - No control','P.D. only','07 - SMV other',downtown,0,cluster1
13978,Weekday,Morning,highway,'01 - Clear','07 - Dark','01 - Dry','10 - No control','P.D. only','07 - SMV other',Ottawa_west,0,cluster1
13979,Weekends,Mid_Night,highway,'01 - Clear','07 - Dark','01 - Dry','10 - No control','P.D. only','03 - Rear end',downtown,0,cluster1
13980,Weekends,Mid_Night,highway,'01 - Clear','07 - Dark','01 - Dry','10 - No control',Injury,'07 - SMV other',Ottawa_east,0,cluster4
13981,Weekday,Night,highway,'01 - Clear','01 - Daylight','01 - Dry','10 - No control',Injury,'03 - Rear end',downtown,0,cluster1
13982,Weekends,Mid_Night,highway,'02 - Rain','07 - Dark','02 - Wet','10 - No control','P.D. only','07 - SMV other',Ottawa_west,0,cluster3
13983,Weekends,Mid_Night,highway,'02 - Rain','07 - Dark','02 - Wet','10 - No control','P.D. only','07 - SMV other',Ottawa_west,0,cluster3
13984,Weekday,Night,highway,'01 - Clear','01 - Daylight','01 - Dry','10 - No control',Injury,'03 - Rear end',downtown,0,cluster1
13985,Weekday,Night,highway,'01 - Clear','01 - Daylight','01 - Dry','10 - No control','P.D. only','03 - Rear end',downtown,0,cluster1
13986,Weekday,Mid_Night,highway,'01 - Clear','05 - Dusk','01 - Dry','10 - No control','P.D. only','04 - Sideswipe',downtown,0,cluster1
13987,Weekday,Evening,highway,'01 - Clear','01 - Daylight','01 - Dry','10 - No control',Injury,'99 - Other',Ottawa_west,0,cluster2
13988,Weekday,Mid_Night,highway,'01 - Clear','07 - Dark','01 - Dry','10 - No control','P.D. only','07 - SMV other',Ottawa_west,0,cluster4
13989,Weekday,Mid_Night,highway,'01 - Clear','07 - Dark','01 - Dry','10 - No control','P.D. only','07 - SMV other',Ottawa_west,0,cluster4
13990,Weekday,Evening,highway,'01 - Clear','01 - Daylight','01 - Dry','10 - No control',Injury,'07 - SMV other',downtown,0,cluster1
13991,Weekday,Night,highway,'01 - Clear','01 - Daylight','01 - Dry','10 - No control','P.D. only','03 - Rear end',mid_town,0,cluster1
13992,Weekday,Night,highway,'01 - Clear','01 - Daylight','01 - Dry','10 - No control','P.D. only','04 - Sideswipe',mid_town,0,cluster1
13993,Weekday,Noon,highway,'01 - Clear','01 - Daylight','01 - Dry','10 - No control','P.D. only','07 - SMV other',Ottawa_west,0,cluster1
13994,Weekday,Mid_Night,highway,'01 - Clear','00 - Unknown','01 - Dry','10 - No control','P.D. only','07 - SMV other',Ottawa_west,0,cluster1
13995,Weekday,Noon,highway,'06 - Strong wind','01 - Daylight','06 - Ice','10 - No control','P.D. only','99 - Other',downtown,0,cluster1
13996,Weekday,Noon,highway,'06 - Strong wind','01 - Daylight','06 - Ice','10 - No control','P.D. only','03 - Rear end',downtown,0,cluster1
13997,Weekday,Night,highway,'01 - Clear','01 - Daylight','01 - Dry','10 - No control','P.D. only','03 - Rear end',mid_town,0,cluster1
13998,Weekday,Night,highway,'01 - Clear','01 - Daylight','01 - Dry','10 - No control','P.D. only','03 - Rear end',downtown,0,cluster1
13999,Weekday,Evening,highway,'01 - Clear','01 - Daylight','01 - Dry','10 - No control','P.D. only','03 - Rear end',mid_town,0,cluster2
14000,Weekday,Night,highway,'01 - Clear','01 - Daylight','01 - Dry','10 - No control','P.D. only','99 - Other',Ottawa_west,0,cluster1
14001,Weekday,Mid_Night,highway,'01 - Clear','05 - Dusk','01 - Dry','10 - No control','P.D. only','03 - Rear end',Ottawa_west,0,cluster1
14002,Weekday,Night,highway,'01 - Clear','05 - Dusk','01 - Dry','10 - No control','P.D. only','03 - Rear end',Ottawa_west,0,cluster1
14003,Weekday,Noon,highway,'01 - Clear','01 - Daylight','01 - Dry','10 - No control','P.D. only','03 - Rear end',downtown,0,cluster1
14004,Weekends,Mid_Night,highway,'01 - Clear','07 - Dark','01 - Dry','10 - No control','P.D. only','07 - SMV other',Ottawa_west,0,cluster4
14005,Weekday,Night,highway,'01 - Clear','01 - Daylight','01 - Dry','10 - No control','P.D. only','03 - Rear end',downtown,0,cluster1
14006,Weekday,Mid_Night,highway,'02 - Rain','07 - Dark','02 - Wet','10 - No control','P.D. only','04 - Sideswipe',Ottawa_east,0,cluster4
14007,Weekday,Evening,highway,'01 - Clear','01 - Daylight','01 - Dry','10 - No control','P.D. only','03 - Rear end',Ottawa_west,0,cluster2
14008,Weekday,Noon,highway,'03 - Snow','01 - Daylight','06 - Ice','10 - No control','P.D. only','07 - SMV other',Ottawa_west,0,cluster0
14009,Weekday,Noon,highway,'01 - Clear','03 - Dawn','01 - Dry','10 - No control','P.D. only','03 - Rear end',downtown,0,cluster1
14010,Weekday,Noon,highway,'01 - Clear','01 - Daylight','01 - Dry','10 - No control',Injury,'03 - Rear end',Ottawa_west,0,cluster1
14011,Weekday,Night,highway,'01 - Clear','01 - Daylight','01 - Dry','10 - No control','P.D. only','03 - Rear end',downtown,0,cluster1
14012,Weekday,Mid_Night,highway,'01 - Clear','07 - Dark','01 - Dry','10 - No control','P.D. only','07 - SMV other',Ottawa_south,0,cluster4
14013,Weekday,Noon,highway,'04 - Freezing Rain','01 - Daylight','06 - Ice','10 - No control','P.D. only','07 - SMV other',Ottawa_west,0,cluster0
14014,Weekday,Noon,highway,'01 - Clear','01 - Daylight','01 - Dry','10 - No control','P.D. only','03 - Rear end',downtown,0,cluster1
14015,Weekday,Noon,highway,'01 - Clear','01 - Daylight','01 - Dry','10 - No control','P.D. only','07 - SMV other',Ottawa_south,0,cluster1
14016,Weekday,Noon,highway,'01 - Clear','01 - Daylight','01 - Dry','10 - No control','P.D. only','04 - Sideswipe',mid_town,0,cluster2
14017,Weekday,Noon,highway,'04 - Freezing Rain','01 - Daylight','03 - Loose snow','10 - No control','P.D. only','07 - SMV other',mid_town,0,cluster0
14018,Weekday,Afternoon,highway,'04 - Freezing Rain','01 - Daylight','04 - Slush','10 - No control','P.D. only','07 - SMV other',downtown,0,cluster0
14019,Weekends,Evening,highway,'01 - Clear','01 - Daylight','01 - Dry','10 - No control',Injury,'04 - Sideswipe',mid_town,0,cluster2
14020,Weekday,Night,highway,'01 - Clear','01 - Daylight','01 - Dry','10 - No control','P.D. only','04 - Sideswipe',downtown,0,cluster1
14021,Weekends,Mid_Night,highway,'01 - Clear','07 - Dark','02 - Wet','10 - No control','P.D. only','07 - SMV other',mid_town,0,cluster3
14022,Weekday,Night,highway,'01 - Clear','01 - Daylight','01 - Dry','10 - No control','P.D. only','04 - Sideswipe',Ottawa_west,0,cluster1
14023,Weekday,Evening,highway,'03 - Snow','01 - Daylight','04 - Slush','10 - No control','P.D. only','04 - Sideswipe',mid_town,0,cluster0
14024,Weekday,Evening,highway,'03 - Snow','01 - Daylight','04 - Slush','10 - No control','P.D. only','07 - SMV other',mid_town,0,cluster0
14025,Weekday,Evening,Road,'03 - Snow','01 - Daylight','04 - Slush','10 - No control','P.D. only','07 - SMV other',Ottawa_west,0,cluster0
14026,Weekday,Noon,highway,'02 - Rain','01 - Daylight','02 - Wet','10 - No control','P.D. only','07 - SMV other',downtown,0,cluster5
14027,Weekday,Night,highway,'01 - Clear','01 - Daylight','01 - Dry','10 - No control','P.D. only','07 - SMV other',mid_town,0,cluster1
14028,Weekday,Noon,highway,'04 - Freezing Rain','01 - Daylight','04 - Slush','10 - No control','P.D. only','04 - Sideswipe',mid_town,0,cluster0
14029,Weekday,Evening,highway,'04 - Freezing Rain','01 - Daylight','04 - Slush','10 - No control','P.D. only','07 - SMV other',mid_town,0,cluster0
14030,Weekday,Evening,highway,'04 - Freezing Rain','01 - Daylight','06 - Ice','10 - No control','P.D. only','07 - SMV other',Ottawa_east,0,cluster0
14031,Weekday,Noon,highway,'04 - Freezing Rain','01 - Daylight','04 - Slush','10 - No control',Injury,'07 - SMV other',mid_town,0,cluster0
14032,Weekday,Afternoon,highway,'03 - Snow','01 - Daylight','06 - Ice','10 - No control',Injury,'04 - Sideswipe',mid_town,0,cluster0
14033,Weekday,Afternoon,highway,'04 - Freezing Rain','01 - Daylight','03 - Loose snow','10 - No control','P.D. only','04 - Sideswipe',downtown,0,cluster0
14034,Weekday,Evening,highway,'04 - Freezing Rain','01 - Daylight','03 - Loose snow','10 - No control','P.D. only','07 - SMV other',downtown,0,cluster0
14035,Weekday,Evening,highway,'04 - Freezing Rain','01 - Daylight','04 - Slush','10 - No control','P.D. only','07 - SMV other',Ottawa_west,0,cluster0