Instance_number,DATE,TIME,Road_type,ENVIRONMENT,LIGHT,SURFACE_CONDITION,TRAFFIC_CONTROL,COLLISION_CLASSIFICATION,IMPACT_TYPE,Location,NO_OF_PEDESTRIANS,Cluster
14596,Weekday,Night,highway,'01 - Clear','01 - Daylight','01 - Dry','10 - No control','P.D. only','04 - Sideswipe',mid_town,0,cluster1
14597,Weekday,Night,highway,'01 - Clear','01 - Daylight','01 - Dry','10 - No control','P.D. only','04 - Sideswipe',downtown,0,cluster1
14598,Weekday,Night,highway,'01 - Clear','01 - Daylight','01 - Dry','10 - No control','P.D. only','07 - SMV other',Ottawa_west,0,cluster1
14599,Weekday,Night,highway,'01 - Clear','01 - Daylight','01 - Dry','10 - No control','P.D. only','04 - Sideswipe',downtown,0,cluster1
14600,Weekday,Afternoon,highway,'01 - Clear','01 - Daylight','01 - Dry','10 - No control','P.D. only','03 - Rear end',downtown,0,cluster1
14601,Weekday,Noon,highway,'01 - Clear','01 - Daylight','01 - Dry','10 - No control','P.D. only','04 - Sideswipe',downtown,0,cluster1
14602,Weekday,Noon,highway,'01 - Clear','01 - Daylight','01 - Dry','10 - No control','P.D. only','03 - Rear end',mid_town,0,cluster2
14603,Weekday,Night,highway,'01 - Clear','01 - Daylight','01 - Dry','10 - No control','P.D. only','03 - Rear end',downtown,0,cluster1
14604,Weekday,Mid_Night,highway,'01 - Clear','07 - Dark','01 - Dry','10 - No control','P.D. only','99 - Other',downtown,0,cluster4
14605,Weekday,Noon,highway,'01 - Clear','01 - Daylight','01 - Dry','10 - No control','P.D. only','03 - Rear end',downtown,0,cluster1
14606,Weekday,Evening,highway,'01 - Clear','01 - Daylight','01 - Dry','10 - No control','P.D. only','03 - Rear end',downtown,0,cluster1
14607,Weekday,Mid_Night,highway,'02 - Rain','01 - Daylight','02 - Wet','10 - No control','P.D. only','04 - Sideswipe',Ottawa_west,0,cluster0
14608,Weekday,Night,highway,'02 - Rain','01 - Daylight','02 - Wet','10 - No control','P.D. only','04 - Sideswipe',downtown,0,cluster1
14609,Weekday,Afternoon,highway,'01 - Clear','01 - Daylight','01 - Dry','10 - No control','P.D. only','03 - Rear end',downtown,0,cluster1
14610,Weekday,Night,highway,'02 - Rain','01 - Daylight','02 - Wet','10 - No control','P.D. only','03 - Rear end',Ottawa_west,0,cluster1
14611,Weekends,Evening,highway,'01 - Clear','01 - Daylight','01 - Dry','10 - No control','P.D. only','03 - Rear end',downtown,0,cluster3
14612,Weekends,Night,highway,'01 - Clear','01 - Daylight','01 - Dry','10 - No control','P.D. only','07 - SMV other',Ottawa_west,0,cluster1
14613,Weekends,Mid_Night,highway,'01 - Clear','07 - Dark','01 - Dry','10 - No control','P.D. only','07 - SMV other',Ottawa_west,0,cluster4
14614,Weekends,Mid_Night,highway,'01 - Clear','07 - Dark','01 - Dry','10 - No control','P.D. only','07 - SMV other',downtown,0,cluster4
14615,Weekday,Noon,highway,'01 - Clear','01 - Daylight','01 - Dry','10 - No control','P.D. only','03 - Rear end',downtown,0,cluster1
14616,Weekday,Evening,highway,'01 - Clear','01 - Daylight','01 - Dry','10 - No control','P.D. only','03 - Rear end',downtown,0,cluster1
14617,Weekday,Night,highway,'01 - Clear','01 - Daylight','01 - Dry','10 - No control',Injury,'03 - Rear end',downtown,0,cluster1
14618,Weekday,Night,highway,'01 - Clear','01 - Daylight','01 - Dry','10 - No control','P.D. only','03 - Rear end',downtown,0,cluster1
14619,Weekday,Noon,highway,'01 - Clear','01 - Daylight','01 - Dry','10 - No control','P.D. only','07 - SMV other',downtown,0,cluster1
14620,Weekends,Evening,highway,'01 - Clear','01 - Daylight','01 - Dry','10 - No control','P.D. only','03 - Rear end',downtown,0,cluster3
14621,Weekday,Mid_Night,highway,'02 - Rain','01 - Daylight','02 - Wet','10 - No control','P.D. only','03 - Rear end',downtown,0,cluster1
14622,Weekday,Night,highway,'01 - Clear','01 - Daylight','01 - Dry','10 - No control',Injury,'03 - Rear end',downtown,0,cluster1
14623,Weekday,Mid_Night,highway,'01 - Clear','01 - Daylight','02 - Wet','10 - No control','P.D. only','03 - Rear end',mid_town,0,cluster2
14624,Weekday,Mid_Night,highway,'01 - Clear','07 - Dark','01 - Dry','10 - No control','P.D. only','07 - SMV other',Ottawa_south,0,cluster4
14625,Weekday,Night,highway,'01 - Clear','01 - Daylight','01 - Dry','10 - No control','P.D. only','04 - Sideswipe',downtown,0,cluster1
14626,Weekday,Night,highway,'01 - Clear','01 - Daylight','01 - Dry','10 - No control','P.D. only','07 - SMV other',Ottawa_south,0,cluster1
14627,Weekday,Evening,highway,'01 - Clear','01 - Daylight','01 - Dry','10 - No control','P.D. only','99 - Other',downtown,0,cluster1
14628,Weekday,Night,highway,'01 - Clear','01 - Daylight','01 - Dry','10 - No control','P.D. only','99 - Other',mid_town,0,cluster1
14629,Weekday,Night,highway,'01 - Clear','01 - Daylight','01 - Dry','10 - No control','P.D. only','03 - Rear end',downtown,0,cluster1
14630,Weekday,Mid_Night,highway,'01 - Clear','01 - Daylight','01 - Dry','10 - No control',Injury,'03 - Rear end',Ottawa_west,0,cluster1
14631,Weekday,Afternoon,highway,'01 - Clear','01 - Daylight','01 - Dry','10 - No control','P.D. only','04 - Sideswipe',downtown,0,cluster1
14632,Weekends,Evening,highway,'01 - Clear','01 - Daylight','01 - Dry','10 - No control','P.D. only','03 - Rear end',downtown,0,cluster3
14633,Weekday,Evening,highway,'01 - Clear','01 - Daylight','01 - Dry','10 - No control',Injury,'03 - Rear end',downtown,0,cluster1
14634,Weekday,Night,highway,'01 - Clear','01 - Daylight','01 - Dry','10 - No control','P.D. only','04 - Sideswipe',downtown,0,cluster1
14635,Weekends,Evening,highway,'01 - Clear','01 - Daylight','01 - Dry','10 - No control','P.D. only','04 - Sideswipe',downtown,0,cluster3
14636,Weekends,Afternoon,Road,'01 - Clear','01 - Daylight','01 - Dry','10 - No control',Injury,'07 - SMV other',Ottawa_west,0,cluster1
14637,Weekends,Evening,highway,'01 - Clear','01 - Daylight','01 - Dry','10 - No control','P.D. only','04 - Sideswipe',downtown,0,cluster3
14638,Weekends,Noon,highway,'01 - Clear','01 - Daylight','01 - Dry','10 - No control',Injury,'07 - SMV other',downtown,0,cluster1
14639,Weekday,Evening,highway,'01 - Clear','01 - Daylight','01 - Dry','10 - No control','P.D. only','04 - Sideswipe',downtown,0,cluster1
14640,Weekday,Night,highway,'01 - Clear','01 - Daylight','01 - Dry','10 - No control','P.D. only','03 - Rear end',downtown,0,cluster1
14641,Weekends,Night,highway,'01 - Clear','01 - Daylight','01 - Dry','10 - No control','P.D. only','04 - Sideswipe',Ottawa_east,0,cluster1
14642,Weekday,Mid_Night,highway,'01 - Clear','01 - Daylight','01 - Dry','10 - No control','P.D. only','07 - SMV other',mid_town,0,cluster2
14643,Weekday,Night,highway,'01 - Clear','01 - Daylight','01 - Dry','10 - No control',Injury,'03 - Rear end',mid_town,0,cluster1
14644,Weekday,Night,highway,'01 - Clear','01 - Daylight','01 - Dry','01 - Traffic signal','P.D. only','03 - Rear end',mid_town,0,cluster1
14645,Weekday,Night,highway,'01 - Clear','01 - Daylight','01 - Dry','10 - No control','P.D. only','03 - Rear end',downtown,0,cluster1
14646,Weekday,Night,highway,'01 - Clear','01 - Daylight','01 - Dry','10 - No control','P.D. only','03 - Rear end',Ottawa_west,0,cluster1
14647,Weekday,Afternoon,highway,'01 - Clear','01 - Daylight','01 - Dry','10 - No control','P.D. only','07 - SMV other',Ottawa_south,0,cluster1
14648,Weekday,Night,highway,'01 - Clear','01 - Daylight','01 - Dry','10 - No control','P.D. only','03 - Rear end',downtown,0,cluster1
14649,Weekday,Night,highway,'01 - Clear','01 - Daylight','01 - Dry','10 - No control','P.D. only','03 - Rear end',downtown,0,cluster1
14650,Weekday,Noon,highway,'01 - Clear','01 - Daylight','01 - Dry','10 - No control','P.D. only','03 - Rear end',downtown,0,cluster1
14651,Weekday,Afternoon,highway,'01 - Clear','01 - Daylight','01 - Dry','10 - No control','P.D. only','04 - Sideswipe',downtown,0,cluster1
14652,Weekday,Mid_Night,highway,'01 - Clear','05 - Dusk','01 - Dry','10 - No control','P.D. only','07 - SMV other',Ottawa_west,0,cluster1
14653,Weekday,Night,highway,'01 - Clear','01 - Daylight','01 - Dry','10 - No control','P.D. only','03 - Rear end',Ottawa_west,0,cluster1
14654,Weekday,Early_Morning,highway,'01 - Clear','07 - Dark','01 - Dry','10 - No control','P.D. only','03 - Rear end',downtown,0,cluster1
14655,Weekday,Noon,highway,'01 - Clear','01 - Daylight','01 - Dry','10 - No control','P.D. only','03 - Rear end',downtown,0,cluster1
14656,Weekday,Evening,highway,'01 - Clear','01 - Daylight','01 - Dry','10 - No control','P.D. only','03 - Rear end',downtown,0,cluster1
14657,Weekday,Night,highway,'01 - Clear','01 - Daylight','01 - Dry','10 - No control',Injury,'03 - Rear end',mid_town,0,cluster1
14658,Weekday,Night,highway,'01 - Clear','01 - Daylight','01 - Dry','10 - No control','P.D. only','03 - Rear end',downtown,0,cluster1
14659,Weekday,Night,highway,'01 - Clear','01 - Daylight','01 - Dry','10 - No control',Injury,'03 - Rear end',downtown,0,cluster1
14660,Weekday,Night,highway,'01 - Clear','01 - Daylight','01 - Dry','10 - No control','P.D. only','03 - Rear end',Ottawa_west,0,cluster1
14661,Weekday,Noon,highway,'01 - Clear','01 - Daylight','01 - Dry','10 - No control',Injury,'03 - Rear end',Ottawa_west,0,cluster1
14662,Weekday,Noon,highway,'01 - Clear','01 - Daylight','01 - Dry','10 - No control','P.D. only','03 - Rear end',downtown,0,cluster1
14663,Weekends,Early_Morning,highway,'01 - Clear','07 - Dark','01 - Dry','10 - No control','P.D. only','03 - Rear end',Ottawa_west,0,cluster1
14664,Weekday,Noon,highway,'01 - Clear','01 - Daylight','01 - Dry','10 - No control','P.D. only','03 - Rear end',Ottawa_west,0,cluster1
14665,Weekday,Night,highway,'01 - Clear','01 - Daylight','01 - Dry','10 - No control','P.D. only','03 - Rear end',downtown,0,cluster1
14666,Weekends,Early_Morning,highway,'01 - Clear','07 - Dark','01 - Dry','10 - No control','P.D. only','07 - SMV other',Ottawa_west,0,cluster1
14667,Weekday,Morning,highway,'01 - Clear','03 - Dawn','01 - Dry','10 - No control','P.D. only','07 - SMV other',Ottawa_west,0,cluster1
14668,Weekends,Evening,highway,'01 - Clear','01 - Daylight','01 - Dry','10 - No control',Injury,'03 - Rear end',mid_town,0,cluster2
14669,Weekday,Early_Morning,highway,'02 - Rain','07 - Dark','02 - Wet','10 - No control',Injury,'07 - SMV other',mid_town,0,cluster0
14670,Weekends,Evening,highway,'01 - Clear','01 - Daylight','01 - Dry','10 - No control','P.D. only','03 - Rear end',downtown,0,cluster3
14671,Weekends,Afternoon,highway,'01 - Clear','01 - Daylight','01 - Dry','10 - No control','P.D. only','04 - Sideswipe',mid_town,0,cluster2
14672,Weekday,Evening,highway,'01 - Clear','01 - Daylight','01 - Dry','10 - No control','P.D. only','03 - Rear end',downtown,0,cluster1
14673,Weekends,Night,highway,'01 - Clear','05 - Dusk','01 - Dry','10 - No control','P.D. only','07 - SMV other',Ottawa_west,0,cluster1
14674,Weekday,Evening,highway,'01 - Clear','01 - Daylight','02 - Wet','01 - Traffic signal','P.D. only','07 - SMV other',Ottawa_west,0,cluster5
14675,Weekends,Evening,highway,'01 - Clear','01 - Daylight','01 - Dry','10 - No control','P.D. only','03 - Rear end',mid_town,0,cluster2
14676,Weekday,Night,highway,'01 - Clear','01 - Daylight','01 - Dry','10 - No control','P.D. only','03 - Rear end',mid_town,0,cluster1
14677,Weekends,Night,highway,'03 - Snow','07 - Dark','02 - Wet','10 - No control','P.D. only','07 - SMV other',Ottawa_south,0,cluster0
14678,Weekends,Night,highway,'01 - Clear','07 - Dark','01 - Dry','10 - No control',Injury,'07 - SMV other',Ottawa_south,0,cluster1
14679,Weekends,Afternoon,highway,'01 - Clear','01 - Daylight','01 - Dry','10 - No control',Injury,'07 - SMV other',mid_town,0,cluster2
14680,Weekday,Night,highway,'02 - Rain','01 - Daylight','02 - Wet','10 - No control','P.D. only','03 - Rear end',downtown,0,cluster1
14681,Weekends,Night,highway,'03 - Snow','05 - Dusk','02 - Wet','10 - No control','P.D. only','07 - SMV other',mid_town,0,cluster0
14682,Weekends,Mid_Night,highway,'01 - Clear','07 - Dark','01 - Dry','10 - No control','P.D. only','07 - SMV other',Ottawa_east,0,cluster4
14683,Weekends,Mid_Night,highway,'01 - Clear','07 - Dark','01 - Dry','10 - No control','P.D. only','04 - Sideswipe',mid_town,0,cluster2
14684,Weekends,Early_Morning,highway,'01 - Clear','07 - Dark','01 - Dry','10 - No control','P.D. only','07 - SMV other',downtown,0,cluster1
14685,Weekday,Afternoon,highway,'01 - Clear','01 - Daylight','01 - Dry','10 - No control',Injury,'03 - Rear end',downtown,0,cluster1
14686,Weekday,Noon,highway,'01 - Clear','01 - Daylight','01 - Dry','10 - No control',Injury,'03 - Rear end',Ottawa_west,0,cluster1
14687,Weekday,Afternoon,highway,'01 - Clear','01 - Daylight','01 - Dry','10 - No control','P.D. only','04 - Sideswipe',downtown,0,cluster1
14688,Weekends,Night,highway,'01 - Clear','01 - Daylight','02 - Wet','10 - No control',Injury,'07 - SMV other',downtown,0,cluster3
14689,Weekday,Mid_Night,highway,'01 - Clear','07 - Dark','01 - Dry','10 - No control',Injury,'03 - Rear end',downtown,0,cluster1
14690,Weekday,Evening,highway,'01 - Clear','01 - Daylight','01 - Dry','10 - No control','P.D. only','04 - Sideswipe',downtown,0,cluster1
14691,Weekday,Mid_Night,highway,'01 - Clear','07 - Dark','01 - Dry','10 - No control','P.D. only','04 - Sideswipe',downtown,0,cluster4
14692,Weekday,Night,highway,'01 - Clear','07 - Dark','01 - Dry','10 - No control',Injury,'03 - Rear end',Ottawa_west,0,cluster1
14693,Weekday,Night,highway,'01 - Clear','07 - Dark','01 - Dry','10 - No control',Injury,'03 - Rear end',downtown,0,cluster1
14694,Weekday,Noon,highway,'01 - Clear','03 - Dawn','01 - Dry','10 - No control','P.D. only','07 - SMV other',Ottawa_west,0,cluster1
14695,Weekday,Afternoon,highway,'01 - Clear','01 - Daylight','01 - Dry','10 - No control','P.D. only','04 - Sideswipe',downtown,0,cluster1
14696,Weekday,Night,highway,'02 - Rain','07 - Dark','02 - Wet','10 - No control','P.D. only','03 - Rear end',downtown,0,cluster1
14697,Weekday,Night,highway,'02 - Rain','07 - Dark','02 - Wet','10 - No control','P.D. only','03 - Rear end',mid_town,0,cluster1
14698,Weekday,Night,highway,'02 - Rain','07 - Dark','02 - Wet','10 - No control','P.D. only','03 - Rear end',downtown,0,cluster1
14699,Weekday,Mid_Night,highway,'01 - Clear','07 - Dark','01 - Dry','10 - No control','P.D. only','04 - Sideswipe',mid_town,0,cluster2
14700,Weekends,Mid_Night,highway,'01 - Clear','07 - Dark','01 - Dry','10 - No control','P.D. only','07 - SMV other',Ottawa_west,0,cluster4
14701,Weekday,Night,highway,'02 - Rain','05 - Dusk','02 - Wet','10 - No control',Injury,'03 - Rear end',downtown,0,cluster1
14702,Weekday,Afternoon,highway,'01 - Clear','01 - Daylight','01 - Dry','10 - No control',Injury,'03 - Rear end',downtown,0,cluster1
14703,Weekday,Evening,highway,'01 - Clear','01 - Daylight','01 - Dry','10 - No control','P.D. only','07 - SMV other',downtown,0,cluster1
14704,Weekday,Afternoon,highway,'01 - Clear','01 - Daylight','01 - Dry','10 - No control','P.D. only','07 - SMV other',downtown,0,cluster1
14705,Weekday,Night,highway,'01 - Clear','07 - Dark','01 - Dry','10 - No control',Injury,'03 - Rear end',mid_town,0,cluster1
14706,Weekday,Mid_Night,highway,'01 - Clear','07 - Dark','01 - Dry','10 - No control','P.D. only','07 - SMV other',downtown,0,cluster4
14707,Weekday,Mid_Night,highway,'01 - Clear','07 - Dark','01 - Dry','10 - No control','P.D. only','03 - Rear end',Ottawa_west,0,cluster1
14708,Weekday,Night,highway,'01 - Clear','01 - Daylight','01 - Dry','10 - No control','P.D. only','04 - Sideswipe',downtown,0,cluster1
14709,Weekday,Noon,highway,'01 - Clear','03 - Dawn','01 - Dry','10 - No control','P.D. only','03 - Rear end',Ottawa_east,0,cluster1
14710,Weekday,Night,highway,'01 - Clear','07 - Dark','01 - Dry','10 - No control','P.D. only','04 - Sideswipe',mid_town,0,cluster1
14711,Weekends,Morning,highway,'01 - Clear','07 - Dark','01 - Dry','10 - No control','P.D. only','07 - SMV other',Ottawa_west,0,cluster1
14712,Weekday,Night,highway,'01 - Clear','07 - Dark','01 - Dry','10 - No control',Injury,'07 - SMV other',Ottawa_west,0,cluster1
14713,Weekday,Noon,highway,'01 - Clear','01 - Daylight','01 - Dry','10 - No control','P.D. only','03 - Rear end',downtown,0,cluster1
14714,Weekday,Early_Morning,highway,'01 - Clear','07 - Dark','01 - Dry','10 - No control',Injury,'07 - SMV other',Ottawa_west,0,cluster1
14715,Weekday,Early_Morning,highway,'01 - Clear','07 - Dark','01 - Dry','10 - No control','P.D. only','04 - Sideswipe',mid_town,0,cluster2
14716,Weekends,Mid_Night,highway,'02 - Rain','07 - Dark','02 - Wet','10 - No control','P.D. only','07 - SMV other',Ottawa_west,0,cluster3
14717,Weekday,Mid_Night,highway,'01 - Clear','07 - Dark','01 - Dry','10 - No control','P.D. only','99 - Other',Ottawa_west,0,cluster4
14718,Weekends,Mid_Night,highway,'03 - Snow','07 - Dark','02 - Wet','10 - No control','P.D. only','07 - SMV other',Ottawa_south,0,cluster0
14719,Weekends,Evening,highway,'01 - Clear','01 - Daylight','01 - Dry','10 - No control','P.D. only','07 - SMV other',Ottawa_south,0,cluster2
14720,Weekends,Afternoon,highway,'02 - Rain','01 - Daylight','02 - Wet','10 - No control','P.D. only','07 - SMV other',downtown,0,cluster3
14721,Weekends,Early_Morning,highway,'01 - Clear','07 - Dark','01 - Dry','10 - No control','P.D. only','07 - SMV other',downtown,0,cluster1
14722,Weekends,Mid_Night,highway,'01 - Clear','07 - Dark','02 - Wet','10 - No control','P.D. only','07 - SMV other',Ottawa_south,0,cluster3
14723,Weekday,Noon,highway,'01 - Clear','01 - Daylight','01 - Dry','10 - No control','P.D. only','03 - Rear end',mid_town,0,cluster2
14724,Weekday,Noon,highway,'01 - Clear','03 - Dawn','01 - Dry','10 - No control','P.D. only','03 - Rear end',mid_town,0,cluster2
14725,Weekday,Afternoon,highway,'03 - Snow','01 - Daylight','02 - Wet','10 - No control','P.D. only','03 - Rear end',Ottawa_west,0,cluster0
14726,Weekday,Mid_Night,highway,'06 - Strong wind','07 - Dark','06 - Ice','10 - No control','P.D. only','07 - SMV other',Ottawa_west,0,cluster0
14727,Weekday,Evening,highway,'02 - Rain','01 - Daylight','02 - Wet','10 - No control','P.D. only','04 - Sideswipe',downtown,0,cluster3
14728,Weekday,Noon,highway,'01 - Clear','01 - Daylight','01 - Dry','10 - No control','P.D. only','03 - Rear end',downtown,0,cluster1
14729,Weekday,Night,highway,'01 - Clear','07 - Dark','01 - Dry','10 - No control','P.D. only','03 - Rear end',downtown,0,cluster1
14730,Weekday,Mid_Night,highway,'01 - Clear','07 - Dark','01 - Dry','10 - No control',Injury,'07 - SMV other',downtown,0,cluster4
14731,Weekday,Night,highway,'01 - Clear','07 - Dark','01 - Dry','10 - No control',Injury,'03 - Rear end',Ottawa_west,0,cluster1
14732,Weekday,Night,highway,'01 - Clear','01 - Daylight','01 - Dry','10 - No control','P.D. only','03 - Rear end',Ottawa_west,0,cluster1
14733,Weekday,Night,highway,'01 - Clear','07 - Dark','01 - Dry','10 - No control','P.D. only','03 - Rear end',Ottawa_west,0,cluster1
14734,Weekday,Night,highway,'01 - Clear','01 - Daylight','01 - Dry','10 - No control','P.D. only','03 - Rear end',downtown,0,cluster1
14735,Weekday,Night,highway,'01 - Clear','05 - Dusk','01 - Dry','10 - No control',Injury,'03 - Rear end',downtown,0,cluster1
14736,Weekday,Evening,highway,'01 - Clear','01 - Daylight','01 - Dry','10 - No control','P.D. only','03 - Rear end',downtown,0,cluster1
14737,Weekday,Morning,highway,'01 - Clear','07 - Dark','01 - Dry','10 - No control','P.D. only','07 - SMV other',downtown,0,cluster1
14738,Weekday,Noon,highway,'01 - Clear','01 - Daylight','01 - Dry','10 - No control','P.D. only','03 - Rear end',Ottawa_west,0,cluster1
14739,Weekday,Night,highway,'01 - Clear','07 - Dark','01 - Dry','10 - No control','P.D. only','03 - Rear end',mid_town,0,cluster1
14740,Weekday,Night,highway,'01 - Clear','07 - Dark','01 - Dry','10 - No control','P.D. only','03 - Rear end',Ottawa_west,0,cluster1
14741,Weekday,Mid_Night,highway,'01 - Clear','07 - Dark','01 - Dry','10 - No control',Injury,'03 - Rear end',downtown,0,cluster1
14742,Weekday,Mid_Night,highway,'01 - Clear','07 - Dark','01 - Dry','10 - No control','P.D. only','03 - Rear end',downtown,0,cluster1
14743,Weekday,Mid_Night,highway,'01 - Clear','07 - Dark','01 - Dry','10 - No control','P.D. only','07 - SMV other',Ottawa_west,0,cluster4
14744,Weekday,Mid_Night,highway,'01 - Clear','07 - Dark','01 - Dry','10 - No control','P.D. only','04 - Sideswipe',downtown,0,cluster4
14745,Weekday,Night,highway,'01 - Clear','07 - Dark','01 - Dry','10 - No control','P.D. only','03 - Rear end',downtown,0,cluster1
14746,Weekday,Noon,highway,'01 - Clear','01 - Daylight','01 - Dry','10 - No control','P.D. only','03 - Rear end',downtown,0,cluster1
14747,Weekday,Night,highway,'01 - Clear','01 - Daylight','01 - Dry','10 - No control','P.D. only','04 - Sideswipe',downtown,0,cluster1
14748,Weekday,Mid_Night,highway,'01 - Clear','07 - Dark','01 - Dry','10 - No control',Injury,'07 - SMV other',Ottawa_west,0,cluster4
14749,Weekday,Mid_Night,highway,'01 - Clear','07 - Dark','01 - Dry','10 - No control',Injury,'04 - Sideswipe',downtown,0,cluster4
14750,Weekday,Night,highway,'01 - Clear','05 - Dusk','01 - Dry','10 - No control','P.D. only','03 - Rear end',downtown,0,cluster1
14751,Weekday,Mid_Night,highway,'01 - Clear','07 - Dark','01 - Dry','10 - No control','P.D. only','03 - Rear end',downtown,0,cluster1
14752,Weekday,Morning,highway,'01 - Clear','07 - Dark','01 - Dry','10 - No control','P.D. only','07 - SMV other',downtown,0,cluster1
14753,Weekday,Mid_Night,highway,'01 - Clear','07 - Dark','01 - Dry','10 - No control','P.D. only','03 - Rear end',downtown,0,cluster1
14754,Weekends,Afternoon,highway,'01 - Clear','01 - Daylight','01 - Dry','10 - No control','P.D. only','03 - Rear end',downtown,0,cluster1
14755,Weekday,Evening,highway,'01 - Clear','01 - Daylight','01 - Dry','10 - No control','P.D. only','07 - SMV other',Ottawa_west,0,cluster2
14756,Weekends,Mid_Night,highway,'02 - Rain','07 - Dark','02 - Wet','10 - No control','P.D. only','07 - SMV other',mid_town,0,cluster0
14757,Weekday,Night,highway,'01 - Clear','01 - Daylight','02 - Wet','10 - No control','P.D. only','03 - Rear end',mid_town,0,cluster1
14758,Weekends,Afternoon,highway,'01 - Clear','01 - Daylight','01 - Dry','10 - No control','P.D. only','07 - SMV other',Ottawa_east,0,cluster1
14759,Weekday,Mid_Night,highway,'01 - Clear','07 - Dark','02 - Wet','10 - No control','P.D. only','07 - SMV other',Ottawa_south,0,cluster4
14760,Weekday,Afternoon,highway,'01 - Clear','01 - Daylight','01 - Dry','10 - No control','P.D. only','04 - Sideswipe',downtown,0,cluster1
14761,Weekday,Afternoon,highway,'01 - Clear','01 - Daylight','01 - Dry','10 - No control',Injury,'07 - SMV other',Ottawa_south,0,cluster1
14762,Weekday,Noon,highway,'07 - Fog/mist/smoke/dust','03 - Dawn','02 - Wet','10 - No control','P.D. only','07 - SMV other',Ottawa_east,0,cluster0
14763,Weekday,Evening,highway,'01 - Clear','01 - Daylight','01 - Dry','10 - No control','P.D. only','03 - Rear end',downtown,0,cluster1
14764,Weekday,Night,highway,'02 - Rain','01 - Daylight','02 - Wet','10 - No control','P.D. only','03 - Rear end',Ottawa_west,0,cluster1
14765,Weekday,Noon,highway,'01 - Clear','01 - Daylight','01 - Dry','10 - No control','P.D. only','07 - SMV other',downtown,0,cluster1
14766,Weekday,Noon,highway,'01 - Clear','03 - Dawn','01 - Dry','10 - No control','P.D. only','99 - Other',downtown,0,cluster1
14767,Weekday,Evening,highway,'01 - Clear','01 - Daylight','01 - Dry','10 - No control','P.D. only','03 - Rear end',downtown,0,cluster1
14768,Weekday,Night,highway,'01 - Clear','01 - Daylight','01 - Dry','10 - No control','P.D. only','03 - Rear end',downtown,0,cluster1
14769,Weekday,Evening,highway,'01 - Clear','01 - Daylight','01 - Dry','10 - No control','P.D. only','99 - Other',downtown,0,cluster1
14770,Weekday,Mid_Night,highway,'01 - Clear','07 - Dark','01 - Dry','10 - No control',Injury,'07 - SMV other',Ottawa_west,0,cluster4
14771,Weekends,Night,highway,'01 - Clear','01 - Daylight','01 - Dry','10 - No control',Injury,'07 - SMV other',downtown,0,cluster1
14772,Weekday,Evening,highway,'01 - Clear','01 - Daylight','01 - Dry','10 - No control','P.D. only','04 - Sideswipe',downtown,0,cluster1
14773,Weekday,Night,highway,'01 - Clear','01 - Daylight','01 - Dry','10 - No control','P.D. only','03 - Rear end',downtown,0,cluster1
14774,Weekday,Night,highway,'01 - Clear','01 - Daylight','01 - Dry','10 - No control','P.D. only','04 - Sideswipe',downtown,0,cluster1
14775,Weekday,Evening,highway,'01 - Clear','01 - Daylight','01 - Dry','10 - No control','P.D. only','03 - Rear end',downtown,0,cluster1
14776,Weekday,Mid_Night,highway,'01 - Clear','07 - Dark','01 - Dry','10 - No control','P.D. only','03 - Rear end',downtown,0,cluster1
14777,Weekends,Afternoon,highway,'01 - Clear','01 - Daylight','01 - Dry','10 - No control','P.D. only','04 - Sideswipe',downtown,0,cluster1
14778,Weekday,Mid_Night,highway,'01 - Clear','07 - Dark','01 - Dry','10 - No control','P.D. only','07 - SMV other',downtown,0,cluster4
14779,Weekday,Afternoon,highway,'02 - Rain','01 - Daylight','02 - Wet','10 - No control','P.D. only','03 - Rear end',downtown,0,cluster1
14780,Weekday,Night,highway,'01 - Clear','01 - Daylight','01 - Dry','10 - No control','P.D. only','03 - Rear end',mid_town,0,cluster1
14781,Weekday,Night,highway,'01 - Clear','01 - Daylight','01 - Dry','10 - No control','P.D. only','03 - Rear end',downtown,0,cluster1
14782,Weekday,Night,highway,'01 - Clear','01 - Daylight','01 - Dry','10 - No control','P.D. only','99 - Other',mid_town,0,cluster1
14783,Weekday,Evening,highway,'01 - Clear','01 - Daylight','01 - Dry','10 - No control',Injury,'03 - Rear end',Ottawa_west,0,cluster2