Instance_number,DATE,TIME,Road_type,ENVIRONMENT,LIGHT,SURFACE_CONDITION,TRAFFIC_CONTROL,COLLISION_CLASSIFICATION,IMPACT_TYPE,Location,NO_OF_PEDESTRIANS,Cluster
14972,Weekday,Night,highway,'03 - Snow','01 - Daylight','05 - Packed snow','10 - No control','P.D. only','04 - Sideswipe',Ottawa_east,0,cluster0
14973,Weekday,Evening,highway,'01 - Clear','01 - Daylight','01 - Dry','10 - No control',Injury,'03 - Rear end',downtown,0,cluster1
14974,Weekday,Night,highway,'01 - Clear','05 - Dusk','01 - Dry','10 - No control','P.D. only','03 - Rear end',downtown,0,cluster1
14975,Weekday,Night,highway,'01 - Clear','07 - Dark','01 - Dry','10 - No control','P.D. only','03 - Rear end',mid_town,0,cluster1
14976,Weekends,Mid_Night,highway,'03 - Snow','07 - Dark','03 - Loose snow','10 - No control','P.D. only','07 - SMV other',downtown,0,cluster0
14977,Weekends,Evening,highway,'01 - Clear','01 - Daylight','03 - Loose snow','10 - No control','P.D. only','07 - SMV other',mid_town,0,cluster0
14978,Weekends,Afternoon,highway,'03 - Snow','01 - Daylight','03 - Loose snow','10 - No control','P.D. only','07 - SMV other',mid_town,0,cluster0
14979,Weekends,Evening,highway,'03 - Snow','01 - Daylight','03 - Loose snow','10 - No control','P.D. only','07 - SMV other',Ottawa_west,0,cluster0
14980,Weekends,Evening,highway,'03 - Snow','01 - Daylight','04 - Slush','10 - No control','P.D. only','03 - Rear end',downtown,0,cluster3
14981,Weekday,Evening,highway,'01 - Clear','01 - Daylight','01 - Dry','10 - No control','P.D. only','04 - Sideswipe',mid_town,0,cluster2
14982,Weekday,Noon,highway,'03 - Snow','03 - Dawn','03 - Loose snow','10 - No control','P.D. only','07 - SMV other',Ottawa_south,0,cluster0
14983,Weekday,Noon,highway,'03 - Snow','01 - Daylight','05 - Packed snow','10 - No control','P.D. only','07 - SMV other',mid_town,0,cluster0
14984,Weekday,Afternoon,highway,'03 - Snow','01 - Daylight','03 - Loose snow','10 - No control','P.D. only','03 - Rear end',mid_town,0,cluster0
14985,Weekday,Noon,highway,'03 - Snow','03 - Dawn','06 - Ice','10 - No control','P.D. only','07 - SMV other',mid_town,0,cluster0
14986,Weekday,Noon,highway,'03 - Snow','03 - Dawn','05 - Packed snow','10 - No control','P.D. only','03 - Rear end',mid_town,0,cluster0
14987,Weekends,Noon,highway,'03 - Snow','01 - Daylight','06 - Ice','10 - No control','P.D. only','07 - SMV other',downtown,0,cluster0
14988,Weekends,Afternoon,highway,'03 - Snow','01 - Daylight','05 - Packed snow','10 - No control','P.D. only','04 - Sideswipe',mid_town,0,cluster0
14989,Weekends,Afternoon,highway,'03 - Snow','01 - Daylight','05 - Packed snow','10 - No control','P.D. only','07 - SMV other',mid_town,0,cluster0
14990,Weekends,Night,highway,'03 - Snow','07 - Dark','06 - Ice','10 - No control','P.D. only','04 - Sideswipe',downtown,0,cluster1
14991,Weekday,Night,highway,'01 - Clear','07 - Dark','03 - Loose snow','10 - No control','P.D. only','99 - Other',Ottawa_west,0,cluster1
14992,Weekends,Morning,highway,'01 - Clear','07 - Dark','01 - Dry','10 - No control',Injury,'06 - SMV unattended vehicle',Ottawa_south,0,cluster1
14993,Weekday,Night,highway,'01 - Clear','05 - Dusk','01 - Dry','10 - No control','P.D. only','07 - SMV other',Ottawa_west,0,cluster1
14994,Weekday,Night,highway,'01 - Clear','05 - Dusk','01 - Dry','10 - No control','P.D. only','04 - Sideswipe',Ottawa_south,0,cluster1
14995,Weekday,Night,highway,'01 - Clear','05 - Dusk','01 - Dry','10 - No control','P.D. only','03 - Rear end',downtown,0,cluster1
14996,Weekday,Morning,highway,'01 - Clear','07 - Dark','04 - Slush','10 - No control','P.D. only','07 - SMV other',downtown,0,cluster1
14997,Weekday,Evening,highway,'01 - Clear','01 - Daylight','02 - Wet','10 - No control','P.D. only','07 - SMV other',downtown,0,cluster3
14998,Weekday,Afternoon,highway,'01 - Clear','01 - Daylight','02 - Wet','10 - No control','P.D. only','04 - Sideswipe',downtown,0,cluster1
14999,Weekday,Afternoon,highway,'01 - Clear','01 - Daylight','01 - Dry','10 - No control','P.D. only','07 - SMV other',downtown,0,cluster1
15000,Weekday,Night,highway,'01 - Clear','05 - Dusk','02 - Wet','10 - No control','P.D. only','03 - Rear end',Ottawa_west,0,cluster1
15001,Weekday,Night,highway,'01 - Clear','07 - Dark','02 - Wet','10 - No control',Injury,'03 - Rear end',mid_town,0,cluster1
15002,Weekday,Night,highway,'01 - Clear','07 - Dark','01 - Dry','10 - No control','P.D. only','03 - Rear end',downtown,0,cluster1
15003,Weekday,Morning,highway,'01 - Clear','07 - Dark','06 - Ice','10 - No control','P.D. only','07 - SMV other',downtown,0,cluster1
15004,Weekday,Noon,highway,'01 - Clear','07 - Dark','06 - Ice','10 - No control',Injury,'07 - SMV other',downtown,0,cluster1
15005,Weekday,Noon,highway,'05 - Drifting Snow','07 - Dark','06 - Ice','10 - No control','P.D. only','03 - Rear end',downtown,0,cluster1
15006,Weekday,Noon,highway,'03 - Snow','01 - Daylight','06 - Ice','10 - No control','P.D. only','03 - Rear end',Ottawa_west,0,cluster0
15007,Weekday,Evening,highway,'03 - Snow','01 - Daylight','02 - Wet','10 - No control','P.D. only','07 - SMV other',Ottawa_west,0,cluster0
15008,Weekday,Afternoon,highway,'03 - Snow','01 - Daylight','02 - Wet','10 - No control','P.D. only','03 - Rear end',Ottawa_west,0,cluster0
15009,Weekday,Noon,highway,'01 - Clear','01 - Daylight','05 - Packed snow','10 - No control','P.D. only','04 - Sideswipe',downtown,0,cluster1
15010,Weekday,Noon,highway,'01 - Clear','07 - Dark','06 - Ice','10 - No control','P.D. only','03 - Rear end',downtown,0,cluster1
15011,Weekday,Morning,highway,'00 - Unknown','07 - Dark','06 - Ice','10 - No control','P.D. only','07 - SMV other',downtown,0,cluster0
15012,Weekday,Afternoon,highway,'01 - Clear','01 - Daylight','01 - Dry','10 - No control','P.D. only','03 - Rear end',downtown,0,cluster1
15013,Weekday,Noon,highway,'01 - Clear','03 - Dawn','06 - Ice','10 - No control','P.D. only','07 - SMV other',Ottawa_west,0,cluster0
15014,Weekday,Noon,highway,'01 - Clear','07 - Dark','06 - Ice','10 - No control','P.D. only','04 - Sideswipe',downtown,0,cluster1
15015,Weekday,Night,highway,'01 - Clear','01 - Daylight','01 - Dry','10 - No control','P.D. only','03 - Rear end',downtown,0,cluster1
15016,Weekday,Night,highway,'01 - Clear','07 - Dark','06 - Ice','10 - No control','P.D. only','07 - SMV other',Ottawa_west,0,cluster1
15017,Weekday,Mid_Night,highway,'01 - Clear','07 - Dark','06 - Ice','10 - No control','P.D. only','07 - SMV other',Ottawa_west,0,cluster4
15018,Weekday,Noon,highway,'01 - Clear','01 - Daylight','03 - Loose snow','10 - No control','P.D. only','04 - Sideswipe',downtown,0,cluster1
15019,Weekday,Afternoon,highway,'01 - Clear','01 - Daylight','02 - Wet','10 - No control',Injury,'03 - Rear end',downtown,0,cluster1
15020,Weekday,Afternoon,highway,'01 - Clear','01 - Daylight','01 - Dry','10 - No control','P.D. only','07 - SMV other',Ottawa_south,0,cluster1
15021,Weekday,Mid_Night,highway,'03 - Snow','07 - Dark','02 - Wet','10 - No control','P.D. only','07 - SMV other',Ottawa_south,0,cluster0
15022,Weekends,Afternoon,highway,'03 - Snow','01 - Daylight','06 - Ice','10 - No control','P.D. only','07 - SMV other',Ottawa_west,0,cluster0
15023,Weekday,Noon,highway,'01 - Clear','01 - Daylight','02 - Wet','10 - No control','P.D. only','03 - Rear end',Ottawa_west,0,cluster1
15024,Weekday,Evening,highway,'01 - Clear','01 - Daylight','02 - Wet','10 - No control','P.D. only','07 - SMV other',Ottawa_west,0,cluster0
15025,Weekday,Early_Morning,highway,'03 - Snow','07 - Dark','03 - Loose snow','10 - No control','P.D. only','04 - Sideswipe',downtown,0,cluster0
15026,Weekday,Night,highway,'01 - Clear','07 - Dark','01 - Dry','10 - No control','P.D. only','04 - Sideswipe',downtown,0,cluster1
15027,Weekday,Mid_Night,highway,'01 - Clear','07 - Dark','01 - Dry','10 - No control','P.D. only','07 - SMV other',Ottawa_east,0,cluster4
15028,Weekday,Evening,highway,'03 - Snow','01 - Daylight','04 - Slush','10 - No control','P.D. only','07 - SMV other',Ottawa_west,0,cluster0
15029,Weekday,Noon,highway,'03 - Snow','03 - Dawn','03 - Loose snow','10 - No control','P.D. only','07 - SMV other',Ottawa_east,0,cluster0
15030,Weekday,Afternoon,highway,'03 - Snow','01 - Daylight','04 - Slush','10 - No control','P.D. only','04 - Sideswipe',Ottawa_east,0,cluster0
15031,Weekends,Noon,highway,'04 - Freezing Rain','07 - Dark','04 - Slush','10 - No control','P.D. only','04 - Sideswipe',mid_town,0,cluster0
15032,Weekends,Night,highway,'01 - Clear','07 - Dark','04 - Slush','10 - No control','P.D. only','07 - SMV other',Ottawa_east,0,cluster1
15033,Weekends,Noon,highway,'03 - Snow','03 - Dawn','03 - Loose snow','10 - No control','P.D. only','07 - SMV other',mid_town,0,cluster0
15034,Weekends,Mid_Night,highway,'03 - Snow','07 - Dark','03 - Loose snow','10 - No control','P.D. only','07 - SMV other',Ottawa_west,0,cluster0
15035,Weekends,Night,highway,'01 - Clear','05 - Dusk','03 - Loose snow','10 - No control','P.D. only','07 - SMV other',mid_town,0,cluster0
15036,Weekday,Noon,highway,'03 - Snow','07 - Dark','03 - Loose snow','10 - No control','P.D. only','07 - SMV other',downtown,0,cluster0
15037,Weekday,Afternoon,highway,'03 - Snow','01 - Daylight','03 - Loose snow','10 - No control','P.D. only','07 - SMV other',Ottawa_east,0,cluster0
15038,Weekday,Night,highway,'03 - Snow','01 - Daylight','03 - Loose snow','10 - No control','P.D. only','04 - Sideswipe',Ottawa_east,0,cluster0
15039,Weekends,Noon,highway,'01 - Clear','01 - Daylight','03 - Loose snow','10 - No control','P.D. only','04 - Sideswipe',downtown,0,cluster3
15040,Weekends,Night,highway,'03 - Snow','01 - Daylight','03 - Loose snow','10 - No control','P.D. only','07 - SMV other',Ottawa_east,0,cluster0
15041,Weekends,Afternoon,highway,'01 - Clear','01 - Daylight','02 - Wet','10 - No control','P.D. only','07 - SMV other',Ottawa_west,0,cluster3
15042,Weekends,Afternoon,highway,'01 - Clear','01 - Daylight','03 - Loose snow','10 - No control','P.D. only','07 - SMV other',mid_town,0,cluster0
15043,Weekends,Mid_Night,highway,'04 - Freezing Rain','07 - Dark','04 - Slush','10 - No control','P.D. only','07 - SMV other',downtown,0,cluster3
15044,Weekends,Mid_Night,highway,'04 - Freezing Rain','07 - Dark','04 - Slush','10 - No control','P.D. only','07 - SMV other',mid_town,0,cluster0
15045,Weekends,Mid_Night,highway,'04 - Freezing Rain','07 - Dark','04 - Slush','10 - No control','P.D. only','04 - Sideswipe',Ottawa_west,0,cluster3
15046,Weekends,Night,highway,'03 - Snow','05 - Dusk','03 - Loose snow','10 - No control','P.D. only','03 - Rear end',mid_town,0,cluster0
15047,Weekday,Noon,highway,'03 - Snow','07 - Dark','03 - Loose snow','10 - No control','P.D. only','04 - Sideswipe',downtown,0,cluster0
15048,Weekends,Evening,highway,'01 - Clear','01 - Daylight','03 - Loose snow','10 - No control','P.D. only','03 - Rear end',downtown,0,cluster3
15049,Weekday,Noon,highway,'01 - Clear','07 - Dark','05 - Packed snow','10 - No control','P.D. only','04 - Sideswipe',downtown,0,cluster1
15050,Weekends,Mid_Night,highway,'01 - Clear','07 - Dark','06 - Ice','10 - No control','P.D. only','99 - Other',mid_town,0,cluster2
15051,Weekends,Night,highway,'03 - Snow','07 - Dark','03 - Loose snow','10 - No control','P.D. only','03 - Rear end',Ottawa_west,0,cluster0
15052,Weekends,Mid_Night,highway,'03 - Snow','07 - Dark','03 - Loose snow','10 - No control',Injury,'07 - SMV other',downtown,0,cluster0
15053,Weekends,Afternoon,highway,'01 - Clear','01 - Daylight','01 - Dry','10 - No control','P.D. only','04 - Sideswipe',Ottawa_west,0,cluster1
15054,Weekday,Noon,highway,'01 - Clear','07 - Dark','02 - Wet','10 - No control',Injury,'99 - Other',mid_town,0,cluster2
15055,Weekday,Noon,highway,'01 - Clear','07 - Dark','06 - Ice','10 - No control','P.D. only','04 - Sideswipe',mid_town,0,cluster2
15056,Weekday,Noon,highway,'01 - Clear','01 - Daylight','06 - Ice','10 - No control',Injury,'07 - SMV other',Ottawa_west,0,cluster0
15057,Weekday,Noon,highway,'01 - Clear','07 - Dark','06 - Ice','10 - No control','P.D. only','07 - SMV other',mid_town,0,cluster0
15058,Weekday,Noon,highway,'02 - Rain','07 - Dark','06 - Ice','10 - No control','P.D. only','03 - Rear end',downtown,0,cluster1
15059,Weekday,Afternoon,highway,'01 - Clear','01 - Daylight','06 - Ice','10 - No control','P.D. only','07 - SMV other',mid_town,0,cluster0
15060,Weekday,Noon,highway,'01 - Clear','07 - Dark','06 - Ice','10 - No control','P.D. only','04 - Sideswipe',downtown,0,cluster1
15061,Weekday,Afternoon,highway,'01 - Clear','01 - Daylight','02 - Wet','10 - No control','P.D. only','07 - SMV other',mid_town,0,cluster0
15062,Weekday,Afternoon,highway,'01 - Clear','01 - Daylight','02 - Wet','10 - No control','P.D. only','07 - SMV other',Ottawa_south,0,cluster5
15063,Weekday,Afternoon,highway,'01 - Clear','01 - Daylight','06 - Ice','10 - No control','P.D. only','04 - Sideswipe',Ottawa_west,0,cluster1
15064,Weekday,Afternoon,highway,'01 - Clear','01 - Daylight','02 - Wet','10 - No control','P.D. only','03 - Rear end',Ottawa_west,0,cluster1
15065,Weekday,Noon,highway,'03 - Snow','03 - Dawn','03 - Loose snow','10 - No control','P.D. only','03 - Rear end',Ottawa_east,0,cluster0
15066,Weekday,Evening,highway,'03 - Snow','01 - Daylight','03 - Loose snow','10 - No control','P.D. only','07 - SMV other',downtown,0,cluster0
15067,Weekday,Noon,highway,'01 - Clear','01 - Daylight','06 - Ice','10 - No control','P.D. only','07 - SMV other',mid_town,0,cluster0
15068,Weekday,Afternoon,highway,'04 - Freezing Rain','01 - Daylight','06 - Ice','10 - No control','P.D. only','07 - SMV other',Ottawa_west,0,cluster0
15069,Weekday,Evening,highway,'01 - Clear','01 - Daylight','06 - Ice','10 - No control','P.D. only','07 - SMV other',mid_town,0,cluster0
15070,Weekday,Noon,highway,'01 - Clear','07 - Dark','06 - Ice','10 - No control','P.D. only','03 - Rear end',downtown,0,cluster1
15071,Weekday,Evening,highway,'01 - Clear','01 - Daylight','01 - Dry','10 - No control','P.D. only','03 - Rear end',mid_town,0,cluster2
15072,Weekday,Night,highway,'01 - Clear','07 - Dark','05 - Packed snow','10 - No control','P.D. only','03 - Rear end',downtown,0,cluster1
15073,Weekends,Evening,highway,'03 - Snow','01 - Daylight','04 - Slush','10 - No control','P.D. only','04 - Sideswipe',mid_town,0,cluster0
15074,Weekday,Night,highway,'01 - Clear','07 - Dark','04 - Slush','10 - No control','P.D. only','07 - SMV other',downtown,0,cluster1
15075,Weekday,Evening,highway,'01 - Clear','01 - Daylight','02 - Wet','10 - No control','P.D. only','99 - Other',mid_town,0,cluster2
15076,Weekday,Evening,highway,'01 - Clear','01 - Daylight','01 - Dry','10 - No control','P.D. only','03 - Rear end',downtown,0,cluster1
15077,Weekday,Evening,highway,'01 - Clear','01 - Daylight','01 - Dry','10 - No control','P.D. only','04 - Sideswipe',downtown,0,cluster1
15078,Weekday,Night,highway,'01 - Clear','07 - Dark','01 - Dry','10 - No control','P.D. only','07 - SMV other',Ottawa_south,0,cluster1
15079,Weekday,Evening,highway,'01 - Clear','01 - Daylight','03 - Loose snow','10 - No control','P.D. only','04 - Sideswipe',downtown,0,cluster0
15080,Weekday,Noon,highway,'03 - Snow','01 - Daylight','03 - Loose snow','10 - No control','P.D. only','07 - SMV other',mid_town,0,cluster0
15081,Weekday,Evening,highway,'03 - Snow','01 - Daylight','04 - Slush','10 - No control','P.D. only','07 - SMV other',Ottawa_east,0,cluster0
15082,Weekday,Night,highway,'03 - Snow','07 - Dark','04 - Slush','10 - No control',Injury,'04 - Sideswipe',mid_town,0,cluster0
15083,Weekday,Mid_Night,highway,'01 - Clear','07 - Dark','02 - Wet','10 - No control','P.D. only','07 - SMV other',mid_town,0,cluster0
15084,Weekday,Mid_Night,highway,'01 - Clear','07 - Dark','02 - Wet','10 - No control','P.D. only','07 - SMV other',Ottawa_south,0,cluster4
15085,Weekday,Evening,highway,'03 - Snow','01 - Daylight','01 - Dry','10 - No control','P.D. only','03 - Rear end',downtown,0,cluster1
15086,Weekday,Night,highway,'03 - Snow','07 - Dark','03 - Loose snow','10 - No control','P.D. only','07 - SMV other',mid_town,0,cluster0
15087,Weekday,Night,highway,'03 - Snow','07 - Dark','03 - Loose snow','10 - No control','P.D. only','04 - Sideswipe',mid_town,0,cluster0
15088,Weekday,Night,highway,'01 - Clear','07 - Dark','01 - Dry','10 - No control','P.D. only','04 - Sideswipe',Ottawa_west,0,cluster1
15089,Weekends,Noon,highway,'01 - Clear','07 - Dark','02 - Wet','10 - No control','P.D. only','07 - SMV other',downtown,0,cluster3
15090,Weekends,Night,highway,'01 - Clear','07 - Dark','02 - Wet','10 - No control','P.D. only','04 - Sideswipe',mid_town,0,cluster3
15091,Weekday,Mid_Night,highway,'01 - Clear','07 - Dark','02 - Wet','10 - No control','P.D. only','07 - SMV other',Ottawa_west,0,cluster4
15092,Weekends,Noon,highway,'01 - Clear','07 - Dark','02 - Wet','10 - No control','P.D. only','07 - SMV other',Ottawa_south,0,cluster3
15093,Weekday,Evening,highway,'01 - Clear','01 - Daylight','02 - Wet','10 - No control','P.D. only','99 - Other',Ottawa_west,0,cluster2
15094,Weekends,Mid_Night,highway,'01 - Clear','07 - Dark','01 - Dry','10 - No control','P.D. only','04 - Sideswipe',mid_town,0,cluster2
15095,Weekday,Afternoon,highway,'01 - Clear','01 - Daylight','01 - Dry','10 - No control','P.D. only','04 - Sideswipe',mid_town,0,cluster2
15096,Weekends,Evening,highway,'01 - Clear','01 - Daylight','04 - Slush','10 - No control','P.D. only','07 - SMV other',Ottawa_west,0,cluster3
15097,Weekends,Evening,highway,'04 - Freezing Rain','01 - Daylight','05 - Packed snow','10 - No control','P.D. only','04 - Sideswipe',Ottawa_west,0,cluster3
15098,Weekday,Night,highway,'01 - Clear','07 - Dark','01 - Dry','10 - No control',Injury,'03 - Rear end',downtown,0,cluster1
15099,Weekday,Night,highway,'01 - Clear','07 - Dark','01 - Dry','10 - No control','P.D. only','03 - Rear end',downtown,0,cluster1
15100,Weekday,Mid_Night,highway,'01 - Clear','07 - Dark','01 - Dry','10 - No control','P.D. only','07 - SMV other',mid_town,0,cluster2
15101,Weekday,Noon,highway,'03 - Snow','07 - Dark','06 - Ice','10 - No control','P.D. only','07 - SMV other',downtown,0,cluster0
15102,Weekday,Noon,highway,'03 - Snow','07 - Dark','06 - Ice','10 - No control','P.D. only','07 - SMV other',downtown,0,cluster0
15103,Weekends,Evening,highway,'03 - Snow','01 - Daylight','05 - Packed snow','10 - No control','P.D. only','04 - Sideswipe',Ottawa_west,0,cluster0
15104,Weekends,Afternoon,highway,'04 - Freezing Rain','01 - Daylight','05 - Packed snow','10 - No control','P.D. only','04 - Sideswipe',Ottawa_west,0,cluster3
15105,Weekends,Night,highway,'04 - Freezing Rain','01 - Daylight','06 - Ice','10 - No control','P.D. only','07 - SMV other',mid_town,0,cluster0
15106,Weekday,Night,highway,'04 - Freezing Rain','07 - Dark','06 - Ice','10 - No control','P.D. only','07 - SMV other',downtown,0,cluster1
15107,Weekday,Night,highway,'04 - Freezing Rain','07 - Dark','06 - Ice','10 - No control','P.D. only','04 - Sideswipe',downtown,0,cluster1
15108,Weekday,Evening,highway,'01 - Clear','01 - Daylight','06 - Ice','10 - No control','P.D. only','03 - Rear end',mid_town,0,cluster2
15109,Weekday,Noon,highway,'01 - Clear','01 - Daylight','01 - Dry','10 - No control','P.D. only','03 - Rear end',downtown,0,cluster1
15110,Weekday,Evening,highway,'03 - Snow','01 - Daylight','04 - Slush','10 - No control','P.D. only','07 - SMV other',Ottawa_west,0,cluster0
15111,Weekday,Evening,highway,'03 - Snow','01 - Daylight','03 - Loose snow','10 - No control','P.D. only','07 - SMV other',mid_town,0,cluster0
15112,Weekday,Evening,highway,'01 - Clear','01 - Daylight','06 - Ice','10 - No control','P.D. only','04 - Sideswipe',downtown,0,cluster1
15113,Weekday,Evening,highway,'05 - Drifting Snow','01 - Daylight','03 - Loose snow','10 - No control','P.D. only','07 - SMV other',mid_town,0,cluster0
15114,Weekday,Evening,highway,'05 - Drifting Snow','01 - Daylight','08 - Loose sand or gravel','10 - No control','P.D. only','99 - Other',downtown,0,cluster0
15115,Weekday,Night,highway,'01 - Clear','05 - Dusk','06 - Ice','10 - No control','P.D. only','07 - SMV other',Ottawa_south,0,cluster1
15116,Weekday,Night,highway,'05 - Drifting Snow','07 - Dark','06 - Ice','10 - No control','P.D. only','07 - SMV other',Ottawa_west,0,cluster0
15117,Weekday,Evening,highway,'01 - Clear','01 - Daylight','06 - Ice','10 - No control','P.D. only','04 - Sideswipe',mid_town,0,cluster2
15118,Weekday,Night,highway,'01 - Clear','07 - Dark','06 - Ice','10 - No control','P.D. only','07 - SMV other',mid_town,0,cluster0
15119,Weekday,Evening,highway,'01 - Clear','01 - Daylight','06 - Ice','10 - No control','P.D. only','07 - SMV other',downtown,0,cluster0
15120,Weekday,Evening,highway,'03 - Snow','01 - Daylight','06 - Ice','10 - No control','P.D. only','07 - SMV other',Ottawa_west,0,cluster0
15121,Weekday,Night,highway,'01 - Clear','05 - Dusk','06 - Ice','10 - No control','P.D. only','04 - Sideswipe',Ottawa_west,0,cluster1
15122,Weekday,Evening,highway,'03 - Snow','01 - Daylight','06 - Ice','10 - No control',Injury,'04 - Sideswipe',Ottawa_west,0,cluster0
15123,Weekday,Evening,highway,'03 - Snow','01 - Daylight','03 - Loose snow','10 - No control','P.D. only','07 - SMV other',downtown,0,cluster0
15124,Weekday,Night,highway,'01 - Clear','05 - Dusk','03 - Loose snow','10 - No control','P.D. only','07 - SMV other',mid_town,0,cluster0
15125,Weekday,Night,highway,'03 - Snow','07 - Dark','03 - Loose snow','10 - No control','P.D. only','03 - Rear end',Ottawa_west,0,cluster0
15126,Weekday,Night,highway,'02 - Rain','07 - Dark','06 - Ice','10 - No control','P.D. only','04 - Sideswipe',downtown,0,cluster1
15127,Weekday,Noon,highway,'01 - Clear','03 - Dawn','06 - Ice','10 - No control','P.D. only','03 - Rear end',mid_town,0,cluster2
15128,Weekday,Evening,highway,'03 - Snow','01 - Daylight','03 - Loose snow','10 - No control','P.D. only','04 - Sideswipe',mid_town,0,cluster0
15129,Weekday,Night,highway,'03 - Snow','07 - Dark','03 - Loose snow','10 - No control','P.D. only','03 - Rear end',downtown,0,cluster1
15130,Weekday,Night,highway,'04 - Freezing Rain','07 - Dark','03 - Loose snow','10 - No control','P.D. only','03 - Rear end',downtown,0,cluster1
15131,Weekday,Night,highway,'01 - Clear','07 - Dark','01 - Dry','10 - No control','P.D. only','03 - Rear end',downtown,0,cluster1
15132,Weekday,Night,highway,'03 - Snow','07 - Dark','03 - Loose snow','10 - No control','P.D. only','07 - SMV other',mid_town,0,cluster0
15133,Weekday,Mid_Night,highway,'01 - Clear','07 - Dark','06 - Ice','10 - No control','P.D. only','07 - SMV other',Ottawa_south,0,cluster4
15134,Weekends,Morning,highway,'01 - Clear','07 - Dark','02 - Wet','10 - No control','P.D. only','07 - SMV other',Ottawa_south,0,cluster3
15135,Weekday,Evening,highway,'01 - Clear','01 - Daylight','01 - Dry','10 - No control','P.D. only','03 - Rear end',downtown,0,cluster1
15136,Weekends,Night,highway,'01 - Clear','07 - Dark','01 - Dry','10 - No control','P.D. only','03 - Rear end',downtown,0,cluster1
15137,Weekday,Evening,highway,'03 - Snow','01 - Daylight','03 - Loose snow','10 - No control','P.D. only','03 - Rear end',Ottawa_west,0,cluster0
15138,Weekday,Night,highway,'03 - Snow','07 - Dark','06 - Ice','10 - No control','P.D. only','07 - SMV other',mid_town,0,cluster0
15139,Weekday,Night,highway,'00 - Unknown','07 - Dark','06 - Ice','10 - No control','P.D. only','07 - SMV other',Ottawa_west,0,cluster0
15140,Weekday,Mid_Night,highway,'01 - Clear','07 - Dark','01 - Dry','10 - No control','P.D. only','07 - SMV other',mid_town,0,cluster2
15141,Weekday,Night,highway,'01 - Clear','07 - Dark','01 - Dry','10 - No control','P.D. only','04 - Sideswipe',downtown,0,cluster1
15142,Weekday,Evening,highway,'01 - Clear','01 - Daylight','03 - Loose snow','10 - No control','P.D. only','04 - Sideswipe',mid_town,0,cluster0
15143,Weekends,Mid_Night,highway,'03 - Snow','07 - Dark','06 - Ice','10 - No control',Injury,'07 - SMV other',mid_town,0,cluster0
15144,Weekday,Night,highway,'01 - Clear','05 - Dusk','02 - Wet','10 - No control','P.D. only','03 - Rear end',downtown,0,cluster1
15145,Weekday,Noon,highway,'01 - Clear','07 - Dark','06 - Ice','10 - No control','P.D. only','03 - Rear end',downtown,0,cluster1
15146,Weekday,Night,highway,'03 - Snow','01 - Daylight','06 - Ice','10 - No control','P.D. only','03 - Rear end',downtown,0,cluster1
15147,Weekday,Night,highway,'01 - Clear','07 - Dark','02 - Wet','10 - No control','P.D. only','04 - Sideswipe',mid_town,0,cluster1
15148,Weekday,Noon,highway,'01 - Clear','01 - Daylight','06 - Ice','10 - No control','P.D. only','03 - Rear end',Ottawa_west,0,cluster1
15149,Weekday,Mid_Night,highway,'00 - Unknown','07 - Dark','01 - Dry','10 - No control','P.D. only','07 - SMV other',downtown,0,cluster4
15150,Weekday,Noon,highway,'01 - Clear','01 - Daylight','02 - Wet','10 - No control','P.D. only','07 - SMV other',downtown,0,cluster5
15151,Weekends,Night,highway,'01 - Clear','07 - Dark','04 - Slush','10 - No control','P.D. only','07 - SMV other',Ottawa_west,0,cluster1
15152,Weekday,Night,highway,'01 - Clear','01 - Daylight','04 - Slush','10 - No control',Injury,'04 - Sideswipe',mid_town,0,cluster1
15153,Weekends,Afternoon,highway,'03 - Snow','01 - Daylight','03 - Loose snow','10 - No control','P.D. only','07 - SMV other',mid_town,0,cluster0
15154,Weekday,Noon,highway,'01 - Clear','01 - Daylight','01 - Dry','10 - No control','P.D. only','03 - Rear end',mid_town,0,cluster2
15155,Weekends,Night,highway,'01 - Clear','07 - Dark','02 - Wet','10 - No control','P.D. only','03 - Rear end',downtown,0,cluster3